file,year,source,kind,rows,kept,sum_BGN,sum_CHF,sum_CZK,sum_EUR,sum_EUR total,sum_GBP,sum_SEK,sum_USD
egov/2016-rop-annexes.csv.gz,2016,rop,annexes,216,216,,,,,,,,
egov/2017-rop-annexes.csv.gz,2017,rop,annexes,374,374,,,,,,,,
egov/2018-rop-annexes.csv.gz,2018,rop,annexes,586,586,,,,,,,,
egov/2019-rop-annexes.csv.gz,2019,rop,annexes,1081,1081,,,,,,,,
egov/2020-eop-annexes.csv.gz,2020,eop,annexes,79,79,,,,,,,,
egov/2020-rop-annexes.csv.gz,2020,rop,annexes,2529,2529,,,,,,,,
egov/2021-eop-annexes.csv.gz,2021,eop,annexes,1336,1336,,,,,,,,
egov/2021-rop-annexes.csv.gz,2021,rop,annexes,2216,2216,,,,,,,,
egov/2022-eop-annexes.csv.gz,2022,eop,annexes,3594,3594,,,,,,,,
egov/2022-rop-annexes.csv.gz,2022,rop,annexes,1504,1504,,,,,,,,
egov/2023-eop-annexes.csv.gz,2023,eop,annexes,5026,5026,,,,,,,,
egov/2023-rop-annexes.csv.gz,2023,rop,annexes,1306,1306,,,,,,,,
egov/2024-rop-annexes.csv.gz,2024,rop,annexes,394,394,,,,,,,,
egov/2025-rop-annexes.csv.gz,2025,rop,annexes,231,231,,,,,,,,
egov/2016-rop-contracts.csv.gz,2016,rop,contracts,21505,21505,6720892630.11,1932099.17,,110913391.11,3557702113.56,25667.15,,9646731.00
egov/2017-rop-contracts.csv.gz,2017,rop,contracts,21882,21882,7243735243.25,711073.45,,97101140.63,3801907018.65,205249.00,,294186.76
egov/2018-rop-contracts.csv.gz,2018,rop,contracts,22486,22486,8489790223.84,9005321.86,,241908758.47,4591950592.68,6840.00,,1830847.03
egov/2019-rop-contracts.csv.gz,2019,rop,contracts,23093,23093,14383501252.71,3286891.07,,476341261.10,7835499621.33,1502950.00,,600191.00
egov/2020-eop-contracts.csv.gz,2020,eop,contracts,4662,4662,1149722870.49,,,990148.47,588834117.78,,,
egov/2020-rop-contracts.csv.gz,2020,rop,contracts,20094,20094,11931262530.01,,,30724965.47,6131459445.67,,,410805.00
egov/2021-eop-contracts.csv.gz,2021,eop,contracts,25092,25092,7249529081.46,3332828.17,64585.00,54964654.86,3766384767.01,,,2003981.56
egov/2021-rop-contracts.csv.gz,2021,rop,contracts,6475,6475,4063994108.06,,,8282914.04,2086170106.72,,,
egov/2022-eop-contracts.csv.gz,2022,eop,contracts,30338,30338,20214484375.11,87000.00,,15614371.67,10359911903.98,,,9576315.84
egov/2022-rop-contracts.csv.gz,2022,rop,contracts,1082,1082,1012224299.16,,,1348087.01,518890153.12,,,
egov/2023-eop-contracts.csv.gz,2023,eop,contracts,35343,35343,15931981524.83,,,26334864.17,8172422054.07,,,210280.22
egov/2023-rop-contracts.csv.gz,2023,rop,contracts,474,474,1568035155.22,,,1413794.02,803137438.31,,,
egov/2024-rop-contracts.csv.gz,2024,rop,contracts,136,136,73586162.34,,,,37624007.37,,,
egov/2025-rop-contracts.csv.gz,2025,rop,contracts,50,50,45780712.05,,,,23407306.39,,,
eop/annexes/2024-*.json.gz,2024,json,annexes,5502,5502,,,,,,,,
eop/annexes/2025-*.json.gz,2025,json,annexes,6479,6479,,,,,,,,
eop/annexes/2026-*.json.gz,2026,json,annexes,6007,6007,,,,,,,,
eop/contracts/2024-*.json.gz,2024,json,contracts,48571,36186,21518034066.80,,,22182887.58,11025115995.16,,,1007361.15
eop/contracts/2025-*.json.gz,2025,json,contracts,53304,40081,23218517401.90,,,45721895.82,11917431094.03,,1195000.00,178044.32
ocds/2026-01-01_2026-01-14.json.gz,2026,ocds,releases,1880,1880,,,,,,,,
ocds/2026-01-15_2026-01-28.json.gz,2026,ocds,releases,2548,2548,,,,,,,,
ocds/2026-01-29_2026-02-11.json.gz,2026,ocds,releases,2659,2659,,,,,,,,
ocds/2026-02-12_2026-02-25.json.gz,2026,ocds,releases,2499,2499,,,,,,,,
ocds/2026-02-26_2026-03-11.json.gz,2026,ocds,releases,2319,2319,,,,,,,,
ocds/2026-03-12_2026-03-25.json.gz,2026,ocds,releases,2407,2407,,,,,,,,
ocds/2026-03-26_2026-04-08.json.gz,2026,ocds,releases,2471,2471,,,,,,,,
ocds/2026-04-09_2026-04-22.json.gz,2026,ocds,releases,2060,2060,,,,,,,,
ocds/2026-04-23_2026-05-06.json.gz,2026,ocds,releases,2343,2343,,,,,,,,
ocds/2026-05-07_2026-05-20.json.gz,2026,ocds,releases,2497,2497,,,,,,,,
ocds/2026-05-21_2026-06-03.json.gz,2026,ocds,releases,2297,2297,,,,,,,,
ocds/2026-06-04.json.gz,2026,ocds,releases,495,495,,,,,,,,
ocds/2026-06-05.json.gz,2026,ocds,releases,265,265,,,,,,,,
ocds/2026-06-06.json.gz,2026,ocds,releases,3,3,,,,,,,,
ocds/2026-06-07.json.gz,2026,ocds,releases,4,4,,,,,,,,
ocds/2026-06-08.json.gz,2026,ocds,releases,203,203,,,,,,,,
ocds/2026-06-09.json.gz,2026,ocds,releases,219,219,,,,,,,,
ocds/2026-06-10.json.gz,2026,ocds,releases,227,227,,,,,,,,
ocds/2026-06-11.json.gz,2026,ocds,releases,235,235,,,,,,,,
ocds/2026-06-12.json.gz,2026,ocds,releases,239,239,,,,,,,,
ocds/2026-06-13.json.gz,2026,ocds,releases,1,1,,,,,,,,
ocds/2026-06-14.json.gz,2026,ocds,releases,3,3,,,,,,,,
ocds/2026-06-15.json.gz,2026,ocds,releases,271,271,,,,,,,,
ocds/2026-06-16.json.gz,2026,ocds,releases,267,267,,,,,,,,
ocds/2026-06-17.json.gz,2026,ocds,releases,222,222,,,,,,,,
ocds/2026-06-18.json.gz,2026,ocds,releases,220,220,,,,,,,,
ocds/2026-06-19.json.gz,2026,ocds,releases,224,224,,,,,,,,
ocds/2026-06-20.json.gz,2026,ocds,releases,6,6,,,,,,,,
ocds/2026-06-21.json.gz,2026,ocds,releases,6,6,,,,,,,,
ocds/2026-06-22.json.gz,2026,ocds,releases,245,245,,,,,,,,
ocds/2026-06-23.json.gz,2026,ocds,releases,120,120,,,,,,,,
ocds/2026-06-24.json.gz,2026,ocds,releases,254,254,,,,,,,,
ocds/2026-06-25.json.gz,2026,ocds,releases,412,412,,,,,,,,
ocds/2026-06-26.json.gz,2026,ocds,releases,213,213,,,,,,,,
ocds/2026-06-27.json.gz,2026,ocds,releases,3,3,,,,,,,,
ocds/2026-06-28.json.gz,2026,ocds,releases,3,3,,,,,,,,
ocds/2026-06-29.json.gz,2026,ocds,releases,241,241,,,,,,,,
ocds/2026-06-30.json.gz,2026,ocds,releases,228,228,,,,,,,,
ocds/2026-07-01.json.gz,2026,ocds,releases,222,222,,,,,,,,
ocds/2026-07-02.json.gz,2026,ocds,releases,234,234,,,,,,,,
ocds/2026-07-03.json.gz,2026,ocds,releases,229,229,,,,,,,,
ocds/2026-07-04.json.gz,2026,ocds,releases,1,1,,,,,,,,
ocds/2026-07-05.json.gz,2026,ocds,releases,2,2,,,,,,,,
ocds/2026-07-06.json.gz,2026,ocds,releases,224,224,,,,,,,,
ocds/2026-07-07.json.gz,2026,ocds,releases,248,248,,,,,,,,
ocds/2026-07-08.json.gz,2026,ocds,releases,201,201,,,,,,,,
ocds/2026-07-09.json.gz,2026,ocds,releases,207,207,,,,,,,,
ocds/2026-07-10.json.gz,2026,ocds,releases,229,229,,,,,,,,
ocds/2026-07-11.json.gz,2026,ocds,releases,1,1,,,,,,,,
ocds/2026-07-12.json.gz,2026,ocds,releases,2,2,,,,,,,,
ocds/2026-07-13.json.gz,2026,ocds,releases,188,188,,,,,,,,
ocds/2026-07-14.json.gz,2026,ocds,releases,230,230,,,,,,,,
ocds/2026-07-15.json.gz,2026,ocds,releases,245,245,,,,,,,,
ocds/2026-07-16.json.gz,2026,ocds,releases,242,242,,,,,,,,
ocds/2026-07-17.json.gz,2026,ocds,releases,223,223,,,,,,,,
ocds/2026-07-18.json.gz,2026,ocds,releases,1,1,,,,,,,,
ocds/2026-07-19.json.gz,2026,ocds,releases,2,2,,,,,,,,
ocds/2026-07-20.json.gz,2026,ocds,releases,228,228,,,,,,,,
ocds/2026-07-21.json.gz,2026,ocds,releases,233,233,,,,,,,,
ocds/2026-07-22.json.gz,2026,ocds,releases,220,220,,,,,,,,
ocds/2026-07-23.json.gz,2026,ocds,releases,217,217,,,,,,,,
ocds/2026-07-24.json.gz,2026,ocds,releases,249,249,,,,,,,,
ocds/2026-07-25.json.gz,2026,ocds,releases,2,2,,,,,,,,
ocds/2026-07-26.json.gz,2026,ocds,releases,1,1,,,,,,,,
ocds/2026-07-27.json.gz,2026,ocds,releases,242,242,,,,,,,,
ocds/2026-07-28.json.gz,2026,ocds,releases,242,242,,,,,,,,
ocds/2026-07-29.json.gz,2026,ocds,releases,227,227,,,,,,,,
ocds/2026-07-30.json.gz,2026,ocds,releases,215,215,,,,,,,,
ocds/2026-07-31.json.gz,2026,ocds,releases,228,228,,,,,,,,
ocds/2026-08-02.json.gz,2026,ocds,releases,3,3,,,,,,,,
ocds/2026-08-03.json.gz,2026,ocds,releases,208,208,,,,,,,,
ocds/2026-08-04.json.gz,2026,ocds,releases,219,219,,,,,,,,
ocds/2026-08-05.json.gz,2026,ocds,releases,212,212,,,,,,,,
ocds/2026-08-06.json.gz,2026,ocds,releases,229,229,,,,,,,,
ocds/2026-08-07.json.gz,2026,ocds,releases,176,176,,,,,,,,
ocds/2026-08-08.json.gz,2026,ocds,releases,3,3,,,,,,,,
ocds/2026-08-09.json.gz,2026,ocds,releases,1,1,,,,,,,,
ocds/2026-08-10.json.gz,2026,ocds,releases,190,190,,,,,,,,
ocds/2026-08-11.json.gz,2026,ocds,releases,196,196,,,,,,,,
ocds/2026-08-12.json.gz,2026,ocds,releases,214,214,,,,,,,,
ocds/2026-08-13.json.gz,2026,ocds,releases,206,206,,,,,,,,
ocds/2026-08-14.json.gz,2026,ocds,releases,199,199,,,,,,,,
ocds/2026-08-15.json.gz,2026,ocds,releases,2,2,,,,,,,,
ocds/2026-08-17.json.gz,2026,ocds,releases,186,186,,,,,,,,
ocds/2026-08-18.json.gz,2026,ocds,releases,251,251,,,,,,,,
ocds/2026-08-19.json.gz,2026,ocds,releases,252,252,,,,,,,,
ocds/2026-08-20.json.gz,2026,ocds,releases,200,200,,,,,,,,
ocds/2026-08-21.json.gz,2026,ocds,releases,217,217,,,,,,,,
ocds/2026-08-22.json.gz,2026,ocds,releases,2,2,,,,,,,,
ocds/2026-08-23.json.gz,2026,ocds,releases,1,1,,,,,,,,
ocds/2026-08-24.json.gz,2026,ocds,releases,212,212,,,,,,,,
ocds/2026-08-25.json.gz,2026,ocds,releases,227,227,,,,,,,,
ocds/2026-08-26.json.gz,2026,ocds,releases,210,210,,,,,,,,
ocds/2026-08-27.json.gz,2026,ocds,releases,197,197,,,,,,,,
ocds/2026-08-28.json.gz,2026,ocds,releases,211,211,,,,,,,,
ocds/2026-08-29.json.gz,2026,ocds,releases,4,4,,,,,,,,
ocds/2026-08-30.json.gz,2026,ocds,releases,5,5,,,,,,,,
ocds/2026-08-31.json.gz,2026,ocds,releases,204,204,,,,,,,,
ocds/2026-09-01.json.gz,2026,ocds,releases,213,213,,,,,,,,
ocds/2026-09-02.json.gz,2026,ocds,releases,226,226,,,,,,,,
ocds/2026-09-03.json.gz,2026,ocds,releases,252,252,,,,,,,,
ocds/2026-09-04.json.gz,2026,ocds,releases,227,227,,,,,,,,
ocds/2026-09-06.json.gz,2026,ocds,releases,1,1,,,,,,,,
ocds/2026-09-07.json.gz,2026,ocds,releases,125,125,,,,,,,,
ocds/2026-09-08.json.gz,2026,ocds,releases,139,139,,,,,,,,
ocds/2026-09-09.json.gz,2026,ocds,releases,180,180,,,,,,,,
ocds/2026-09-10.json.gz,2026,ocds,releases,196,196,,,,,,,,
ocds/2026-09-11.json.gz,2026,ocds,releases,194,194,,,,,,,,
ocds/2026-09-12.json.gz,2026,ocds,releases,4,4,,,,,,,,
ocds/2026-09-14.json.gz,2026,ocds,releases,196,196,,,,,,,,
ocds/2026-09-15.json.gz,2026,ocds,releases,216,216,,,,,,,,
ocds/2026-09-16.json.gz,2026,ocds,releases,221,221,,,,,,,,
ocds/2026-09-17.json.gz,2026,ocds,releases,239,239,,,,,,,,
ocds/2026-09-18.json.gz,2026,ocds,releases,242,242,,,,,,,,
ocds/2026-09-19.json.gz,2026,ocds,releases,2,2,,,,,,,,
ocds/2026-09-20.json.gz,2026,ocds,releases,6,6,,,,,,,,
ocds/2026-09-21.json.gz,2026,ocds,releases,186,186,,,,,,,,
ocds/2026-09-22.json.gz,2026,ocds,releases,150,150,,,,,,,,
ocds/2026-09-23.json.gz,2026,ocds,releases,147,147,,,,,,,,
ocds/2026-09-24.json.gz,2026,ocds,releases,250,250,,,,,,,,
ocds/2026-09-25.json.gz,2026,ocds,releases,210,210,,,,,,,,
ocds/2026-09-26.json.gz,2026,ocds,releases,1,1,,,,,,,,
ocds/2026-09-27.json.gz,2026,ocds,releases,4,4,,,,,,,,
ocds/2026-09-28.json.gz,2026,ocds,releases,234,234,,,,,,,,
ocds/2026-09-29.json.gz,2026,ocds,releases,286,286,,,,,,,,
ocds/2026-09-30.json.gz,2026,ocds,releases,268,268,,,,,,,,
