level,function,subfunction,2025_programme_mEUR,2026_programme_mEUR,2027_forecast_mEUR,2028_forecast_mEUR,2025_pctGDP,2026_pctGDP,2027_pctGDP,2028_pctGDP
function,Общи държавни служби,,2515.8,3000.6,2794.9,2615.5,,,,
subfunction,Общи държавни служби,изпълнителни и законодателни органи,1963.1,2333.4,2200.7,2021.3,,,,
subfunction,Общи държавни служби,общи служби,115.0,147.8,100.4,100.2,,,,
subfunction,Общи държавни служби,наука,437.6,519.5,493.8,494.0,,,,
function,Отбрана и сигурност,,6050.7,6460.3,6743.6,7227.2,,,,
subfunction,Отбрана и сигурност,отбрана,2126.8,2467.8,2903.1,3395.2,,,,
subfunction,Отбрана и сигурност,"полиция, вътрешен ред и сигурност",2750.4,2750.3,2645.0,2639.7,,,,
subfunction,Отбрана и сигурност,съдебна власт,819.5,870.6,814.1,809.4,,,,
subfunction,Отбрана и сигурност,администрация на затворите,222.3,229.1,238.9,240.5,,,,
subfunction,Отбрана и сигурност,"защита на населението, управление и дейности при стихийни бедствия и аварии",131.6,142.4,142.5,142.4,,,,
function,Образование,,5233.9,5599.7,5390.4,5435.7,,,,
function,Здравеопазване,,6043.8,6664.4,6765.9,6981.4,,,,
function,"Социално осигуряване, подпомагане и грижи",,17341.9,19240.7,20047.5,21268.6,,,,
subfunction,"Социално осигуряване, подпомагане и грижи",пенсии,12389.0,13578.7,14655.4,15708.5,,,,
subfunction,"Социално осигуряване, подпомагане и грижи",социални помощи и обезщетения,3217.4,3596.8,3818.5,3892.7,,,,
subfunction,"Социално осигуряване, подпомагане и грижи","програми, дейности и служби по социалното осигуряване, подпомагане и заетостта",1735.6,2065.2,1573.6,1667.4,,,,
function,"Жилищно строителство, благоустройство, комунално стопанство и опазване на околната среда",,2086.3,2710.8,2560.3,3329.6,,,,
subfunction,"Жилищно строителство, благоустройство, комунално стопанство и опазване на околната среда","жилищно строителство, благоустройство, комунално стопанство",1259.2,1886.4,1554.6,2071.9,,,,
subfunction,"Жилищно строителство, благоустройство, комунално стопанство и опазване на околната среда",опазване на околната среда,827.1,824.4,1005.7,1257.8,,,,
function,"Култура, спорт, почивни дейности и религиозно дело",,776.2,967.7,899.9,853.0,,,,
subfunction,"Култура, спорт, почивни дейности и религиозно дело",почивни дейности,13.5,18.2,16.2,16.5,,,,
subfunction,"Култура, спорт, почивни дейности и религиозно дело",физическа култура и спорт,127.9,162.6,145.1,146.9,,,,
subfunction,"Култура, спорт, почивни дейности и религиозно дело",култура,588.7,736.4,692.4,643.3,,,,
subfunction,"Култура, спорт, почивни дейности и религиозно дело",религиозно дело,46.2,50.6,46.2,46.2,,,,
function,Икономически дейности и услуги,,7533.3,9821.6,7332.7,6401.4,,,,
subfunction,Икономически дейности и услуги,"минно дело, горива и енергия",1613.4,2801.2,1354.4,1279.2,,,,
subfunction,Икономически дейности и услуги,"селско стопанство, горско стопанство, лов и риболов",1924.9,1409.4,1273.4,1291.3,,,,
subfunction,Икономически дейности и услуги,транспорт и съобщения,2921.5,3449.4,3191.5,3085.5,,,,
subfunction,Икономически дейности и услуги,промишленост и строителство,2.7,1.5,1.5,1.5,,,,
subfunction,Икономически дейности и услуги,туризъм,41.4,41.4,25.6,27.0,,,,
subfunction,Икономически дейности и услуги,други дейности по икономиката,1029.4,2118.6,1486.3,716.9,,,,
function,Р-ди некласифицирани в другите функции,,830.0,1059.2,1429.2,1785.1,,,,
