table_idx,article,paragraph,caption,row_no,label,value_kEUR
0,,,,,"брой: 68, от дата 28.7.2026 г. Официален раздел / НАРОДНО СЪБРАНИЕ",стр.2
1,1,1,"Чл. 1. (1) Приема консолидирания бюджет на държавното обществено осигуряване по приходите и трансферите на обща сума 15 265 782,4 хил. евро, както следва:",,П О К А З А Т Е Л И,Сума (хил. евро)
1,1,1,"Чл. 1. (1) Приема консолидирания бюджет на държавното обществено осигуряване по приходите и трансферите на обща сума 15 265 782,4 хил. евро, както следва:",I.,ПРИХОДИ И ТРАНСФЕРИ – ВСИЧКО,"15 265 782,4"
1,1,1,"Чл. 1. (1) Приема консолидирания бюджет на държавното обществено осигуряване по приходите и трансферите на обща сума 15 265 782,4 хил. евро, както следва:",1.,Осигурителни приходи,"8 352 045,9"
1,1,1,"Чл. 1. (1) Приема консолидирания бюджет на държавното обществено осигуряване по приходите и трансферите на обща сума 15 265 782,4 хил. евро, както следва:",1.1.,Осигурителни вноски,"8 352 045,9"
1,1,1,"Чл. 1. (1) Приема консолидирания бюджет на държавното обществено осигуряване по приходите и трансферите на обща сума 15 265 782,4 хил. евро, както следва:",2.,Неданъчни приходи,"169 196,7"
1,1,1,"Чл. 1. (1) Приема консолидирания бюджет на държавното обществено осигуряване по приходите и трансферите на обща сума 15 265 782,4 хил. евро, както следва:",2.1.,Приходи и доходи от собственост,"1 882,5"
1,1,1,"Чл. 1. (1) Приема консолидирания бюджет на държавното обществено осигуряване по приходите и трансферите на обща сума 15 265 782,4 хил. евро, както следва:",2.2.,"Глоби, санкции и наказателни лихви","7 196,6"
1,1,1,"Чл. 1. (1) Приема консолидирания бюджет на държавното обществено осигуряване по приходите и трансферите на обща сума 15 265 782,4 хил. евро, както следва:",2.3.,Други приходи,"160 117,6"
1,1,1,"Чл. 1. (1) Приема консолидирания бюджет на държавното обществено осигуряване по приходите и трансферите на обща сума 15 265 782,4 хил. евро, както следва:",3.,Внесени ДДС и други данъци върху продажбите,"-397,3"
1,1,1,"Чл. 1. (1) Приема консолидирания бюджет на държавното обществено осигуряване по приходите и трансферите на обща сума 15 265 782,4 хил. евро, както следва:",4.,Получени трансфери от централния бюджет за държавното обществено осигуряване,"265 273,2"
1,1,1,"Чл. 1. (1) Приема консолидирания бюджет на държавното обществено осигуряване по приходите и трансферите на обща сума 15 265 782,4 хил. евро, както следва:",5.,Получени допълнителни трансфери от централния/държавния бюджет за покриване на недостига от средства,"6 479 663,9"
2,1,2,"(2) Приема консолидирания бюджет на държавното обществено осигуряване по разходите и трансферите на обща сума 15 265 782,4 хил. евро, както следва:",I.,РАЗХОДИ И ТРАНСФЕРИ – ВСИЧКО,"15 265 782,4"
2,1,2,"(2) Приема консолидирания бюджет на държавното обществено осигуряване по разходите и трансферите на обща сума 15 265 782,4 хил. евро, както следва:",1.,Разходи,"15 261 998,8"
2,1,2,"(2) Приема консолидирания бюджет на държавното обществено осигуряване по разходите и трансферите на обща сума 15 265 782,4 хил. евро, както следва:",1.1.,Пенсии,"13 504 804,0"
2,1,2,"(2) Приема консолидирания бюджет на държавното обществено осигуряване по разходите и трансферите на обща сума 15 265 782,4 хил. евро, както следва:",1.1.1.,Пенсии за сметка на държавното обществено осигуряване,"13 239 150,7"
2,1,2,"(2) Приема консолидирания бюджет на държавното обществено осигуряване по разходите и трансферите на обща сума 15 265 782,4 хил. евро, както следва:",1.1.2.,Пенсии за сметка на държавния бюджет,"264 736,3"
2,1,2,"(2) Приема консолидирания бюджет на държавното обществено осигуряване по разходите и трансферите на обща сума 15 265 782,4 хил. евро, както следва:",1.1.3.,"Капиталов трансфер за прехвърляне на пенсионни права към пенсионните схеми на ЕС, ЕЦБ и ЕИБ","917,0"
2,1,2,"(2) Приема консолидирания бюджет на държавното обществено осигуряване по разходите и трансферите на обща сума 15 265 782,4 хил. евро, както следва:",1.2.,Социални помощи и обезщетения,"1 653 558,1"
2,1,2,"(2) Приема консолидирания бюджет на държавното обществено осигуряване по разходите и трансферите на обща сума 15 265 782,4 хил. евро, както следва:",1.3.,"Програми, дейности и служби по социалното осигуряване, подпомагане и заетостта","103 505,6"
2,1,2,"(2) Приема консолидирания бюджет на държавното обществено осигуряване по разходите и трансферите на обща сума 15 265 782,4 хил. евро, както следва:",1.3.1.,Разходи за персонал,"74 183,6"
2,1,2,"(2) Приема консолидирания бюджет на държавното обществено осигуряване по разходите и трансферите на обща сума 15 265 782,4 хил. евро, както следва:",1.3.2.,Издръжка,"27 018,9"
2,1,2,"(2) Приема консолидирания бюджет на държавното обществено осигуряване по разходите и трансферите на обща сума 15 265 782,4 хил. евро, както следва:",1.3.3.,"Платени данъци, такси и административни санкции","350,6"
2,1,2,"(2) Приема консолидирания бюджет на държавното обществено осигуряване по разходите и трансферите на обща сума 15 265 782,4 хил. евро, както следва:",1.3.4.,Разходи за членски внос и участие в нетърговски организации и дейности,"71,5"
2,1,2,"(2) Приема консолидирания бюджет на държавното обществено осигуряване по разходите и трансферите на обща сума 15 265 782,4 хил. евро, както следва:",1.3.5.,Капиталови разходи,"1 881,0"
2,1,2,"(2) Приема консолидирания бюджет на държавното обществено осигуряване по разходите и трансферите на обща сума 15 265 782,4 хил. евро, както следва:",1.4.,Отбрана и сигурност,"131,1"
2,1,2,"(2) Приема консолидирания бюджет на държавното обществено осигуряване по разходите и трансферите на обща сума 15 265 782,4 хил. евро, както следва:",2.,Предоставени трансфери,"3 783,6"
2,1,2,"(2) Приема консолидирания бюджет на държавното обществено осигуряване по разходите и трансферите на обща сума 15 265 782,4 хил. евро, както следва:",2.1.,"На Министерството на здравеопазването, съгласно чл. 11, ал. 1, т. 2, буква „в“, чл. 12, ал. 1, т. 4 и чл. 13, ал. 1, т. 3 от Кодекса за социално осигуряване","1 610,6"
2,1,2,"(2) Приема консолидирания бюджет на държавното обществено осигуряване по разходите и трансферите на обща сума 15 265 782,4 хил. евро, както следва:",2.2.,На Министерството на труда и социалната политика за фонд „Условия на труд“,"2 045,2"
2,1,2,"(2) Приема консолидирания бюджет на държавното обществено осигуряване по разходите и трансферите на обща сума 15 265 782,4 хил. евро, както следва:",2.2.1.,"Мероприятия за предотвратяване на трудовите злополуки и професионалните болести, съгласно чл. 24, т. 3 от Кодекса за социално осигуряване","1 533,9"
2,1,2,"(2) Приема консолидирания бюджет на държавното обществено осигуряване по разходите и трансферите на обща сума 15 265 782,4 хил. евро, както следва:",2.2.2.,"За диагностика на професионалните болести, съгласно чл. 24, т. 4 от Кодекса за социално осигуряване","511,3"
2,1,2,"(2) Приема консолидирания бюджет на държавното обществено осигуряване по разходите и трансферите на обща сума 15 265 782,4 хил. евро, както следва:",2.3.,"На Министерството на транспорта и съобщенията, съгласно чл. 92, ал. 4 от Наредбата за пенсиите и осигурителния стаж","127,8"
3,1,3,"(3) Приема дефицит (излишък) по бюджета на държавното обществено осигуряване , както следва:",,"ДЕФИЦИТ (-), ИЗЛИШЪК (+)","0,0"
4,2,1,"Чл. 2. (1) Приема бюджета на фонд „Пенсии“ по приходите и трансферите на обща сума 5 572 766,5 хил. евро, както следва:",I.,ПРИХОДИ И ТРАНСФЕРИ – ВСИЧКО,"5 572 766,5"
4,2,1,"Чл. 2. (1) Приема бюджета на фонд „Пенсии“ по приходите и трансферите на обща сума 5 572 766,5 хил. евро, както следва:",1.,Осигурителни приходи,"5 534 434,1"
4,2,1,"Чл. 2. (1) Приема бюджета на фонд „Пенсии“ по приходите и трансферите на обща сума 5 572 766,5 хил. евро, както следва:",1.1.,Осигурителни вноски,"5 534 434,1"
4,2,1,"Чл. 2. (1) Приема бюджета на фонд „Пенсии“ по приходите и трансферите на обща сума 5 572 766,5 хил. евро, както следва:",2.,Неданъчни приходи,"38 000,0"
4,2,1,"Чл. 2. (1) Приема бюджета на фонд „Пенсии“ по приходите и трансферите на обща сума 5 572 766,5 хил. евро, както следва:",2.3.,Други приходи,"38 000,0"
4,2,1,"Чл. 2. (1) Приема бюджета на фонд „Пенсии“ по приходите и трансферите на обща сума 5 572 766,5 хил. евро, както следва:",4.,Получени трансфери от централния бюджет за държавното обществено осигуряване,"332,4"
5,2,2,"(2) Приема бюджета на фонд „Пенсии“ по разходите и трансферите на обща сума 12 206 160,2 хил. евро, както следва:",I.,РАЗХОДИ И ТРАНСФЕРИ – ВСИЧКО,"12 206 160,2"
5,2,2,"(2) Приема бюджета на фонд „Пенсии“ по разходите и трансферите на обща сума 12 206 160,2 хил. евро, както следва:",1.,Разходи,"12 206 160,2"
5,2,2,"(2) Приема бюджета на фонд „Пенсии“ по разходите и трансферите на обща сума 12 206 160,2 хил. евро, както следва:",1.1.,Пенсии,"12 205 700,8"
5,2,2,"(2) Приема бюджета на фонд „Пенсии“ по разходите и трансферите на обща сума 12 206 160,2 хил. евро, както следва:",1.1.1.,Пенсии за сметка на държавното обществено осигуряване,"12 204 783,8"
5,2,2,"(2) Приема бюджета на фонд „Пенсии“ по разходите и трансферите на обща сума 12 206 160,2 хил. евро, както следва:",1.1.3.,"Капиталов трансфер за прехвърляне на пенсионни права към пенсионните схеми на ЕС, ЕЦБ и ЕИБ","917,0"
5,2,2,"(2) Приема бюджета на фонд „Пенсии“ по разходите и трансферите на обща сума 12 206 160,2 хил. евро, както следва:",1.2.,Социални помощи и обезщетения,"459,4"
6,2,3,"(3) Приема дефицит (излишък) по бюджета на фонд „Пенсии“ , както следва:",,"ДЕФИЦИТ (-), ИЗЛИШЪК (+)","-6 633 393,7"
7,3,1,"Чл. 3. (1) Приема бюджета на фонд „Пенсии за лицата по чл. 69 “ по приходите и трансферите на обща сума 931 980,9 хил. евро, както следва:",I.,ПРИХОДИ И ТРАНСФЕРИ – ВСИЧКО,"931 980,9"
7,3,1,"Чл. 3. (1) Приема бюджета на фонд „Пенсии за лицата по чл. 69 “ по приходите и трансферите на обща сума 931 980,9 хил. евро, както следва:",1.,Осигурителни приходи,"931 980,9"
7,3,1,"Чл. 3. (1) Приема бюджета на фонд „Пенсии за лицата по чл. 69 “ по приходите и трансферите на обща сума 931 980,9 хил. евро, както следва:",1.1.,Осигурителни вноски,"931 980,9"
8,3,2,"(2) Приема бюджета на фонд „Пенсии за лицата по чл. 69“ по разходите и трансферите на обща сума 992 414,2 хил. евро, както следва:",I.,РАЗХОДИ И ТРАНСФЕРИ – ВСИЧКО,"992 414,2"
8,3,2,"(2) Приема бюджета на фонд „Пенсии за лицата по чл. 69“ по разходите и трансферите на обща сума 992 414,2 хил. евро, както следва:",1.,Разходи,"992 414,2"
8,3,2,"(2) Приема бюджета на фонд „Пенсии за лицата по чл. 69“ по разходите и трансферите на обща сума 992 414,2 хил. евро, както следва:",1.1.,Пенсии,"992 412,8"
8,3,2,"(2) Приема бюджета на фонд „Пенсии за лицата по чл. 69“ по разходите и трансферите на обща сума 992 414,2 хил. евро, както следва:",1.1.1.,Пенсии за сметка на държавното обществено осигуряване,"992 412,8"
8,3,2,"(2) Приема бюджета на фонд „Пенсии за лицата по чл. 69“ по разходите и трансферите на обща сума 992 414,2 хил. евро, както следва:",1.2.,Социални помощи и обезщетения,"1,4"
9,3,3,"(3) Приема дефицит (излишък) по бюджета на фонд „Пенсии за лицата по чл. 69 “, както следва:",,"ДЕФИЦИТ (-), ИЗЛИШЪК (+)","-60 433,3"
10,4,1,"Чл. 4. (1) Приема бюджета на фонд „Пенсии, несвързани с трудова дейност“ по приходите и трансферите на обща сума 264 736,3 хил. евро, както следва:",I.,ПРИХОДИ И ТРАНСФЕРИ – ВСИЧКО,"264 736,3"
10,4,1,"Чл. 4. (1) Приема бюджета на фонд „Пенсии, несвързани с трудова дейност“ по приходите и трансферите на обща сума 264 736,3 хил. евро, както следва:",4.,Получени трансфери от централния бюджет за държавното обществено осигуряване,"264 736,3"
11,4,2,"(2) Приема разходи и трансфери (субсидии, вноски) между държавния бюджет и бюджета на фонд „Пенсии, несвързани с трудова дейност“ на обща сума 264 751,4 хил. евро, както следва:",I.,РАЗХОДИ И ТРАНСФЕРИ – ВСИЧКО,"264 751,4"
11,4,2,"(2) Приема разходи и трансфери (субсидии, вноски) между държавния бюджет и бюджета на фонд „Пенсии, несвързани с трудова дейност“ на обща сума 264 751,4 хил. евро, както следва:",1.,Разходи,"264 751,4"
11,4,2,"(2) Приема разходи и трансфери (субсидии, вноски) между държавния бюджет и бюджета на фонд „Пенсии, несвързани с трудова дейност“ на обща сума 264 751,4 хил. евро, както следва:",1.1.,Пенсии,"264 736,3"
11,4,2,"(2) Приема разходи и трансфери (субсидии, вноски) между държавния бюджет и бюджета на фонд „Пенсии, несвързани с трудова дейност“ на обща сума 264 751,4 хил. евро, както следва:",1.1.2.,Пенсии за сметка на държавния бюджет,"264 736,3"
11,4,2,"(2) Приема разходи и трансфери (субсидии, вноски) между държавния бюджет и бюджета на фонд „Пенсии, несвързани с трудова дейност“ на обща сума 264 751,4 хил. евро, както следва:",1.2.,Социални помощи и обезщетения,"15,1"
12,4,3,"(3) Приема дефицит (излишък) по бюджета на фонд „Пенсии, несвързани с трудова дейност“ , както следва:",,"ДЕФИЦИТ (-), ИЗЛИШЪК (+)","-15,1"
13,5,1,"Чл. 5. (1) Приема бюджета на фонд „Трудова злополука и професионална болест“ по приходите и трансферите на обща сума 239 126,2 хил. евро, както следва:",I.,ПРИХОДИ И ТРАНСФЕРИ – ВСИЧКО,"239 126,2"
13,5,1,"Чл. 5. (1) Приема бюджета на фонд „Трудова злополука и професионална болест“ по приходите и трансферите на обща сума 239 126,2 хил. евро, както следва:",1.,Осигурителни приходи,"239 126,2"
13,5,1,"Чл. 5. (1) Приема бюджета на фонд „Трудова злополука и професионална болест“ по приходите и трансферите на обща сума 239 126,2 хил. евро, както следва:",1.1.,Осигурителни вноски,"239 126,2"
14,5,2,"(2) Приема бюджета на фонд „Трудова злополука и професионална болест“ по разходите и трансферите на обща сума 52 296,8 хил. евро, както следва:",I.,РАЗХОДИ И ТРАНСФЕРИ – ВСИЧКО,"52 296,8"
14,5,2,"(2) Приема бюджета на фонд „Трудова злополука и професионална болест“ по разходите и трансферите на обща сума 52 296,8 хил. евро, както следва:",1.,Разходи,"50 072,6"
14,5,2,"(2) Приема бюджета на фонд „Трудова злополука и професионална болест“ по разходите и трансферите на обща сума 52 296,8 хил. евро, както следва:",1.1.,Пенсии,"41 954,1"
14,5,2,"(2) Приема бюджета на фонд „Трудова злополука и професионална болест“ по разходите и трансферите на обща сума 52 296,8 хил. евро, както следва:",1.1.1.,Пенсии за сметка на държавното обществено осигуряване,"41 954,1"
14,5,2,"(2) Приема бюджета на фонд „Трудова злополука и професионална болест“ по разходите и трансферите на обща сума 52 296,8 хил. евро, както следва:",1.2.,Социални помощи и обезщетения,"8 118,5"
14,5,2,"(2) Приема бюджета на фонд „Трудова злополука и професионална болест“ по разходите и трансферите на обща сума 52 296,8 хил. евро, както следва:",2.,Предоставени трансфери,"2 224,2"
14,5,2,"(2) Приема бюджета на фонд „Трудова злополука и професионална болест“ по разходите и трансферите на обща сума 52 296,8 хил. евро, както следва:",2.1.,"На Министерството на здравеопазването, съгласно чл. 24, т. 5 от Кодекса за социално осигуряване","179,0"
14,5,2,"(2) Приема бюджета на фонд „Трудова злополука и професионална болест“ по разходите и трансферите на обща сума 52 296,8 хил. евро, както следва:",2.2.,На Министерството на труда и социалната политика за фонд „Условия на труд“,"2 045,2"
14,5,2,"(2) Приема бюджета на фонд „Трудова злополука и професионална болест“ по разходите и трансферите на обща сума 52 296,8 хил. евро, както следва:",2.2.1.,"Мероприятия за предотвратяване на трудовите злополуки и професионалните болести, съгласно чл. 24, т. 3 от Кодекса за социално осигуряване","1 533,9"
14,5,2,"(2) Приема бюджета на фонд „Трудова злополука и професионална болест“ по разходите и трансферите на обща сума 52 296,8 хил. евро, както следва:",2.2.2.,"За диагностика на професионалните болести, съгласно чл. 24, т. 4 от Кодекса за социално осигуряване","511,3"
15,5,3,"(3) Приема дефицит (излишък) по бюджета на фонд „Трудова злополука и професионална болест“ , както следва:",,"ДЕФИЦИТ (-), ИЗЛИШЪК (+)","186 829,4"
16,6,1,"Чл. 6. (1) Приема бюджета на фонд „Общо заболяване и майчинство“ по приходите и трансферите на обща сума 1 291 204,5 хил. евро, както следва:",I.,ПРИХОДИ И ТРАНСФЕРИ – ВСИЧКО,"1 291 204,5"
16,6,1,"Чл. 6. (1) Приема бюджета на фонд „Общо заболяване и майчинство“ по приходите и трансферите на обща сума 1 291 204,5 хил. евро, както следва:",1.,Осигурителни приходи,"1 291 204,5"
16,6,1,"Чл. 6. (1) Приема бюджета на фонд „Общо заболяване и майчинство“ по приходите и трансферите на обща сума 1 291 204,5 хил. евро, както следва:",1.1.,Осигурителни вноски,"1 291 204,5"
17,6,2,"(2) Приема бюджета на фонд „Общо заболяване и майчинство“ по разходите и трансферите на обща сума 1 334 460,1 хил. евро, както следва:",I.,РАЗХОДИ И ТРАНСФЕРИ – ВСИЧКО,"1 334 460,1"
17,6,2,"(2) Приема бюджета на фонд „Общо заболяване и майчинство“ по разходите и трансферите на обща сума 1 334 460,1 хил. евро, както следва:",1.,Разходи,"1 333 028,5"
17,6,2,"(2) Приема бюджета на фонд „Общо заболяване и майчинство“ по разходите и трансферите на обща сума 1 334 460,1 хил. евро, както следва:",1.2.,Социални помощи и обезщетения,"1 333 028,5"
17,6,2,"(2) Приема бюджета на фонд „Общо заболяване и майчинство“ по разходите и трансферите на обща сума 1 334 460,1 хил. евро, както следва:",2.,Предоставени трансфери,"1 431,6"
17,6,2,"(2) Приема бюджета на фонд „Общо заболяване и майчинство“ по разходите и трансферите на обща сума 1 334 460,1 хил. евро, както следва:",2.1.,"На Министерството на здравеопазването, съгласно чл. 26, т. 4 от Кодекса за социално осигуряване","1 431,6"
18,6,3,"(3) Приема дефицит (излишък) по бюджета на фонд „Общо заболяване и майчинство“ , както следва:",,"ДЕФИЦИТ (-), ИЗЛИШЪК (+)","-43 255,6"
19,7,1,"Чл. 7. (1) Приема бюджета на фонд „Безработица“ по приходите и трансферите на обща сума 355 504,7 хил. евро, както следва:",I.,ПРИХОДИ И ТРАНСФЕРИ – ВСИЧКО,"355 504,7"
19,7,1,"Чл. 7. (1) Приема бюджета на фонд „Безработица“ по приходите и трансферите на обща сума 355 504,7 хил. евро, както следва:",1.,Осигурителни приходи,"355 300,2"
19,7,1,"Чл. 7. (1) Приема бюджета на фонд „Безработица“ по приходите и трансферите на обща сума 355 504,7 хил. евро, както следва:",1.1.,Осигурителни вноски,"355 300,2"
19,7,1,"Чл. 7. (1) Приема бюджета на фонд „Безработица“ по приходите и трансферите на обща сума 355 504,7 хил. евро, както следва:",4.,Получени трансфери от централния бюджет за държавното обществено осигуряване,"204,5"
20,7,2,"(2) Приема бюджета на фонд „Безработица“ по разходите и трансферите на обща сума 311 935,2 хил. евро, както следва:",I.,РАЗХОДИ И ТРАНСФЕРИ – ВСИЧКО,"311 935,2"
20,7,2,"(2) Приема бюджета на фонд „Безработица“ по разходите и трансферите на обща сума 311 935,2 хил. евро, както следва:",1.,Разходи,"311 935,2"
20,7,2,"(2) Приема бюджета на фонд „Безработица“ по разходите и трансферите на обща сума 311 935,2 хил. евро, както следва:",1.2.,Социални помощи и обезщетения,"311 935,2"
21,7,3,"(3) Приема дефицит (излишък) по бюджета на фонд „Безработица“ , както следва:",,"ДЕФИЦИТ (-), ИЗЛИШЪК (+)","43 569,5"
22,8,1,"Чл. 8. (1) Приема бюджета на Националния осигурителен институт по приходите и трансферите на обща сума 6 610 463,3 хил. евро, както следва:",I.,ПРИХОДИ И ТРАНСФЕРИ – ВСИЧКО,"6 610 463,3"
22,8,1,"Чл. 8. (1) Приема бюджета на Националния осигурителен институт по приходите и трансферите на обща сума 6 610 463,3 хил. евро, както следва:",2.,Неданъчни приходи,"131 196,7"
22,8,1,"Чл. 8. (1) Приема бюджета на Националния осигурителен институт по приходите и трансферите на обща сума 6 610 463,3 хил. евро, както следва:",2.1.,Приходи и доходи от собственост,"1 882,5"
22,8,1,"Чл. 8. (1) Приема бюджета на Националния осигурителен институт по приходите и трансферите на обща сума 6 610 463,3 хил. евро, както следва:",2.2.,"Глоби, санкции и наказателни лихви","7 196,6"
22,8,1,"Чл. 8. (1) Приема бюджета на Националния осигурителен институт по приходите и трансферите на обща сума 6 610 463,3 хил. евро, както следва:",2.3.,Други приходи,"122 117,6"
22,8,1,"Чл. 8. (1) Приема бюджета на Националния осигурителен институт по приходите и трансферите на обща сума 6 610 463,3 хил. евро, както следва:",3.,Внесени ДДС и други данъци върху продажбите,"-397,3"
22,8,1,"Чл. 8. (1) Приема бюджета на Националния осигурителен институт по приходите и трансферите на обща сума 6 610 463,3 хил. евро, както следва:",5.,Получени допълнителни трансфери от централния/държавния бюджет за покриване на недостига от средства,"6 479 663,9"
23,8,2,"(2) Приема бюджета на Националния осигурителен институт по разходите и трансферите на обща сума 103 764,5 хил. евро, както следва:",I.,РАЗХОДИ И ТРАНСФЕРИ – ВСИЧКО,"103 764,5"
23,8,2,"(2) Приема бюджета на Националния осигурителен институт по разходите и трансферите на обща сума 103 764,5 хил. евро, както следва:",1.,Разходи,"103 636,7"
23,8,2,"(2) Приема бюджета на Националния осигурителен институт по разходите и трансферите на обща сума 103 764,5 хил. евро, както следва:",1.3.,"Програми, дейности и служби по социалното осигуряване, подпомагане и заетостта","103 505,6"
23,8,2,"(2) Приема бюджета на Националния осигурителен институт по разходите и трансферите на обща сума 103 764,5 хил. евро, както следва:",1.3.1.,Разходи за персонал,"74 183,6"
23,8,2,"(2) Приема бюджета на Националния осигурителен институт по разходите и трансферите на обща сума 103 764,5 хил. евро, както следва:",1.3.2.,Издръжка,"27 018,9"
23,8,2,"(2) Приема бюджета на Националния осигурителен институт по разходите и трансферите на обща сума 103 764,5 хил. евро, както следва:",1.3.3.,"Платени данъци, такси и административни санкции","350,6"
23,8,2,"(2) Приема бюджета на Националния осигурителен институт по разходите и трансферите на обща сума 103 764,5 хил. евро, както следва:",1.3.4.,Разходи за членски внос и участие в нетърговски организации и дейности,"71,5"
23,8,2,"(2) Приема бюджета на Националния осигурителен институт по разходите и трансферите на обща сума 103 764,5 хил. евро, както следва:",1.3.5.,Капиталови разходи,"1 881,0"
23,8,2,"(2) Приема бюджета на Националния осигурителен институт по разходите и трансферите на обща сума 103 764,5 хил. евро, както следва:",1.4.,Отбрана и сигурност,"131,1"
23,8,2,"(2) Приема бюджета на Националния осигурителен институт по разходите и трансферите на обща сума 103 764,5 хил. евро, както следва:",2.,Предоставени трансфери,"127,8"
23,8,2,"(2) Приема бюджета на Националния осигурителен институт по разходите и трансферите на обща сума 103 764,5 хил. евро, както следва:",2.3.,"На Министерството на транспорта и съобщенията, съгласно чл. 92, ал. 4 от Наредбата за пенсиите и осигурителния стаж","127,8"
24,8,3,"(3) Приема дефицит (излишък) по бюджета на Националния осигурителен институт , както следва:",,"ДЕФИЦИТ (-), ИЗЛИШЪК (+)","6 506 698,8"
25,Прил.1,,(евро),Пореден номер,Машинни оператори и монтажници,"Професии, неизискващи специална квалификация"
25,Прил.1,,(евро),,8,9
25,Прил.1,,(евро),1,550.66,550.66
25,Прил.1,,(евро),2,550.66,550.66
25,Прил.1,,(евро),3,550.66,550.66
25,Прил.1,,(евро),4,550.66,550.66
25,Прил.1,,(евро),5,550.66,550.66
25,Прил.1,,(евро),6,550.66,550.66
25,Прил.1,,(евро),7,550.66,550.66
25,Прил.1,,(евро),8,550.66,550.66
25,Прил.1,,(евро),9,550.66,550.66
25,Прил.1,,(евро),10,550.66,550.66
25,Прил.1,,(евро),11,550.66,550.66
25,Прил.1,,(евро),12,550.66,550.66
25,Прил.1,,(евро),13,550.66,550.66
25,Прил.1,,(евро),14,550.66,550.66
25,Прил.1,,(евро),15,550.66,550.66
25,Прил.1,,(евро),16,550.66,550.66
25,Прил.1,,(евро),17,550.66,550.66
25,Прил.1,,(евро),18,550.66,550.66
25,Прил.1,,(евро),19,550.66,550.66
25,Прил.1,,(евро),20,550.66,550.66
25,Прил.1,,(евро),21,550.66,550.66
25,Прил.1,,(евро),22,550.66,550.66
25,Прил.1,,(евро),23,550.66,550.66
25,Прил.1,,(евро),24,550.66,550.66
25,Прил.1,,(евро),25,550.66,550.66
25,Прил.1,,(евро),26,550.66,550.66
25,Прил.1,,(евро),27,550.66,550.66
25,Прил.1,,(евро),28,550.66,550.66
25,Прил.1,,(евро),29,550.66,550.66
25,Прил.1,,(евро),30,550.66,550.66
25,Прил.1,,(евро),31,550.66,550.66
25,Прил.1,,(евро),32,550.66,550.66
25,Прил.1,,(евро),33,550.66,550.66
25,Прил.1,,(евро),34,550.66,550.66
25,Прил.1,,(евро),35,550.66,550.66
25,Прил.1,,(евро),36,550.66,550.66
25,Прил.1,,(евро),37,550.66,550.66
25,Прил.1,,(евро),38,550.66,550.66
25,Прил.1,,(евро),39,550.66,550.66
25,Прил.1,,(евро),40,550.66,550.66
25,Прил.1,,(евро),41,550.66,550.66
25,Прил.1,,(евро),42,550.66,550.66
25,Прил.1,,(евро),43,550.66,550.66
25,Прил.1,,(евро),44,550.66,550.66
25,Прил.1,,(евро),45,550.66,550.66
25,Прил.1,,(евро),46,550.66,550.66
25,Прил.1,,(евро),47,550.66,550.66
25,Прил.1,,(евро),48,550.66,550.66
25,Прил.1,,(евро),49,550.66,550.66
25,Прил.1,,(евро),50,550.66,550.66
25,Прил.1,,(евро),51,550.66,550.66
25,Прил.1,,(евро),52,550.66,550.66
25,Прил.1,,(евро),53,550.66,550.66
25,Прил.1,,(евро),54,550.66,550.66
25,Прил.1,,(евро),55,550.66,550.66
25,Прил.1,,(евро),56,550.66,550.66
25,Прил.1,,(евро),57,550.66,550.66
25,Прил.1,,(евро),58,550.66,550.66
25,Прил.1,,(евро),59,550.66,550.66
25,Прил.1,,(евро),60,550.66,550.66
25,Прил.1,,(евро),61,550.66,550.66
25,Прил.1,,(евро),62,550.66,550.66
25,Прил.1,,(евро),63,550.66,550.66
25,Прил.1,,(евро),64,550.66,550.66
25,Прил.1,,(евро),65,550.66,550.66
25,Прил.1,,(евро),66,550.66,550.66
25,Прил.1,,(евро),67,550.66,550.66
25,Прил.1,,(евро),68,550.66,550.66
25,Прил.1,,(евро),69,550.66,550.66
25,Прил.1,,(евро),70,550.66,550.66
25,Прил.1,,(евро),71,550.66,550.66
25,Прил.1,,(евро),72,550.66,550.66
25,Прил.1,,(евро),73,550.66,550.66
25,Прил.1,,(евро),74,550.66,550.66
25,Прил.1,,(евро),75,550.66,550.66
25,Прил.1,,(евро),76,550.66,550.66
25,Прил.1,,(евро),77,550.66,550.66
25,Прил.1,,(евро),78,550.66,550.66
25,Прил.1,,(евро),79,550.66,550.66
25,Прил.1,,(евро),80,550.66,550.66
25,Прил.1,,(евро),81,,
25,Прил.1,,(евро),82,550.66,550.66
25,Прил.1,,(евро),83,550.66,550.66
25,Прил.1,,(евро),84,,
25,Прил.1,,(евро),85,,
25,Прил.1,,(евро),86,,
26,Прил.1,,(евро),Пореден номер,Машинни оператори и монтажници,"Професии, неизискващи специална квалификация"
26,Прил.1,,(евро),,8,9
26,Прил.1,,(евро),1,661.00,620.20
26,Прил.1,,(евро),2,661.00,620.20
26,Прил.1,,(евро),3,661.00,620.20
26,Прил.1,,(евро),4,661.00,620.20
26,Прил.1,,(евро),5,661.00,620.20
26,Прил.1,,(евро),6,661.00,620.20
26,Прил.1,,(евро),7,661.00,620.20
26,Прил.1,,(евро),8,661.00,620.20
26,Прил.1,,(евро),9,661.00,620.20
26,Прил.1,,(евро),10,661.00,620.20
26,Прил.1,,(евро),11,661.00,620.20
26,Прил.1,,(евро),12,661.00,620.20
26,Прил.1,,(евро),13,661.00,620.20
26,Прил.1,,(евро),14,661.00,620.20
26,Прил.1,,(евро),15,661.00,620.20
26,Прил.1,,(евро),16,661.00,620.20
26,Прил.1,,(евро),17,661.00,620.20
26,Прил.1,,(евро),18,661.00,620.20
26,Прил.1,,(евро),19,661.00,620.20
26,Прил.1,,(евро),20,661.00,620.20
26,Прил.1,,(евро),21,661.00,620.20
26,Прил.1,,(евро),22,661.00,620.20
26,Прил.1,,(евро),23,661.00,620.20
26,Прил.1,,(евро),24,661.00,620.20
26,Прил.1,,(евро),25,661.00,620.20
26,Прил.1,,(евро),26,661.00,620.20
26,Прил.1,,(евро),27,661.00,620.20
26,Прил.1,,(евро),28,661.00,620.20
26,Прил.1,,(евро),29,661.00,620.20
26,Прил.1,,(евро),30,661.00,620.20
26,Прил.1,,(евро),31,661.00,620.20
26,Прил.1,,(евро),32,661.00,620.20
26,Прил.1,,(евро),33,661.00,620.20
26,Прил.1,,(евро),34,661.00,620.20
26,Прил.1,,(евро),35,661.00,620.20
26,Прил.1,,(евро),36,661.00,620.20
26,Прил.1,,(евро),37,661.00,620.20
26,Прил.1,,(евро),38,661.00,620.20
26,Прил.1,,(евро),39,661.00,620.20
26,Прил.1,,(евро),40,661.00,620.20
26,Прил.1,,(евро),41,661.00,620.20
26,Прил.1,,(евро),42,661.00,620.20
26,Прил.1,,(евро),43,661.00,620.20
26,Прил.1,,(евро),44,661.00,620.20
26,Прил.1,,(евро),45,661.00,620.20
26,Прил.1,,(евро),46,661.00,620.20
26,Прил.1,,(евро),47,661.00,620.20
26,Прил.1,,(евро),48,661.00,620.20
26,Прил.1,,(евро),49,661.00,620.20
26,Прил.1,,(евро),50,661.00,620.20
26,Прил.1,,(евро),51,661.00,620.20
26,Прил.1,,(евро),52,661.00,620.20
26,Прил.1,,(евро),53,661.00,620.20
26,Прил.1,,(евро),54,661.00,620.20
26,Прил.1,,(евро),55,661.00,620.20
26,Прил.1,,(евро),56,661.00,620.20
26,Прил.1,,(евро),57,661.00,620.20
26,Прил.1,,(евро),58,661.00,620.20
26,Прил.1,,(евро),59,661.00,620.20
26,Прил.1,,(евро),60,661.00,620.20
26,Прил.1,,(евро),61,661.00,620.20
26,Прил.1,,(евро),62,661.00,620.20
26,Прил.1,,(евро),63,661.00,620.20
26,Прил.1,,(евро),64,661.00,620.20
26,Прил.1,,(евро),65,661.00,620.20
26,Прил.1,,(евро),66,661.00,620.20
26,Прил.1,,(евро),67,661.00,620.20
26,Прил.1,,(евро),68,661.00,620.20
26,Прил.1,,(евро),69,661.00,620.20
26,Прил.1,,(евро),70,661.00,620.20
26,Прил.1,,(евро),71,661.00,620.20
26,Прил.1,,(евро),72,661.00,620.20
26,Прил.1,,(евро),73,661.00,620.20
26,Прил.1,,(евро),74,661.00,620.20
26,Прил.1,,(евро),75,661.00,620.20
26,Прил.1,,(евро),76,661.00,620.20
26,Прил.1,,(евро),77,661.00,620.20
26,Прил.1,,(евро),78,661.00,620.20
26,Прил.1,,(евро),79,661.00,620.20
26,Прил.1,,(евро),80,661.00,620.20
26,Прил.1,,(евро),81,,
26,Прил.1,,(евро),82,661.00,620.20
26,Прил.1,,(евро),83,661.00,620.20
26,Прил.1,,(евро),84,,
26,Прил.1,,(евро),85,,
26,Прил.1,,(евро),86,,
27,Прил.2,,Диференцирани осигурителни вноски за фонд „Трудова злополука и професионална болест“ за периода от 1 януари до 31 юли 2026 г.,Код по КИД-2025,Наименование на икономическа дейност по КИД-2025,Осигурителна вноска (%)
27,Прил.2,,Диференцирани осигурителни вноски за фонд „Трудова злополука и професионална болест“ за периода от 1 януари до 31 юли 2026 г.,1,2,3
27,Прил.2,,Диференцирани осигурителни вноски за фонд „Трудова злополука и професионална болест“ за периода от 1 януари до 31 юли 2026 г.,02,Горско стопанство и дърводобив,"1,1"
27,Прил.2,,Диференцирани осигурителни вноски за фонд „Трудова злополука и професионална болест“ за периода от 1 януари до 31 юли 2026 г.,05,Добив на въглища,"1,1"
27,Прил.2,,Диференцирани осигурителни вноски за фонд „Трудова злополука и професионална болест“ за периода от 1 януари до 31 юли 2026 г.,07,Добив на метални руди,"1,1"
27,Прил.2,,Диференцирани осигурителни вноски за фонд „Трудова злополука и професионална болест“ за периода от 1 януари до 31 юли 2026 г.,08,Добив на неметални материали и суровини,"1,1"
27,Прил.2,,Диференцирани осигурителни вноски за фонд „Трудова злополука и професионална болест“ за периода от 1 януари до 31 юли 2026 г.,09,Спомагателни дейности в добива,"1,1"
27,Прил.2,,Диференцирани осигурителни вноски за фонд „Трудова злополука и професионална болест“ за периода от 1 януари до 31 юли 2026 г.,12,Производство на тютюневи изделия,"1,1"
27,Прил.2,,Диференцирани осигурителни вноски за фонд „Трудова злополука и професионална болест“ за периода от 1 януари до 31 юли 2026 г.,13,"Производство на текстил и изделия от текстил, без облекло","1,1"
27,Прил.2,,Диференцирани осигурителни вноски за фонд „Трудова злополука и професионална болест“ за периода от 1 януари до 31 юли 2026 г.,16,"Производство на дървен материал и изделия от дървен материал и корк, без мебели; производство на изделия от слама и материали за плетене","1,1"
27,Прил.2,,Диференцирани осигурителни вноски за фонд „Трудова злополука и професионална болест“ за периода от 1 януари до 31 юли 2026 г.,17,"Производство на хартия, картон и изделия от хартия и картон","1,1"
27,Прил.2,,Диференцирани осигурителни вноски за фонд „Трудова злополука и професионална болест“ за периода от 1 януари до 31 юли 2026 г.,20,Производство на химични продукти,"1,1"
27,Прил.2,,Диференцирани осигурителни вноски за фонд „Трудова злополука и професионална болест“ за периода от 1 януари до 31 юли 2026 г.,22,Производство на изделия от каучук и пластмаси,"1,1"
27,Прил.2,,Диференцирани осигурителни вноски за фонд „Трудова злополука и професионална болест“ за периода от 1 януари до 31 юли 2026 г.,23,Производство на изделия от други неметални минерални суровини,"1,1"
27,Прил.2,,Диференцирани осигурителни вноски за фонд „Трудова злополука и професионална болест“ за периода от 1 януари до 31 юли 2026 г.,24,Производство на основни метали,"1,1"
27,Прил.2,,Диференцирани осигурителни вноски за фонд „Трудова злополука и професионална болест“ за периода от 1 януари до 31 юли 2026 г.,25,"Производство на метални изделия, без машини и оборудване","1,1"
27,Прил.2,,Диференцирани осигурителни вноски за фонд „Трудова злополука и професионална болест“ за периода от 1 януари до 31 юли 2026 г.,30,"Производство на превозни средства, без автомобили","1,1"
27,Прил.2,,Диференцирани осигурителни вноски за фонд „Трудова злополука и професионална болест“ за периода от 1 януари до 31 юли 2026 г.,31,Производство на мебели,"1,1"
27,Прил.2,,Диференцирани осигурителни вноски за фонд „Трудова злополука и професионална болест“ за периода от 1 януари до 31 юли 2026 г.,33,"Ремонт, поддържане и инсталиране на машини и оборудване","1,1"
27,Прил.2,,Диференцирани осигурителни вноски за фонд „Трудова злополука и професионална болест“ за периода от 1 януари до 31 юли 2026 г.,37,"Събиране, отвеждане и пречистване на отпадъчни води","1,1"
27,Прил.2,,Диференцирани осигурителни вноски за фонд „Трудова злополука и професионална болест“ за периода от 1 януари до 31 юли 2026 г.,38,"Събиране, оползотворяване и обезвреждане на отпадъци","1,1"
27,Прил.2,,Диференцирани осигурителни вноски за фонд „Трудова злополука и професионална болест“ за периода от 1 януари до 31 юли 2026 г.,39,Възстановяване и други дейности по управление на отпадъци,"1,1"
27,Прил.2,,Диференцирани осигурителни вноски за фонд „Трудова злополука и професионална болест“ за периода от 1 януари до 31 юли 2026 г.,41,Строителство на жилищни и нежилищни сгради,"1,1"
27,Прил.2,,Диференцирани осигурителни вноски за фонд „Трудова злополука и професионална болест“ за периода от 1 януари до 31 юли 2026 г.,42,Строителство на съоръжения,"1,1"
27,Прил.2,,Диференцирани осигурителни вноски за фонд „Трудова злополука и професионална болест“ за периода от 1 януари до 31 юли 2026 г.,43,Специализирани строителни дейности,"1,1"
27,Прил.2,,Диференцирани осигурителни вноски за фонд „Трудова злополука и професионална болест“ за периода от 1 януари до 31 юли 2026 г.,49,Сухопътен транспорт,"1,1"
27,Прил.2,,Диференцирани осигурителни вноски за фонд „Трудова злополука и професионална болест“ за периода от 1 януари до 31 юли 2026 г.,50,Воден транспорт,"1,1"
27,Прил.2,,Диференцирани осигурителни вноски за фонд „Трудова злополука и професионална болест“ за периода от 1 януари до 31 юли 2026 г.,52,Складиране и съхраняване на товари и спомагателни дейности в транспорта,"1,1"
27,Прил.2,,Диференцирани осигурителни вноски за фонд „Трудова злополука и професионална болест“ за периода от 1 януари до 31 юли 2026 г.,68,Операции с недвижими имоти,"1,1"
27,Прил.2,,Диференцирани осигурителни вноски за фонд „Трудова злополука и професионална болест“ за периода от 1 януари до 31 юли 2026 г.,77,Даване под наем и оперативен лизинг,"1,1"
27,Прил.2,,Диференцирани осигурителни вноски за фонд „Трудова злополука и професионална болест“ за периода от 1 януари до 31 юли 2026 г.,01,"Растениевъдство, животновъдство и лов; спомагателни дейности","0,9"
27,Прил.2,,Диференцирани осигурителни вноски за фонд „Трудова злополука и професионална болест“ за периода от 1 януари до 31 юли 2026 г.,19,Производство на кокс и рафинирани нефтопродукти,"0,9"
27,Прил.2,,Диференцирани осигурителни вноски за фонд „Трудова злополука и професионална болест“ за периода от 1 януари до 31 юли 2026 г.,21,Производство на лекарствени вещества и продукти,"0,9"
27,Прил.2,,Диференцирани осигурителни вноски за фонд „Трудова злополука и професионална болест“ за периода от 1 януари до 31 юли 2026 г.,28,"Производство на машини и оборудване, с общо и специално предназначение","0,9"
27,Прил.2,,Диференцирани осигурителни вноски за фонд „Трудова злополука и професионална болест“ за периода от 1 януари до 31 юли 2026 г.,35,"Производство и разпределение на електрическа и топлинна енергия, газообразни горива и енергия за охлаждане","0,9"
27,Прил.2,,Диференцирани осигурителни вноски за фонд „Трудова злополука и професионална болест“ за периода от 1 януари до 31 юли 2026 г.,36,"Събиране, пречистване и доставяне на води","0,9"
27,Прил.2,,Диференцирани осигурителни вноски за фонд „Трудова злополука и професионална болест“ за периода от 1 януари до 31 юли 2026 г.,81,Дейности по обслужване на сгради и озеленяване,"0,9"
27,Прил.2,,Диференцирани осигурителни вноски за фонд „Трудова злополука и професионална болест“ за периода от 1 януари до 31 юли 2026 г.,03,Рибно стопанство,"0,7"
27,Прил.2,,Диференцирани осигурителни вноски за фонд „Трудова злополука и професионална болест“ за периода от 1 януари до 31 юли 2026 г.,06,Добив на нефт и природен газ,"0,7"
27,Прил.2,,Диференцирани осигурителни вноски за фонд „Трудова злополука и професионална болест“ за периода от 1 януари до 31 юли 2026 г.,10,Производство на хранителни продукти,"0,7"
27,Прил.2,,Диференцирани осигурителни вноски за фонд „Трудова злополука и професионална болест“ за периода от 1 януари до 31 юли 2026 г.,11,Производство на напитки,"0,7"
27,Прил.2,,Диференцирани осигурителни вноски за фонд „Трудова злополука и професионална болест“ за периода от 1 януари до 31 юли 2026 г.,27,Производство на електрически съоръжения,"0,7"
27,Прил.2,,Диференцирани осигурителни вноски за фонд „Трудова злополука и професионална болест“ за периода от 1 януари до 31 юли 2026 г.,32,"Производство, некласифицирано другаде","0,7"
27,Прил.2,,Диференцирани осигурителни вноски за фонд „Трудова злополука и професионална болест“ за периода от 1 януари до 31 юли 2026 г.,51,Въздушен транспорт,"0,7"
27,Прил.2,,Диференцирани осигурителни вноски за фонд „Трудова злополука и професионална болест“ за периода от 1 януари до 31 юли 2026 г.,53,Пощенски и куриерски дейности,"0,7"
27,Прил.2,,Диференцирани осигурителни вноски за фонд „Трудова злополука и професионална болест“ за периода от 1 януари до 31 юли 2026 г.,61,Телекомуникации,"0,7"
27,Прил.2,,Диференцирани осигурителни вноски за фонд „Трудова злополука и професионална болест“ за периода от 1 януари до 31 юли 2026 г.,71,Архитектурни и инженерни дейности; технически изпитвания и анализи,"0,7"
27,Прил.2,,Диференцирани осигурителни вноски за фонд „Трудова злополука и професионална болест“ за периода от 1 януари до 31 юли 2026 г.,80,Дейности по разследване и охрана,"0,7"
27,Прил.2,,Диференцирани осигурителни вноски за фонд „Трудова злополука и професионална болест“ за периода от 1 януари до 31 юли 2026 г.,84,Държавно управление,"0,7"
27,Прил.2,,Диференцирани осигурителни вноски за фонд „Трудова злополука и професионална болест“ за периода от 1 януари до 31 юли 2026 г.,90,Артистична и творческа дейност и изпълнителско изкуство,"0,7"
27,Прил.2,,Диференцирани осигурителни вноски за фонд „Трудова злополука и професионална болест“ за периода от 1 януари до 31 юли 2026 г.,14,Производство на облекло,"0,5"
27,Прил.2,,Диференцирани осигурителни вноски за фонд „Трудова злополука и професионална болест“ за периода от 1 януари до 31 юли 2026 г.,15,Обработка на кожи; производство на обувки; производство на изделия за пътуване и сарашки изделия от всякакви материали,"0,5"
27,Прил.2,,Диференцирани осигурителни вноски за фонд „Трудова злополука и професионална болест“ за периода от 1 януари до 31 юли 2026 г.,18,Печатна дейност и възпроизвеждане на записани носители,"0,5"
27,Прил.2,,Диференцирани осигурителни вноски за фонд „Трудова злополука и професионална болест“ за периода от 1 януари до 31 юли 2026 г.,26,"Производство на компютърна и телекомуникационна техника, електронни и оптични продукти","0,5"
27,Прил.2,,Диференцирани осигурителни вноски за фонд „Трудова злополука и професионална болест“ за периода от 1 януари до 31 юли 2026 г.,29,"Производство на автомобили, ремаркета и полуремаркета","0,5"
27,Прил.2,,Диференцирани осигурителни вноски за фонд „Трудова злополука и професионална болест“ за периода от 1 януари до 31 юли 2026 г.,46,Търговия на едро,"0,5"
27,Прил.2,,Диференцирани осигурителни вноски за фонд „Трудова злополука и професионална болест“ за периода от 1 януари до 31 юли 2026 г.,47,Търговия на дребно,"0,5"
27,Прил.2,,Диференцирани осигурителни вноски за фонд „Трудова злополука и професионална болест“ за периода от 1 януари до 31 юли 2026 г.,55,Хотелиерство,"0,5"
27,Прил.2,,Диференцирани осигурителни вноски за фонд „Трудова злополука и професионална болест“ за периода от 1 януари до 31 юли 2026 г.,56,Ресторантьорство,"0,5"
27,Прил.2,,Диференцирани осигурителни вноски за фонд „Трудова злополука и професионална болест“ за периода от 1 януари до 31 юли 2026 г.,70,Дейност на централни офиси и консултантски дейности в областта на управлението,"0,5"
27,Прил.2,,Диференцирани осигурителни вноски за фонд „Трудова злополука и професионална болест“ за периода от 1 януари до 31 юли 2026 г.,72,Научноизследователска и развойна дейност,"0,5"
27,Прил.2,,Диференцирани осигурителни вноски за фонд „Трудова злополука и професионална болест“ за периода от 1 януари до 31 юли 2026 г.,74,Други професионални дейности,"0,5"
27,Прил.2,,Диференцирани осигурителни вноски за фонд „Трудова злополука и професионална болест“ за периода от 1 януари до 31 юли 2026 г.,78,Дейности по наемане и предоставяне на работна сила,"0,5"
27,Прил.2,,Диференцирани осигурителни вноски за фонд „Трудова злополука и професионална болест“ за периода от 1 януари до 31 юли 2026 г.,79,"Туристическа агентска и операторска дейност и други дейности, свързани с пътувания и резервации","0,5"
27,Прил.2,,Диференцирани осигурителни вноски за фонд „Трудова злополука и професионална болест“ за периода от 1 януари до 31 юли 2026 г.,85,Образование,"0,5"
27,Прил.2,,Диференцирани осигурителни вноски за фонд „Трудова злополука и професионална болест“ за периода от 1 януари до 31 юли 2026 г.,86,Хуманно здравеопазване,"0,5"
27,Прил.2,,Диференцирани осигурителни вноски за фонд „Трудова злополука и професионална болест“ за периода от 1 януари до 31 юли 2026 г.,87,Медико-социални грижи с настаняване,"0,5"
27,Прил.2,,Диференцирани осигурителни вноски за фонд „Трудова злополука и професионална болест“ за периода от 1 януари до 31 юли 2026 г.,88,Социална работа без настаняване,"0,5"
27,Прил.2,,Диференцирани осигурителни вноски за фонд „Трудова злополука и професионална болест“ за периода от 1 януари до 31 юли 2026 г.,91,Други дейности в областта на културата,"0,5"
27,Прил.2,,Диференцирани осигурителни вноски за фонд „Трудова злополука и професионална болест“ за периода от 1 януари до 31 юли 2026 г.,92,Организиране на хазартни игри,"0,5"
27,Прил.2,,Диференцирани осигурителни вноски за фонд „Трудова злополука и професионална болест“ за периода от 1 януари до 31 юли 2026 г.,93,"Спортни и други дейности, свързани с развлечения и отдих","0,5"
27,Прил.2,,Диференцирани осигурителни вноски за фонд „Трудова злополука и професионална болест“ за периода от 1 януари до 31 юли 2026 г.,95,"Ремонт и поддържане на компютърна техника, на лични и домакински вещи и техническо обслужване и ремонт на автомобили и мотоциклети","0,5"
27,Прил.2,,Диференцирани осигурителни вноски за фонд „Трудова злополука и професионална болест“ за периода от 1 януари до 31 юли 2026 г.,99,Дейности на екстериториални организации и служби,"0,5"
27,Прил.2,,Диференцирани осигурителни вноски за фонд „Трудова злополука и професионална болест“ за периода от 1 януари до 31 юли 2026 г.,58,Издателска дейност,"0,4"
27,Прил.2,,Диференцирани осигурителни вноски за фонд „Трудова злополука и професионална болест“ за периода от 1 януари до 31 юли 2026 г.,59,"Производство на филми и телевизионни предавания, звукозаписване и издаване на музика","0,4"
27,Прил.2,,Диференцирани осигурителни вноски за фонд „Трудова злополука и професионална болест“ за периода от 1 януари до 31 юли 2026 г.,60,"Радио- и телевизионна дейност, дейности на информационни агенции и разпространение на друго съдържание","0,4"
27,Прил.2,,Диференцирани осигурителни вноски за фонд „Трудова злополука и професионална болест“ за периода от 1 януари до 31 юли 2026 г.,62,Дейности в областта на информационните технологии,"0,4"
27,Прил.2,,Диференцирани осигурителни вноски за фонд „Трудова злополука и професионална болест“ за периода от 1 януари до 31 юли 2026 г.,63,"Инфраструктура за информационни технологии, обработка на данни, хостинг и други информационни услуги","0,4"
27,Прил.2,,Диференцирани осигурителни вноски за фонд „Трудова злополука и професионална болест“ за периода от 1 януари до 31 юли 2026 г.,64,"Предоставяне на финансови услуги, без застраховане и допълнително пенсионно осигуряване","0,4"
27,Прил.2,,Диференцирани осигурителни вноски за фонд „Трудова злополука и професионална болест“ за периода от 1 януари до 31 юли 2026 г.,65,"Застраховане, презастраховане и допълнително пенсионно осигуряване","0,4"
27,Прил.2,,Диференцирани осигурителни вноски за фонд „Трудова злополука и професионална болест“ за периода от 1 януари до 31 юли 2026 г.,66,Спомагателни дейности във финансовите услуги и застраховането,"0,4"
27,Прил.2,,Диференцирани осигурителни вноски за фонд „Трудова злополука и професионална болест“ за периода от 1 януари до 31 юли 2026 г.,69,Юридически и счетоводни дейности,"0,4"
27,Прил.2,,Диференцирани осигурителни вноски за фонд „Трудова злополука и професионална болест“ за периода от 1 януари до 31 юли 2026 г.,73,"Рекламна дейност, проучване на пазари и връзки с обществеността","0,4"
27,Прил.2,,Диференцирани осигурителни вноски за фонд „Трудова злополука и професионална болест“ за периода от 1 януари до 31 юли 2026 г.,75,Ветеринарномедицинска дейност,"0,4"
27,Прил.2,,Диференцирани осигурителни вноски за фонд „Трудова злополука и професионална болест“ за периода от 1 януари до 31 юли 2026 г.,82,Административни офис дейности и друго спомагателно обслужване на стопанската дейност,"0,4"
27,Прил.2,,Диференцирани осигурителни вноски за фонд „Трудова злополука и професионална болест“ за периода от 1 януари до 31 юли 2026 г.,94,Дейности на организации с нестопанска цел,"0,4"
27,Прил.2,,Диференцирани осигурителни вноски за фонд „Трудова злополука и професионална болест“ за периода от 1 януари до 31 юли 2026 г.,96,Персонални услуги,"0,4"
27,Прил.2,,Диференцирани осигурителни вноски за фонд „Трудова злополука и професионална болест“ за периода от 1 януари до 31 юли 2026 г.,97,Дейности на домакинства като работодатели на домашен персонал,"0,4"
27,Прил.2,,Диференцирани осигурителни вноски за фонд „Трудова злополука и професионална болест“ за периода от 1 януари до 31 юли 2026 г.,98,Недиференцирани дейности на домакинства по производство на стоки и услуги за собствено потребление,"0,4"
28,Прил.2,,Диференцирани осигурителни вноски за фонд „Трудова злополука и професионална болест“ за периода от 1 август до 31 декември 2026 г.,Код по КИД-2025,Наименование на икономическа дейност по КИД-2025,Осигурителна вноска (%)
28,Прил.2,,Диференцирани осигурителни вноски за фонд „Трудова злополука и професионална болест“ за периода от 1 август до 31 декември 2026 г.,1,2,3
28,Прил.2,,Диференцирани осигурителни вноски за фонд „Трудова злополука и професионална болест“ за периода от 1 август до 31 декември 2026 г.,02,Горско стопанство и дърводобив,1.1
28,Прил.2,,Диференцирани осигурителни вноски за фонд „Трудова злополука и професионална болест“ за периода от 1 август до 31 декември 2026 г.,05,Добив на въглища,1.1
28,Прил.2,,Диференцирани осигурителни вноски за фонд „Трудова злополука и професионална болест“ за периода от 1 август до 31 декември 2026 г.,07,Добив на метални руди,1.1
28,Прил.2,,Диференцирани осигурителни вноски за фонд „Трудова злополука и професионална болест“ за периода от 1 август до 31 декември 2026 г.,08,Добив на неметални материали и суровини,1.1
28,Прил.2,,Диференцирани осигурителни вноски за фонд „Трудова злополука и професионална болест“ за периода от 1 август до 31 декември 2026 г.,09,Спомагателни дейности в добива,1.1
28,Прил.2,,Диференцирани осигурителни вноски за фонд „Трудова злополука и професионална болест“ за периода от 1 август до 31 декември 2026 г.,12,Производство на тютюневи изделия,1.1
28,Прил.2,,Диференцирани осигурителни вноски за фонд „Трудова злополука и професионална болест“ за периода от 1 август до 31 декември 2026 г.,13,"Производство на текстил и изделия от текстил, без облекло",1.1
28,Прил.2,,Диференцирани осигурителни вноски за фонд „Трудова злополука и професионална болест“ за периода от 1 август до 31 декември 2026 г.,16,"Производство на дървен материал и изделия от дървен материал и корк, без мебели; производство на изделия от слама и материали за плетене",1.1
28,Прил.2,,Диференцирани осигурителни вноски за фонд „Трудова злополука и професионална болест“ за периода от 1 август до 31 декември 2026 г.,17,"Производство на хартия, картон и изделия от хартия и картон",1.1
28,Прил.2,,Диференцирани осигурителни вноски за фонд „Трудова злополука и професионална болест“ за периода от 1 август до 31 декември 2026 г.,19,Производство на кокс и рафинирани нефтопродукти,1.1
28,Прил.2,,Диференцирани осигурителни вноски за фонд „Трудова злополука и професионална болест“ за периода от 1 август до 31 декември 2026 г.,20,Производство на химични продукти,1.1
28,Прил.2,,Диференцирани осигурителни вноски за фонд „Трудова злополука и професионална болест“ за периода от 1 август до 31 декември 2026 г.,22,Производство на изделия от каучук и пластмаси,1.1
28,Прил.2,,Диференцирани осигурителни вноски за фонд „Трудова злополука и професионална болест“ за периода от 1 август до 31 декември 2026 г.,23,Производство на изделия от други неметални минерални суровини,1.1
28,Прил.2,,Диференцирани осигурителни вноски за фонд „Трудова злополука и професионална болест“ за периода от 1 август до 31 декември 2026 г.,24,Производство на основни метали,1.1
28,Прил.2,,Диференцирани осигурителни вноски за фонд „Трудова злополука и професионална болест“ за периода от 1 август до 31 декември 2026 г.,25,"Производство на метални изделия, без машини и оборудване",1.1
28,Прил.2,,Диференцирани осигурителни вноски за фонд „Трудова злополука и професионална болест“ за периода от 1 август до 31 декември 2026 г.,30,"Производство на превозни средства, без автомобили",1.1
28,Прил.2,,Диференцирани осигурителни вноски за фонд „Трудова злополука и професионална болест“ за периода от 1 август до 31 декември 2026 г.,31,Производство на мебели,1.1
28,Прил.2,,Диференцирани осигурителни вноски за фонд „Трудова злополука и професионална болест“ за периода от 1 август до 31 декември 2026 г.,33,"Ремонт, поддържане и инсталиране на машини и оборудване",1.1
28,Прил.2,,Диференцирани осигурителни вноски за фонд „Трудова злополука и професионална болест“ за периода от 1 август до 31 декември 2026 г.,37,"Събиране, отвеждане и пречистване на отпадъчни води",1.1
28,Прил.2,,Диференцирани осигурителни вноски за фонд „Трудова злополука и професионална болест“ за периода от 1 август до 31 декември 2026 г.,38,"Събиране, оползотворяване и обезвреждане на отпадъци",1.1
28,Прил.2,,Диференцирани осигурителни вноски за фонд „Трудова злополука и професионална болест“ за периода от 1 август до 31 декември 2026 г.,39,Възстановяване и други дейности по управление на отпадъци,1.1
28,Прил.2,,Диференцирани осигурителни вноски за фонд „Трудова злополука и професионална болест“ за периода от 1 август до 31 декември 2026 г.,41,Строителство на жилищни и нежилищни сгради,1.1
28,Прил.2,,Диференцирани осигурителни вноски за фонд „Трудова злополука и професионална болест“ за периода от 1 август до 31 декември 2026 г.,42,Строителство на съоръжения,1.1
28,Прил.2,,Диференцирани осигурителни вноски за фонд „Трудова злополука и професионална болест“ за периода от 1 август до 31 декември 2026 г.,43,Специализирани строителни дейности,1.1
28,Прил.2,,Диференцирани осигурителни вноски за фонд „Трудова злополука и професионална болест“ за периода от 1 август до 31 декември 2026 г.,49,Сухопътен транспорт,1.1
28,Прил.2,,Диференцирани осигурителни вноски за фонд „Трудова злополука и професионална болест“ за периода от 1 август до 31 декември 2026 г.,50,Воден транспорт,1.1
28,Прил.2,,Диференцирани осигурителни вноски за фонд „Трудова злополука и професионална болест“ за периода от 1 август до 31 декември 2026 г.,52,Складиране и съхраняване на товари и спомагателни дейности в транспорта,1.1
28,Прил.2,,Диференцирани осигурителни вноски за фонд „Трудова злополука и професионална болест“ за периода от 1 август до 31 декември 2026 г.,68,Операции с недвижими имоти,1.1
28,Прил.2,,Диференцирани осигурителни вноски за фонд „Трудова злополука и професионална болест“ за периода от 1 август до 31 декември 2026 г.,77,Даване под наем и оперативен лизинг,1.1
28,Прил.2,,Диференцирани осигурителни вноски за фонд „Трудова злополука и професионална болест“ за периода от 1 август до 31 декември 2026 г.,01,"Растениевъдство, животновъдство и лов; спомагателни дейности",0.9
28,Прил.2,,Диференцирани осигурителни вноски за фонд „Трудова злополука и професионална болест“ за периода от 1 август до 31 декември 2026 г.,10,Производство на хранителни продукти,0.9
28,Прил.2,,Диференцирани осигурителни вноски за фонд „Трудова злополука и професионална болест“ за периода от 1 август до 31 декември 2026 г.,21,Производство на лекарствени вещества и продукти,0.9
28,Прил.2,,Диференцирани осигурителни вноски за фонд „Трудова злополука и професионална болест“ за периода от 1 август до 31 декември 2026 г.,28,"Производство на машини и оборудване, с общо и специално предназначение",0.9
28,Прил.2,,Диференцирани осигурителни вноски за фонд „Трудова злополука и професионална болест“ за периода от 1 август до 31 декември 2026 г.,35,"Производство и разпределение на електрическа и топлинна енергия, газообразни горива и енергия за охлаждане",0.9
28,Прил.2,,Диференцирани осигурителни вноски за фонд „Трудова злополука и професионална болест“ за периода от 1 август до 31 декември 2026 г.,36,"Събиране, пречистване и доставяне на води",0.9
28,Прил.2,,Диференцирани осигурителни вноски за фонд „Трудова злополука и професионална болест“ за периода от 1 август до 31 декември 2026 г.,81,Дейности по обслужване на сгради и озеленяване,0.9
28,Прил.2,,Диференцирани осигурителни вноски за фонд „Трудова злополука и професионална болест“ за периода от 1 август до 31 декември 2026 г.,03,Рибно стопанство,0.7
28,Прил.2,,Диференцирани осигурителни вноски за фонд „Трудова злополука и професионална болест“ за периода от 1 август до 31 декември 2026 г.,06,Добив на нефт и природен газ,0.7
28,Прил.2,,Диференцирани осигурителни вноски за фонд „Трудова злополука и професионална болест“ за периода от 1 август до 31 декември 2026 г.,11,Производство на напитки,0.7
28,Прил.2,,Диференцирани осигурителни вноски за фонд „Трудова злополука и професионална болест“ за периода от 1 август до 31 декември 2026 г.,27,Производство на електрически съоръжения,0.7
28,Прил.2,,Диференцирани осигурителни вноски за фонд „Трудова злополука и професионална болест“ за периода от 1 август до 31 декември 2026 г.,32,"Производство, некласифицирано другаде",0.7
28,Прил.2,,Диференцирани осигурителни вноски за фонд „Трудова злополука и професионална болест“ за периода от 1 август до 31 декември 2026 г.,51,Въздушен транспорт,0.7
28,Прил.2,,Диференцирани осигурителни вноски за фонд „Трудова злополука и професионална болест“ за периода от 1 август до 31 декември 2026 г.,53,Пощенски и куриерски дейности,0.7
28,Прил.2,,Диференцирани осигурителни вноски за фонд „Трудова злополука и професионална болест“ за периода от 1 август до 31 декември 2026 г.,61,Телекомуникации,0.7
28,Прил.2,,Диференцирани осигурителни вноски за фонд „Трудова злополука и професионална болест“ за периода от 1 август до 31 декември 2026 г.,80,Дейности по разследване и охрана,0.7
28,Прил.2,,Диференцирани осигурителни вноски за фонд „Трудова злополука и професионална болест“ за периода от 1 август до 31 декември 2026 г.,84,Държавно управление,0.7
28,Прил.2,,Диференцирани осигурителни вноски за фонд „Трудова злополука и професионална болест“ за периода от 1 август до 31 декември 2026 г.,90,Артистична и творческа дейност и изпълнителско изкуство,0.7
28,Прил.2,,Диференцирани осигурителни вноски за фонд „Трудова злополука и професионална болест“ за периода от 1 август до 31 декември 2026 г.,93,"Спортни и други дейности, свързани с развлечения и отдих",0.7
28,Прил.2,,Диференцирани осигурителни вноски за фонд „Трудова злополука и професионална болест“ за периода от 1 август до 31 декември 2026 г.,14,Производство на облекло,0.5
28,Прил.2,,Диференцирани осигурителни вноски за фонд „Трудова злополука и професионална болест“ за периода от 1 август до 31 декември 2026 г.,15,Обработка на кожи; производство на обувки; производство на изделия за пътуване и сарашки изделия от всякакви материали,0.5
28,Прил.2,,Диференцирани осигурителни вноски за фонд „Трудова злополука и професионална болест“ за периода от 1 август до 31 декември 2026 г.,18,Печатна дейност и възпроизвеждане на записани носители,0.5
28,Прил.2,,Диференцирани осигурителни вноски за фонд „Трудова злополука и професионална болест“ за периода от 1 август до 31 декември 2026 г.,26,"Производство на компютърна и телекомуникационна техника, електронни и оптични продукти",0.5
28,Прил.2,,Диференцирани осигурителни вноски за фонд „Трудова злополука и професионална болест“ за периода от 1 август до 31 декември 2026 г.,29,"Производство на автомобили, ремаркета и полуремаркета",0.5
28,Прил.2,,Диференцирани осигурителни вноски за фонд „Трудова злополука и професионална болест“ за периода от 1 август до 31 декември 2026 г.,46,Търговия на едро,0.5
28,Прил.2,,Диференцирани осигурителни вноски за фонд „Трудова злополука и професионална болест“ за периода от 1 август до 31 декември 2026 г.,47,Търговия на дребно,0.5
28,Прил.2,,Диференцирани осигурителни вноски за фонд „Трудова злополука и професионална болест“ за периода от 1 август до 31 декември 2026 г.,55,Хотелиерство,0.5
28,Прил.2,,Диференцирани осигурителни вноски за фонд „Трудова злополука и професионална болест“ за периода от 1 август до 31 декември 2026 г.,56,Ресторантьорство,0.5
28,Прил.2,,Диференцирани осигурителни вноски за фонд „Трудова злополука и професионална болест“ за периода от 1 август до 31 декември 2026 г.,59,"Производство на филми и телевизионни предавания, звукозаписване и издаване на музика",0.5
28,Прил.2,,Диференцирани осигурителни вноски за фонд „Трудова злополука и професионална болест“ за периода от 1 август до 31 декември 2026 г.,70,Дейност на централни офиси и консултантски дейности в областта на управлението,0.5
28,Прил.2,,Диференцирани осигурителни вноски за фонд „Трудова злополука и професионална болест“ за периода от 1 август до 31 декември 2026 г.,71,Архитектурни и инженерни дейности; технически изпитвания и анализи,0.5
28,Прил.2,,Диференцирани осигурителни вноски за фонд „Трудова злополука и професионална болест“ за периода от 1 август до 31 декември 2026 г.,72,Научноизследователска и развойна дейност,0.5
28,Прил.2,,Диференцирани осигурителни вноски за фонд „Трудова злополука и професионална болест“ за периода от 1 август до 31 декември 2026 г.,74,Други професионални дейности,0.5
28,Прил.2,,Диференцирани осигурителни вноски за фонд „Трудова злополука и професионална болест“ за периода от 1 август до 31 декември 2026 г.,78,Дейности по наемане и предоставяне на работна сила,0.5
28,Прил.2,,Диференцирани осигурителни вноски за фонд „Трудова злополука и професионална болест“ за периода от 1 август до 31 декември 2026 г.,79,"Туристическа агентска и операторска дейност и други дейности, свързани с пътувания и резервации",0.5
28,Прил.2,,Диференцирани осигурителни вноски за фонд „Трудова злополука и професионална болест“ за периода от 1 август до 31 декември 2026 г.,82,Административни офис дейности и друго спомагателно обслужване на стопанската дейност,0.5
28,Прил.2,,Диференцирани осигурителни вноски за фонд „Трудова злополука и професионална болест“ за периода от 1 август до 31 декември 2026 г.,85,Образование,0.5
28,Прил.2,,Диференцирани осигурителни вноски за фонд „Трудова злополука и професионална болест“ за периода от 1 август до 31 декември 2026 г.,86,Хуманно здравеопазване,0.5
28,Прил.2,,Диференцирани осигурителни вноски за фонд „Трудова злополука и професионална болест“ за периода от 1 август до 31 декември 2026 г.,87,Медико-социални грижи с настаняване,0.5
28,Прил.2,,Диференцирани осигурителни вноски за фонд „Трудова злополука и професионална болест“ за периода от 1 август до 31 декември 2026 г.,88,Социална работа без настаняване,0.5
28,Прил.2,,Диференцирани осигурителни вноски за фонд „Трудова злополука и професионална болест“ за периода от 1 август до 31 декември 2026 г.,91,Други дейности в областта на културата,0.5
28,Прил.2,,Диференцирани осигурителни вноски за фонд „Трудова злополука и професионална болест“ за периода от 1 август до 31 декември 2026 г.,92,Организиране на хазартни игри,0.5
28,Прил.2,,Диференцирани осигурителни вноски за фонд „Трудова злополука и професионална болест“ за периода от 1 август до 31 декември 2026 г.,95,"Ремонт и поддържане на компютърна техника, на лични и домакински вещи и техническо обслужване и ремонт на автомобили и мотоциклети",0.5
28,Прил.2,,Диференцирани осигурителни вноски за фонд „Трудова злополука и професионална болест“ за периода от 1 август до 31 декември 2026 г.,58,Издателска дейност,0.4
28,Прил.2,,Диференцирани осигурителни вноски за фонд „Трудова злополука и професионална болест“ за периода от 1 август до 31 декември 2026 г.,60,"Радио- и телевизионна дейност, дейности на информационни агенции и разпространение на друго съдържание",0.4
28,Прил.2,,Диференцирани осигурителни вноски за фонд „Трудова злополука и професионална болест“ за периода от 1 август до 31 декември 2026 г.,62,Дейности в областта на информационните технологии,0.4
28,Прил.2,,Диференцирани осигурителни вноски за фонд „Трудова злополука и професионална болест“ за периода от 1 август до 31 декември 2026 г.,63,"Инфраструктура за информационни технологии, обработка на данни, хостинг и други информационни услуги",0.4
28,Прил.2,,Диференцирани осигурителни вноски за фонд „Трудова злополука и професионална болест“ за периода от 1 август до 31 декември 2026 г.,64,"Предоставяне на финансови услуги, без застраховане и допълнително пенсионно осигуряване",0.4
28,Прил.2,,Диференцирани осигурителни вноски за фонд „Трудова злополука и професионална болест“ за периода от 1 август до 31 декември 2026 г.,65,"Застраховане, презастраховане и допълнително пенсионно осигуряване",0.4
28,Прил.2,,Диференцирани осигурителни вноски за фонд „Трудова злополука и професионална болест“ за периода от 1 август до 31 декември 2026 г.,66,Спомагателни дейности във финансовите услуги и застраховането,0.4
28,Прил.2,,Диференцирани осигурителни вноски за фонд „Трудова злополука и професионална болест“ за периода от 1 август до 31 декември 2026 г.,69,Юридически и счетоводни дейности,0.4
28,Прил.2,,Диференцирани осигурителни вноски за фонд „Трудова злополука и професионална болест“ за периода от 1 август до 31 декември 2026 г.,73,"Рекламна дейност, проучване на пазари и връзки с обществеността",0.4
28,Прил.2,,Диференцирани осигурителни вноски за фонд „Трудова злополука и професионална болест“ за периода от 1 август до 31 декември 2026 г.,75,Ветеринарномедицинска дейност,0.4
28,Прил.2,,Диференцирани осигурителни вноски за фонд „Трудова злополука и професионална болест“ за периода от 1 август до 31 декември 2026 г.,94,Дейности на организации с нестопанска цел,0.4
28,Прил.2,,Диференцирани осигурителни вноски за фонд „Трудова злополука и професионална болест“ за периода от 1 август до 31 декември 2026 г.,96,Персонални услуги,0.4
28,Прил.2,,Диференцирани осигурителни вноски за фонд „Трудова злополука и професионална болест“ за периода от 1 август до 31 декември 2026 г.,97,Дейности на домакинства като работодатели на домашен персонал,0.4
28,Прил.2,,Диференцирани осигурителни вноски за фонд „Трудова злополука и професионална болест“ за периода от 1 август до 31 декември 2026 г.,98,Недиференцирани дейности на домакинства по производство на стоки и услуги за собствено потребление,0.4
28,Прил.2,,Диференцирани осигурителни вноски за фонд „Трудова злополука и професионална болест“ за периода от 1 август до 31 декември 2026 г.,99,Дейности на екстериториални организации и служби,0.4
29,Прил.3,,(в хил. евро),,ПОКАЗАТЕЛИ,БЮДЖЕТ 2026 г.
29,Прил.3,,(в хил. евро),,І. ПРИХОДИ,"1,968.5"
29,Прил.3,,(в хил. евро),,Приходи от лихви и отстъпки от държавни и общински ценни книжа,"1,968.5"
29,Прил.3,,(в хил. евро),,ІІ. РАЗХОДИ,"2,484.4"
29,Прил.3,,(в хил. евро),,Обезщетения и помощи за домакинствата,"2,300.8"
29,Прил.3,,(в хил. евро),,Разходи за гарантирани вземания на работници и служители,"2,300.8"
29,Прил.3,,(в хил. евро),,Разходи за дейността,46.0
29,Прил.3,,(в хил. евро),,"Разходи за дейността, извършени по чл. 13 от Закона за гарантираните вземания на работниците и служителите при несъстоятелност на работодателя",46.0
29,Прил.3,,(в хил. евро),,Разходи за заплати и възнаграждения на персонала,42.7
29,Прил.3,,(в хил. евро),,Други възнаграждения и плащания на персонала,62.6
29,Прил.3,,(в хил. евро),,Задължителни осигурителни вноски от работодатели,12.1
29,Прил.3,,(в хил. евро),,Издръжка,20.2
29,Прил.3,,(в хил. евро),,III. ТРАНСФЕРИ,0.0
29,Прил.3,,(в хил. евро),,IV. ДЕФИЦИТ (-) / ИЗЛИШЪК (+),-515.9
29,Прил.3,,(в хил. евро),,V. ФИНАНСИРАНЕ,515.9
29,Прил.3,,(в хил. евро),,Покупко-продажба на държавни (общински) ценни книжа от бюджетни организации – нето (+/-),"1,985.3"
29,Прил.3,,(в хил. евро),,Покупка на държавни (общински) ценни книжа на първичния пазар (-),"-10,225.8"
29,Прил.3,,(в хил. евро),,Получени погашения по държавни (общински) ценни книжа (+),"12,211.1"
29,Прил.3,,(в хил. евро),,Депозити и средства по сметки – нето (+/-),"-1,469.4"
29,Прил.3,,(в хил. евро),,Остатък по левови текущи сметки в БНБ от предходния период (+),"25,830.8"
29,Прил.3,,(в хил. евро),,Остатък по левови депозити в БНБ от предходния период (+),"3,579.0"
29,Прил.3,,(в хил. евро),,Наличност по левови текущи сметки в БНБ в края на периода (-),"-26,277.6"
29,Прил.3,,(в хил. евро),,Наличност по левови депозити в БНБ в края на периода (-),"-4,601.6"
30,Прил.4,,(в хил. евро),,ПОКАЗАТЕЛИ,БЮДЖЕТ 2026 г.
30,Прил.4,,(в хил. евро),,I. ПРИХОДИ,"81,838.4"
30,Прил.4,,(в хил. евро),,Данъчно-осигурителни приходи,"77,480.0"
30,Прил.4,,(в хил. евро),,Осигурителни вноски от работодатели за Учителския пенсионен фонд,"77,480.0"
30,Прил.4,,(в хил. евро),,Неданъчни приходи,"4,358.4"
30,Прил.4,,(в хил. евро),,Приходи и доходи от собственост,"4,358.4"
30,Прил.4,,(в хил. евро),,Приходи от лихви и отстъпки от държавни и общински ценни книжа,"4,358.4"
30,Прил.4,,(в хил. евро),,II. РАЗХОДИ,"73,969.9"
30,Прил.4,,(в хил. евро),,Издръжка,42.6
30,Прил.4,,(в хил. евро),,Други финансови услуги,42.6
30,Прил.4,,(в хил. евро),,Пенсии,"73,927.3"
30,Прил.4,,(в хил. евро),,Пенсии от Учителския пенсионен фонд,"16,915.9"
30,Прил.4,,(в хил. евро),,Добавки от Учителския пенсионен фонд,"57,011.4"
30,Прил.4,,(в хил. евро),,III. ТРАНСФЕРИ,0.0
30,Прил.4,,(в хил. евро),,IV. ДЕФИЦИТ (-) / ИЗЛИШЪК (+),"7,868.5"
30,Прил.4,,(в хил. евро),,V. ФИНАНСИРАНЕ,"-7,868.5"
30,Прил.4,,(в хил. евро),,Покупко-продажба на държавни (общински) ценни книжа от бюджетни организации – нето (+/-),"-67,147.7"
30,Прил.4,,(в хил. евро),,Покупка на държавни (общински) ценни книжа на първичния пазар (-),"-79,418.7"
30,Прил.4,,(в хил. евро),,Получени погашения по държавни (общински) ценни книжа (+),"12,271.0"
30,Прил.4,,(в хил. евро),,Депозити и средства по сметки – нето (+/-),"59,279.2"
30,Прил.4,,(в хил. евро),,Остатък по левови текущи сметки в БНБ от предходния период (+),"27,297.5"
30,Прил.4,,(в хил. евро),,Остатък по левови депозити в БНБ от предходния период (+),"217,299.1"
30,Прил.4,,(в хил. евро),,Наличност по левови текущи сметки в БНБ в края на периода (-),"-31,929.8"
30,Прил.4,,(в хил. евро),,Наличност по левови депозити в БНБ в края на периода (-),"-153,387.6"
31,Прил.5,,КОНСОЛИДИРАН БЮДЖЕТ на администрираните от Националния осигурителен институт социалноосигурителни фондове за 2026 г.,,ПОКАЗАТЕЛИ,Сума (хил. евро)
31,Прил.5,,КОНСОЛИДИРАН БЮДЖЕТ на администрираните от Националния осигурителен институт социалноосигурителни фондове за 2026 г.,I.,ПРИХОДИ И ТРАНСФЕРИ – ВСИЧКО,"15,349,589.3"
31,Прил.5,,КОНСОЛИДИРАН БЮДЖЕТ на администрираните от Националния осигурителен институт социалноосигурителни фондове за 2026 г.,1.,Приходи,"8,604,652.2"
31,Прил.5,,КОНСОЛИДИРАН БЮДЖЕТ на администрираните от Националния осигурителен институт социалноосигурителни фондове за 2026 г.,1.1.,Осигурителни приходи,"8,429,525.9"
31,Прил.5,,КОНСОЛИДИРАН БЮДЖЕТ на администрираните от Националния осигурителен институт социалноосигурителни фондове за 2026 г.,1.1.1.,Осигурителни вноски,"8,429,525.9"
31,Прил.5,,КОНСОЛИДИРАН БЮДЖЕТ на администрираните от Националния осигурителен институт социалноосигурителни фондове за 2026 г.,1.2.,Неданъчни приходи,"175,523.6"
31,Прил.5,,КОНСОЛИДИРАН БЮДЖЕТ на администрираните от Националния осигурителен институт социалноосигурителни фондове за 2026 г.,1.3.,Внесени ДДС и други данъци върху продажбите,-397.3
31,Прил.5,,КОНСОЛИДИРАН БЮДЖЕТ на администрираните от Националния осигурителен институт социалноосигурителни фондове за 2026 г.,2.,Получени трансфери от централния / държавния бюджет,"6,744,937.1"
31,Прил.5,,КОНСОЛИДИРАН БЮДЖЕТ на администрираните от Националния осигурителен институт социалноосигурителни фондове за 2026 г.,I.,РАЗХОДИ И ТРАНСФЕРИ – ВСИЧКО,"15,342,236.7"
31,Прил.5,,КОНСОЛИДИРАН БЮДЖЕТ на администрираните от Националния осигурителен институт социалноосигурителни фондове за 2026 г.,1.,Разходи,"15,338,453.1"
31,Прил.5,,КОНСОЛИДИРАН БЮДЖЕТ на администрираните от Националния осигурителен институт социалноосигурителни фондове за 2026 г.,1.1.,Пенсии,"13,578,731.3"
31,Прил.5,,КОНСОЛИДИРАН БЮДЖЕТ на администрираните от Националния осигурителен институт социалноосигурителни фондове за 2026 г.,1.2.,Социални помощи и обезщетения,"1,655,904.9"
31,Прил.5,,КОНСОЛИДИРАН БЮДЖЕТ на администрираните от Националния осигурителен институт социалноосигурителни фондове за 2026 г.,1.3.,"Програми , дейности и служби по социалното осигуряване , подпомагане и заетостта","103,685.8"
31,Прил.5,,КОНСОЛИДИРАН БЮДЖЕТ на администрираните от Националния осигурителен институт социалноосигурителни фондове за 2026 г.,1.3.1.,Разходи за персонал,"74,301.0"
31,Прил.5,,КОНСОЛИДИРАН БЮДЖЕТ на администрираните от Националния осигурителен институт социалноосигурителни фондове за 2026 г.,1.3.2.,Издръжка,"27,081.7"
31,Прил.5,,КОНСОЛИДИРАН БЮДЖЕТ на администрираните от Националния осигурителен институт социалноосигурителни фондове за 2026 г.,1.3.3.,"Платени данъци, такси и административни санкции",350.6
31,Прил.5,,КОНСОЛИДИРАН БЮДЖЕТ на администрираните от Националния осигурителен институт социалноосигурителни фондове за 2026 г.,1.3.4.,Разходи за членски внос и участие в нетърговски организации и дейности,71.5
31,Прил.5,,КОНСОЛИДИРАН БЮДЖЕТ на администрираните от Националния осигурителен институт социалноосигурителни фондове за 2026 г.,1.3.5.,Капиталови разходи,"1,881.0"
31,Прил.5,,КОНСОЛИДИРАН БЮДЖЕТ на администрираните от Националния осигурителен институт социалноосигурителни фондове за 2026 г.,1.4.,Отбрана и сигурност,131.1
31,Прил.5,,КОНСОЛИДИРАН БЮДЖЕТ на администрираните от Националния осигурителен институт социалноосигурителни фондове за 2026 г.,2.,Предоставени трансфери,"3,783.6"
31,Прил.5,,КОНСОЛИДИРАН БЮДЖЕТ на администрираните от Националния осигурителен институт социалноосигурителни фондове за 2026 г.,,"ДЕФИЦИТ (-), ИЗЛИШЪК (+)","7,352.6"
31,Прил.5,,КОНСОЛИДИРАН БЮДЖЕТ на администрираните от Националния осигурителен институт социалноосигурителни фондове за 2026 г.,,ФИНАНСИРАНЕ,"-7,352.6"
31,Прил.5,,КОНСОЛИДИРАН БЮДЖЕТ на администрираните от Националния осигурителен институт социалноосигурителни фондове за 2026 г.,,Покупко-продажба на държавни (общински) ценни книжа – нето (+/-),"-65,162.4"
31,Прил.5,,КОНСОЛИДИРАН БЮДЖЕТ на администрираните от Националния осигурителен институт социалноосигурителни фондове за 2026 г.,,Депозити и средства по сметки – нето (+/-),"57,809.8"
31,Прил.5,,КОНСОЛИДИРАН БЮДЖЕТ на администрираните от Националния осигурителен институт социалноосигурителни фондове за 2026 г.,,Наличности в началото на периода (+),"274,006.4"
31,Прил.5,,КОНСОЛИДИРАН БЮДЖЕТ на администрираните от Националния осигурителен институт социалноосигурителни фондове за 2026 г.,,Наличности в края на периода (-),"-216,196.6"
