article,spending_unit,breakdown_type,row_no,policy_area_or_program,amount_thousand_EUR
2,съдебната власт,functional_area,,1,2.0
2,съдебната власт,functional_area,1.,Функционална област „Управление на съдебната власт“,54301.6
2,съдебната власт,functional_area,2.,Функционална област „Правораздаване“,424623.1
2,съдебната власт,functional_area,3.,Функционална област „Спазване на законността“,268742.4
2,съдебната власт,functional_area,4.,Функционална област „Електронно правосъдие“,10733.6
2,съдебната власт,functional_area,5.,Функционална област „Кадрови потенциал на съдебната власт“,3632.3
2,съдебната власт,functional_area,,Всичко:,762033.0
3,Народното събрание,functional_area,,1,2.0
3,Народното събрание,functional_area,1.,Функционална област „Представителен и ефективен Парламент“,41585.1
3,Народното събрание,functional_area,,в т.ч. Резерв за неотложни и непредвидени разходи,255.6
3,Народното събрание,functional_area,2.,Функционална област „Осигуряващи дейности“,19593.9
3,Народното събрание,functional_area,3.,Функционална област „Съпътстваща дейност“ (Икономически и социален съвет),1509.0
3,Народното събрание,functional_area,4.,Функционална област „Мониторинг на фискалната политика“ (Фискален съвет),479.0
3,Народното събрание,functional_area,,Всичко:,63167.0
4,Сметната палата,functional_area,,1,2.0
4,Сметната палата,functional_area,1.,Функционална област „Контрол по изпълнението на бюджета и управлението на публичните средства и дейности“,15670.0
4,Сметната палата,functional_area,2.,Функционална област „Осъществяване на превенция на корупцията и установяване на конфликт на интереси“,7510.5
4,Сметната палата,functional_area,,Всичко:,23180.5
5,Администрацията на президента,functional_area,,1,2.0
5,Администрацията на президента,functional_area,1.,Функционална област „Осъществяване на конституционните правомощия на президента на Република България“,6595.1
5,Администрацията на президента,functional_area,,Всичко:,6595.1
6,Министерския съвет,policy_or_program,,1,2.0
6,Министерския съвет,policy_or_program,1.,Област „Осигуряване дейността и организацията на работата на Министерския съвет“,11756.5
6,Министерския съвет,policy_or_program,2.,Политика в областта на управлението на средствата от ЕС,275.1
6,Министерския съвет,policy_or_program,3.,Политика в областта на осъществяването на държавните функции на територията на областите в България,27697.7
6,Министерския съвет,policy_or_program,4.,Политика в областта на правото на вероизповедание,36741.3
6,Министерския съвет,policy_or_program,5.,Политика в областта на архивното дело,8395.9
6,Министерския съвет,policy_or_program,6.,Бюджетна програма „Администрация“,18749.9
6,Министерския съвет,policy_or_program,7.,"Други бюджетни програми (общо), в т.ч.:",20046.0
6,Министерския съвет,policy_or_program,7.1.,Бюджетна програма „Други дейности и услуги“,12067.9
6,Министерския съвет,policy_or_program,7.2.,Бюджетна програма „Убежище и бежанци“,7978.1
6,Министерския съвет,policy_or_program,,Всичко:,123662.4
7,Конституционния съд,functional_area,,1,2.0
7,Конституционния съд,functional_area,1.,Функционална област „Върховенство на Конституцията“,5122.5
7,Конституционния съд,functional_area,,Всичко:,5122.5
8,Омбудсмана,functional_area,,1,2.0
8,Омбудсмана,functional_area,1.,Функционална област „Защита правата на гражданите“,2632.6
8,Омбудсмана,functional_area,,Всичко:,2632.6
9,Министерството на финансите,policy_or_program,,1,2.0
9,Министерството на финансите,policy_or_program,1.,Политика в областта на устойчивите и прозрачни публични финанси,46687.4
9,Министерството на финансите,policy_or_program,2.,Политика в областта на ефективното събиране на всички държавни приходи,298713.2
9,Министерството на финансите,policy_or_program,3.,"Политика в областта на защитата на обществото и икономиката от финансови измами, контрабанда на стоки, изпиране на пари и финансиране на тероризма",40829.0
9,Министерството на финансите,policy_or_program,4.,Политика в областта на управлението на дълга,3531.4
9,Министерството на финансите,policy_or_program,5.,Бюджетна програма „Администрация“,19390.9
9,Министерството на финансите,policy_or_program,,Всичко:,409151.9
10,Министерството на външните работи,policy_or_program,,1,2.0
10,Министерството на външните работи,policy_or_program,1.,Политика в областта на активната двустранна и многостранна дипломация,136897.0
10,Министерството на външните работи,policy_or_program,2.,Политика в областта на публичната дипломация и публичните дейности в подкрепа на целите на външната политика,927.3
10,Министерството на външните работи,policy_or_program,3.,Политика в областта на подкрепата за българските общности и лицата с българско самосъзнание зад граница,795.0
10,Министерството на външните работи,policy_or_program,,Всичко:,138619.3
11,Министерството на отбраната,policy_or_program,,1,2.0
11,Министерството на отбраната,policy_or_program,1.,Политика в областта на отбранителните способности,2476552.2
11,Министерството на отбраната,policy_or_program,2.,Политика в областта на съюзната и международната сигурност,92055.7
11,Министерството на отбраната,policy_or_program,,Всичко:,2568607.9
12,Министерството на вътрешните работи,policy_or_program,,1,2.0
12,Министерството на вътрешните работи,policy_or_program,1.,Политика в областта на противодействието на престъпността и опазването на обществения ред,1225550.2
12,Министерството на вътрешните работи,policy_or_program,2.,Политика в областта на защитата на границите и контрол на миграционните процеси,325396.0
12,Министерството на вътрешните работи,policy_or_program,3.,Политика в областта на пожарната безопасност и защитата на населението при извънредни ситуации,351618.0
12,Министерството на вътрешните работи,policy_or_program,4.,Политика в областта на управлението и развитието на системата на Министерството на вътрешните работи,212669.0
12,Министерството на вътрешните работи,policy_or_program,,Всичко:,2115233.2
13,Министерството на правосъдието,policy_or_program,,1,2.0
13,Министерството на правосъдието,policy_or_program,1.,Политика в областта на правосъдието,126975.3
13,Министерството на правосъдието,policy_or_program,2.,Политика в областта на изпълнение на наказанията,226043.1
13,Министерството на правосъдието,policy_or_program,3.,Бюджетна програма „Администрация“,7011.9
13,Министерството на правосъдието,policy_or_program,,Всичко:,360030.3
14,Министерството на труда и социалната политика,policy_or_program,,1,2.0
14,Министерството на труда и социалната политика,policy_or_program,1.,"Политика в областта на пазара на труда, свободното движение на работници и трудовата миграция",85286.0
14,Министерството на труда и социалната политика,policy_or_program,2.,Политика в областта на трудовите отношения,18346.4
14,Министерството на труда и социалната политика,policy_or_program,3.,Политика в областта на социалното подпомагане и равнопоставеността на жените и мъжете,216912.5
14,Министерството на труда и социалната политика,policy_or_program,4.,Политика в областта на хората с увреждания,1364484.6
14,Министерството на труда и социалната политика,policy_or_program,5.,Политика в областта на социалното включване,417867.9
14,Министерството на труда и социалната политика,policy_or_program,6.,"Политика в областта на жизненото равнище, демографското развитие и социалните инвестиции",740.8
14,Министерството на труда и социалната политика,policy_or_program,7.,Бюджетна програма „Администрация“,8817.3
14,Министерството на труда и социалната политика,policy_or_program,,Всичко:,2112455.5
15,Министерството на здравеопазването,policy_or_program,,1,2.0
15,Министерството на здравеопазването,policy_or_program,1.,"Политика в областта на промоцията, превенцията и контрола на общественото здраве",91268.3
15,Министерството на здравеопазването,policy_or_program,2.,Политика в областта на диагностиката и лечението,506645.0
15,Министерството на здравеопазването,policy_or_program,3.,Политика в областта на лекарствените продукти и медицинските изделия,26084.0
15,Министерството на здравеопазването,policy_or_program,4.,Бюджетна програма „Администрация“,22425.9
15,Министерството на здравеопазването,policy_or_program,,Всичко:,646423.2
16,Министерството на образованието и науката,policy_or_program,,1,2.0
16,Министерството на образованието и науката,policy_or_program,1.,"Политика в областта на всеобхватното, достъпно и качествено предучилищно и училищно образование. Учене през целия живот",703080.7
16,Министерството на образованието и науката,policy_or_program,2.,Политика в областта на равен достъп до качествено висше образование и развитие на научния потенциал,48541.0
16,Министерството на образованието и науката,policy_or_program,3.,Бюджетна програма „Администрация“,6786.7
16,Министерството на образованието и науката,policy_or_program,,Всичко:,758408.4
17,Министерството на културата,policy_or_program,,1,2.0
17,Министерството на културата,policy_or_program,1.,Политика в областта на опазване на движимото и недвижимото културно наследство,26152.0
17,Министерството на културата,policy_or_program,2.,Политика в областта на създаване и популяризиране на съвременно изкуство в страната и в чужбина и достъп до качествено художествено образование,238720.7
17,Министерството на културата,policy_or_program,3.,Бюджетна програма „Администрация“,4179.0
17,Министерството на културата,policy_or_program,,Всичко:,269051.7
18,Министерството на околната среда и водите,policy_or_program,,1,2.0
18,Министерството на околната среда и водите,policy_or_program,1.,Политика в областта на опазването и ползването на компонентите на околната среда,28831.9
18,Министерството на околната среда и водите,policy_or_program,2.,Политика в областта на Националната система за мониторинг на околната среда и информационна обезпеченост,10853.8
18,Министерството на околната среда и водите,policy_or_program,3.,Други бюджетни програми:,19497.9
18,Министерството на околната среда и водите,policy_or_program,3.1.,"Бюджетна програма „Дейности по метеорология, хидрология и агрометеорология“",19497.9
18,Министерството на околната среда и водите,policy_or_program,4.,Бюджетна програма „Администрация“,18590.5
18,Министерството на околната среда и водите,policy_or_program,,Всичко:,77774.1
19,"Министерството на икономиката, инвестициите и индустрията",policy_or_program,,1,2.0
19,"Министерството на икономиката, инвестициите и индустрията",policy_or_program,1.,Политика в областта на устойчивото икономическо развитие и конкурентоспособност,58021.3
19,"Министерството на икономиката, инвестициите и индустрията",policy_or_program,2.,Политика в областта на ефективното външноикономическо сътрудничество,7704.9
19,"Министерството на икономиката, инвестициите и индустрията",policy_or_program,3.,Бюджетна програма „Администрация“,5818.3
19,"Министерството на икономиката, инвестициите и индустрията",policy_or_program,,Всичко:,71544.5
20,Министерството на иновациите и дигиталната трансформация,policy_or_program,,1,2.0
20,Министерството на иновациите и дигиталната трансформация,policy_or_program,1.,"Политика в областта на иновациите, технологичното и икономическото развитие",14255.6
20,Министерството на иновациите и дигиталната трансформация,policy_or_program,2.,Политика в областта на дигиталната трансформация на публичния сектор,22252.5
20,Министерството на иновациите и дигиталната трансформация,policy_or_program,3.,Бюджетна програма „Администрация“,5680.6
20,Министерството на иновациите и дигиталната трансформация,policy_or_program,,Всичко:,42188.7
21,Министерството на енергетиката,policy_or_program,,1,2.0
21,Министерството на енергетиката,policy_or_program,1.,Политика в областта на устойчивото и конкурентоспособно енергийно развитие,38386.4
21,Министерството на енергетиката,policy_or_program,2.,Бюджетна програма „Администрация“,4881.4
21,Министерството на енергетиката,policy_or_program,,Всичко:,43267.8
22,Министерството на туризма,policy_or_program,,1,2.0
22,Министерството на туризма,policy_or_program,1.,Политика в областта на устойчивото развитие на туризма,11940.0
22,Министерството на туризма,policy_or_program,2.,Бюджетна програма „Администрация“,2522.4
22,Министерството на туризма,policy_or_program,,Всичко:,14462.4
23,Министерството на регионалното развитие и благоустройството,policy_or_program,,1,2.0
23,Министерството на регионалното развитие и благоустройството,policy_or_program,1.,Политика за интегрирано развитие на регионите за постигане на растеж и подобряване качеството на жизнената среда,21080.1
23,Министерството на регионалното развитие и благоустройството,policy_or_program,2.,"Политика за подобряване на инвестиционния процес, поддържане, модернизация и изграждане на техническата инфраструктура",1017660.8
23,Министерството на регионалното развитие и благоустройството,policy_or_program,3.,Бюджетна програма „Ефективна администрация и координация“,19862.7
23,Министерството на регионалното развитие и благоустройството,policy_or_program,,Всичко:,1058603.6
24,Министерството на земеделието и храните,policy_or_program,,1,2.0
24,Министерството на земеделието и храните,policy_or_program,1.,Политика в областта на земеделието и селските райони,158038.7
24,Министерството на земеделието и храните,policy_or_program,2.,Политика в областта на рибарството и аквакултурите,5193.5
24,Министерството на земеделието и храните,policy_or_program,3.,Политика в областта на съхраняването и увеличаването на горите и дивеча,24255.2
24,Министерството на земеделието и храните,policy_or_program,4.,Бюджетна програма „Администрация“,12844.2
24,Министерството на земеделието и храните,policy_or_program,,Всичко:,200331.6
25,Министерството на транспорта и съобщенията,policy_or_program,,1,2.0
25,Министерството на транспорта и съобщенията,policy_or_program,1.,Политика в областта на транспорта,504508.7
25,Министерството на транспорта и съобщенията,policy_or_program,2.,Политика в областта на съобщенията и цифровата свързаност,49475.2
25,Министерството на транспорта и съобщенията,policy_or_program,3.,"Бюджетна програма „Административно обслужване, медицинска и психологическа експертиза“",17728.0
25,Министерството на транспорта и съобщенията,policy_or_program,,Всичко:,571711.9
26,Министерството на младежта и спорта,policy_or_program,,1,2.0
26,Министерството на младежта и спорта,policy_or_program,1.,Политика в областта на спорта за учащи и спорта в свободното време,18770.9
26,Министерството на младежта и спорта,policy_or_program,2.,Политика в областта на спорта за високи постижения,58442.0
26,Министерството на младежта и спорта,policy_or_program,3.,"Политика в областта на привеждането на спортните обекти и съоръжения във вид, отговарящ на съвременните международни стандарти",5639.0
26,Министерството на младежта и спорта,policy_or_program,4.,Политика в областта на усвояването и прилагането на добри международни практики за спорта,373.3
26,Министерството на младежта и спорта,policy_or_program,5.,Политика в областта на младите хора,4288.8
26,Министерството на младежта и спорта,policy_or_program,6.,Бюджетна програма „Администрация“,2192.6
26,Министерството на младежта и спорта,policy_or_program,,Всичко:,89706.6
27,Държавната агенция „Национална сигурност“,policy_or_program,,1,2.0
27,Държавната агенция „Национална сигурност“,policy_or_program,1.,Политика в областта на защитата на националната сигурност,142580.1
27,Държавната агенция „Национална сигурност“,policy_or_program,,Всичко:,142580.1
28,Комисията за разкриване на документите и за обявяване на принадлежност на български граждани към Държавна сигурност и разузнавателните служби на Българската народна армия,functional_area,,1,2.0
28,Комисията за разкриване на документите и за обявяване на принадлежност на български граждани към Държавна сигурност и разузнавателните служби на Българската народна армия,functional_area,1.,Функционална област „Архив на Държавна сигурност и разузнавателните служби на Българската народна армия“,2849.7
28,Комисията за разкриване на документите и за обявяване на принадлежност на български граждани към Държавна сигурност и разузнавателните служби на Българската народна армия,functional_area,,Всичко:,2849.7
29,Комисията за защита от дискриминация,functional_area,,1,2.0
29,Комисията за защита от дискриминация,functional_area,1.,Функционална област „Противодействие и защита на гражданите от дискриминация“,2349.7
29,Комисията за защита от дискриминация,functional_area,,Всичко:,2349.7
30,Комисията за защита на личните данни,functional_area,,1,2.0
30,Комисията за защита на личните данни,functional_area,1.,Функционална област „Защита на личните данни на физическите лица“,3346.0
30,Комисията за защита на личните данни,functional_area,,Всичко:,3346.0
31,Комисията за отнемане на незаконно придобитото имущество,functional_area,,1,2.0
31,Комисията за отнемане на незаконно придобитото имущество,functional_area,1.,Функционална област „Предотвратяване на възможностите за незаконно придобиване на имущество“,7865.8
31,Комисията за отнемане на незаконно придобитото имущество,functional_area,,Всичко:,7865.8
32,Националната служба за охрана,functional_area,,1,2.0
32,Националната служба за охрана,functional_area,1.,Функционална област „Осигуряване безопасността на охраняваните лица и обекти и предоставяне на специализиран транспорт“,48891.0
32,Националната служба за охрана,functional_area,,Всичко:,48891.0
33,Държавната агенция „Разузнаване“,policy_or_program,,1,2.0
33,Държавната агенция „Разузнаване“,policy_or_program,1.,"Политика в областта на информационно-аналитичното обезпечаване на държавното ръководство, подпомагащо процеса на вземане на решения с цел защита на националната сигурност и интересите на Република България",35889.5
33,Държавната агенция „Разузнаване“,policy_or_program,,Всичко:,35889.5
34,Националния статистически институт,functional_area,,1,2.0
34,Националния статистически институт,functional_area,1.,"Функционална област „Безпристрастна, обективна, навременна и точна информация за състоянието на Република България“",23427.2
34,Националния статистически институт,functional_area,,Всичко:,23427.2
35,Комисията за защита на конкуренцията,functional_area,,1,2.0
35,Комисията за защита на конкуренцията,functional_area,1.,Функционална област „Защита на конкуренцията и контрол на законосъобразността при процедурите по възлагане на обществени поръчки и предоставяне на концесии“,4725.7
35,Комисията за защита на конкуренцията,functional_area,,Всичко:,4725.7
36,Комисията за регулиране на съобщенията,functional_area,,1,2.0
36,Комисията за регулиране на съобщенията,functional_area,1.,Функционална област „Електронни съобщения и пощенски услуги“,12400.3
36,Комисията за регулиране на съобщенията,functional_area,,Всичко:,12400.3
37,Съвета за електронни медии,functional_area,,1,2.0
37,Съвета за електронни медии,functional_area,1.,Функционална област „Регулиране на медийните услуги и на услуги на платформи за споделяне на видеоклипове“,1980.1
37,Съвета за електронни медии,functional_area,,Всичко:,1980.1
38,Комисията за енергийно и водно регулиране,functional_area,,1,2.0
38,Комисията за енергийно и водно регулиране,functional_area,1.,Функционална област „Държавна регулация в енергетиката и ВиК сектора“,8550.9
38,Комисията за енергийно и водно регулиране,functional_area,,Всичко:,8550.9
39,Агенцията за ядрено регулиране,functional_area,,1,2.0
39,Агенцията за ядрено регулиране,functional_area,1.,Функционална област „Регулация на ядрената безопасност и радиационната защита на Република България“,7233.7
39,Агенцията за ядрено регулиране,functional_area,,Всичко:,7233.7
40,Държавната комисия по сигурността на информацията,functional_area,,1,2.0
40,Държавната комисия по сигурността на информацията,functional_area,1.,Функционална област „Защита на класифицираната информация“,10714.2
40,Държавната комисия по сигурността на информацията,functional_area,,Всичко:,10714.2
41,Държавната агенция „Държавен резерв и военновременни запаси“,policy_or_program,,1,2.0
41,Държавната агенция „Държавен резерв и военновременни запаси“,policy_or_program,1.,"Политика в областта на държавните резерви, военновременните запаси и задължителните запаси от нефт и нефтопродукти (общо), в т.ч.:",78232.2
41,Държавната агенция „Държавен резерв и военновременни запаси“,policy_or_program,1.1.,Бюджетна програма „Държавни резерви и военновременни запаси“,69928.0
41,Държавната агенция „Държавен резерв и военновременни запаси“,policy_or_program,1.2.,Бюджетна програма „Запаси за извънредни ситуации от нефт и нефтопродукти и целеви запаси от нефтопродукти“,8304.2
41,Държавната агенция „Държавен резерв и военновременни запаси“,policy_or_program,,Всичко:,78232.2
42,Комисията за финансов надзор,functional_area,,1,2.0
42,Комисията за финансов надзор,functional_area,1.,Функционална област „Регулация и надзор на небанковия финансов сектор“,17926.0
42,Комисията за финансов надзор,functional_area,,Всичко:,17926.0
43,Комисията за публичен надзор над регистрираните одитори,functional_area,,1,2.0
43,Комисията за публичен надзор над регистрираните одитори,functional_area,1.,Функционална област „Осъществяване на публичен надзор над регистрираните одитори“,1465.6
43,Комисията за публичен надзор над регистрираните одитори,functional_area,,Всичко:,1465.6
44,Централната избирателна комисия,functional_area,,1,2.0
44,Централната избирателна комисия,functional_area,1.,"Функционална област „Организиране и произвеждане на законосъобразни, честни и свободни избори и национални референдуми“",3792.5
44,Централната избирателна комисия,functional_area,,Всичко:,3792.5
45,Държавен фонд „Земеделие“,policy_or_program,,1,2.0
45,Държавен фонд „Земеделие“,policy_or_program,1.,Политика на Министерството на земеделието и храните в областта на земеделието и селските райони,281928.2
45,Държавен фонд „Земеделие“,policy_or_program,2.,Политика на Министерството на земеделието и храните в областта на рибарството и аквакултурите,456.4
45,Държавен фонд „Земеделие“,policy_or_program,3.,Бюджетна програма „Администрация“,18532.9
45,Държавен фонд „Земеделие“,policy_or_program,,Всичко:,300917.5
46,Националното бюро за контрол на специалните разузнавателни средства,functional_area,,1,2.0
46,Националното бюро за контрол на специалните разузнавателни средства,functional_area,1.,"Функционална област „Наблюдение на процедурите по разрешаване, прилагане и използване на специални разузнавателни средства“",1050.9
46,Националното бюро за контрол на специалните разузнавателни средства,functional_area,,Всичко:,1050.9
47,Държавната агенция „Технически операции“,policy_or_program,,1,2.0
47,Държавната агенция „Технически операции“,policy_or_program,1.,Политика в областта на осигуряването и прилагането на специални разузнавателни средства с цел защита на националната сигурност и опазване на обществения ред,76316.0
47,Държавната агенция „Технически операции“,policy_or_program,,Всичко:,76316.0
