№,Бюджетни взаимоотношения (трансфери),2026 г.,2027 г.,2028 г.
1,Предоставени трансфери от централния бюджет за бюджета на Българската национална телевизия,"49 503,7","49 526,7","49 526,7"
,"в т. ч. по чл. 70, ал. 4, т. 2 от Закона за радиото и телевизията","3 118,9","3 118,9","3 118,9"
2,Предоставени трансфери от централния бюджет за бюджета на Българското национално радио,"35 299,2","35 355,9","35 355,9"
,"в т. ч. по чл. 70, ал. 4, т. 2 от Закона за радиото и телевизията","1 994,0","1 994,0","1 994,0"
3,Предоставени трансфери от централния бюджет за бюджета на Българската телеграфна агенция,"9 761,6","8 343,1","8 343,1"
4,Предоставени трансфери от бюджета на Министерството на образованието и науката за бюджетите на Българската академия на науките и държавните висши училища - общо,"792 877,6","796 495,8","797 355,4"
"4,1",- за бюджета на Българската академия на науките,"131 577,7","131 794,2","131 794,2"
"4,2",- за бюджетите на държавните висши училища,"661 299,9","664 701,6","665 561,2"
5,Предоставени трансфери от бюджета на Министерството на околната среда и водите за бюджета на Българската академия на науките,"345,1","345,1","0,0"
6,Предоставени трансфери от бюджета на Министерството на отбраната за бюджетите на държавните висши военни училища,"45 836,8","46 496,9","46 496,9"
