province,municipality,ebk_code,transfer,column,amount_kBGN
Благоевград,Банско,5101,delegated,3,17879.3
Благоевград,Банско,5101,equalising,4,
Благоевград,Банско,5101,winter_roads,5,136.9
Благоевград,Банско,5101,capital,6,859.8
Благоевград,Банско,5101,other_targeted,7,170.0
Благоевград,Белица,5102,delegated,3,11506.5
Благоевград,Белица,5102,equalising,4,1450.0
Благоевград,Белица,5102,winter_roads,5,286.2
Благоевград,Белица,5102,capital,6,1276.3
Благоевград,Белица,5102,other_targeted,7,32.0
Благоевград,Благоевград,5103,delegated,3,87342.6
Благоевград,Благоевград,5103,equalising,4,2341.7
Благоевград,Благоевград,5103,winter_roads,5,387.4
Благоевград,Благоевград,5103,capital,6,2925.5
Благоевград,Благоевград,5103,other_targeted,7,916.9
Благоевград,Гоце Делчев,5104,delegated,3,41259.0
Благоевград,Гоце Делчев,5104,equalising,4,3032.7
Благоевград,Гоце Делчев,5104,winter_roads,5,143.3
Благоевград,Гоце Делчев,5104,capital,6,1213.8
Благоевград,Гоце Делчев,5104,other_targeted,7,274.9
Благоевград,Гърмен,5105,delegated,3,18725.0
Благоевград,Гърмен,5105,equalising,4,2119.3
Благоевград,Гърмен,5105,winter_roads,5,165.9
Благоевград,Гърмен,5105,capital,6,1280.2
Благоевград,Гърмен,5105,other_targeted,7,130.4
Благоевград,Кресна,5106,delegated,3,5924.8
Благоевград,Кресна,5106,equalising,4,737.6
Благоевград,Кресна,5106,winter_roads,5,123.5
Благоевград,Кресна,5106,capital,6,649.1
Благоевград,Кресна,5106,other_targeted,7,39.2
Благоевград,Петрич,5107,delegated,3,45427.3
Благоевград,Петрич,5107,equalising,4,3230.3
Благоевград,Петрич,5107,winter_roads,5,476.5
Благоевград,Петрич,5107,capital,6,3844.8
Благоевград,Петрич,5107,other_targeted,7,213.0
Благоевград,Разлог,5108,delegated,3,22991.1
Благоевград,Разлог,5108,equalising,4,1193.7
Благоевград,Разлог,5108,winter_roads,5,265.8
Благоевград,Разлог,5108,capital,6,1186.5
Благоевград,Разлог,5108,other_targeted,7,203.4
Благоевград,Сандански,5109,delegated,3,42681.7
Благоевград,Сандански,5109,equalising,4,3347.7
Благоевград,Сандански,5109,winter_roads,5,466.0
Благоевград,Сандански,5109,capital,6,3619.1
Благоевград,Сандански,5109,other_targeted,7,302.6
Благоевград,Сатовча,5110,delegated,3,17028.6
Благоевград,Сатовча,5110,equalising,4,1911.9
Благоевград,Сатовча,5110,winter_roads,5,166.2
Благоевград,Сатовча,5110,capital,6,1199.6
Благоевград,Сатовча,5110,other_targeted,7,121.7
Благоевград,Симитли,5111,delegated,3,15872.9
Благоевград,Симитли,5111,equalising,4,1525.7
Благоевград,Симитли,5111,winter_roads,5,219.4
Благоевград,Симитли,5111,capital,6,1354.4
Благоевград,Симитли,5111,other_targeted,7,29.7
Благоевград,Струмяни,5112,delegated,3,7540.4
Благоевград,Струмяни,5112,equalising,4,885.8
Благоевград,Струмяни,5112,winter_roads,5,267.3
Благоевград,Струмяни,5112,capital,6,1424.9
Благоевград,Струмяни,5112,other_targeted,7,20.0
Благоевград,Хаджидимово,5113,delegated,3,9313.4
Благоевград,Хаджидимово,5113,equalising,4,1362.1
Благоевград,Хаджидимово,5113,winter_roads,5,110.3
Благоевград,Хаджидимово,5113,capital,6,1037.8
Благоевград,Хаджидимово,5113,other_targeted,7,37.4
Благоевград,Якоруда,5114,delegated,3,10299.2
Благоевград,Якоруда,5114,equalising,4,1368.7
Благоевград,Якоруда,5114,winter_roads,5,112.1
Благоевград,Якоруда,5114,capital,6,804.8
Благоевград,Якоруда,5114,other_targeted,7,12.8
Бургас,Айтос,5201,delegated,3,25719.2
Бургас,Айтос,5201,equalising,4,3102.7
Бургас,Айтос,5201,winter_roads,5,176.6
Бургас,Айтос,5201,capital,6,1683.5
Бургас,Айтос,5201,other_targeted,7,154.4
Бургас,Бургас,5202,delegated,3,227068.8
Бургас,Бургас,5202,equalising,4,1714.2
Бургас,Бургас,5202,winter_roads,5,180.3
Бургас,Бургас,5202,capital,6,4072.1
Бургас,Бургас,5202,other_targeted,7,1416.7
Бургас,Камено,5203,delegated,3,10964.2
Бургас,Камено,5203,equalising,4,858.9
Бургас,Камено,5203,winter_roads,5,61.1
Бургас,Камено,5203,capital,6,973.4
Бургас,Камено,5203,other_targeted,7,194.2
Бургас,Карнобат,5204,delegated,3,28591.4
Бургас,Карнобат,5204,equalising,4,2302.4
Бургас,Карнобат,5204,winter_roads,5,272.2
Бургас,Карнобат,5204,capital,6,2543.9
Бургас,Карнобат,5204,other_targeted,7,330.3
Бургас,Малко Търново,5205,delegated,3,4986.0
Бургас,Малко Търново,5205,equalising,4,600.9
Бургас,Малко Търново,5205,winter_roads,5,141.6
Бургас,Малко Търново,5205,capital,6,1179.0
Бургас,Малко Търново,5205,other_targeted,7,79.6
Бургас,Несебър,5206,delegated,3,24332.1
Бургас,Несебър,5206,equalising,4,
Бургас,Несебър,5206,winter_roads,5,102.5
Бургас,Несебър,5206,capital,6,1291.7
Бургас,Несебър,5206,other_targeted,7,1759.1
Бургас,Поморие,5207,delegated,3,25093.3
Бургас,Поморие,5207,equalising,4,
Бургас,Поморие,5207,winter_roads,5,128.1
Бургас,Поморие,5207,capital,6,1492.6
Бургас,Поморие,5207,other_targeted,7,324.4
Бургас,Приморско,5208,delegated,3,6305.1
Бургас,Приморско,5208,equalising,4,
Бургас,Приморско,5208,winter_roads,5,41.0
Бургас,Приморско,5208,capital,6,514.2
Бургас,Приморско,5208,other_targeted,7,587.8
Бургас,Руен,5209,delegated,3,26027.5
Бургас,Руен,5209,equalising,4,3514.6
Бургас,Руен,5209,winter_roads,5,261.1
Бургас,Руен,5209,capital,6,2935.7
Бургас,Руен,5209,other_targeted,7,74.2
Бургас,Созопол,5210,delegated,3,11677.7
Бургас,Созопол,5210,equalising,4,
Бургас,Созопол,5210,winter_roads,5,143.9
Бургас,Созопол,5210,capital,6,1203.7
Бургас,Созопол,5210,other_targeted,7,362.8
Бургас,Средец,5211,delegated,3,17353.9
Бургас,Средец,5211,equalising,4,1319.2
Бургас,Средец,5211,winter_roads,5,252.1
Бургас,Средец,5211,capital,6,2336.5
Бургас,Средец,5211,other_targeted,7,345.9
Бургас,Сунгурларе,5212,delegated,3,14268.3
Бургас,Сунгурларе,5212,equalising,4,1595.4
Бургас,Сунгурларе,5212,winter_roads,5,182.3
Бургас,Сунгурларе,5212,capital,6,1934.1
Бургас,Сунгурларе,5212,other_targeted,7,113.7
Бургас,Царево,5213,delegated,3,8860.2
Бургас,Царево,5213,equalising,4,
Бургас,Царево,5213,winter_roads,5,75.9
Бургас,Царево,5213,capital,6,925.4
Бургас,Царево,5213,other_targeted,7,391.0
Варна,Аврен,5301,delegated,3,8208.2
Варна,Аврен,5301,equalising,4,
Варна,Аврен,5301,winter_roads,5,114.8
Варна,Аврен,5301,capital,6,1200.5
Варна,Аврен,5301,other_targeted,7,107.7
Варна,Аксаково,5302,delegated,3,17088.5
Варна,Аксаково,5302,equalising,4,973.1
Варна,Аксаково,5302,winter_roads,5,257.8
Варна,Аксаково,5302,capital,6,1898.8
Варна,Аксаково,5302,other_targeted,7,108.3
Варна,Белослав,5303,delegated,3,14488.5
Варна,Белослав,5303,equalising,4,623.0
Варна,Белослав,5303,winter_roads,5,42.8
Варна,Белослав,5303,capital,6,487.1
Варна,Белослав,5303,other_targeted,7,70.0
Варна,Бяла,5304,delegated,3,4895.2
Варна,Бяла,5304,equalising,4,
Варна,Бяла,5304,winter_roads,5,33.3
Варна,Бяла,5304,capital,6,420.5
Варна,Бяла,5304,other_targeted,7,112.5
Варна,Варна,5305,delegated,3,309880.7
Варна,Варна,5305,equalising,4,
Варна,Варна,5305,winter_roads,5,259.7
Варна,Варна,5305,capital,6,5791.1
Варна,Варна,5305,other_targeted,7,2723.5
Варна,Ветрино,5306,delegated,3,4876.4
Варна,Ветрино,5306,equalising,4,516.7
Варна,Ветрино,5306,winter_roads,5,125.1
Варна,Ветрино,5306,capital,6,887.7
Варна,Ветрино,5306,other_targeted,7,57.3
Варна,Вълчи дол,5307,delegated,3,11438.3
Варна,Вълчи дол,5307,equalising,4,919.2
Варна,Вълчи дол,5307,winter_roads,5,167.7
Варна,Вълчи дол,5307,capital,6,1492.0
Варна,Вълчи дол,5307,other_targeted,7,136.4
Варна,Девня,5308,delegated,3,7979.1
Варна,Девня,5308,equalising,4,
Варна,Девня,5308,winter_roads,5,78.7
Варна,Девня,5308,capital,6,439.1
Варна,Девня,5308,other_targeted,7,64.1
Варна,Долни чифлик,5309,delegated,3,20692.3
Варна,Долни чифлик,5309,equalising,4,2114.8
Варна,Долни чифлик,5309,winter_roads,5,174.5
Варна,Долни чифлик,5309,capital,6,1410.8
Варна,Долни чифлик,5309,other_targeted,7,42.7
Варна,Дългопол,5310,delegated,3,13367.2
Варна,Дългопол,5310,equalising,4,1738.5
Варна,Дългопол,5310,winter_roads,5,143.0
Варна,Дългопол,5310,capital,6,1298.4
Варна,Дългопол,5310,other_targeted,7,66.0
Варна,Провадия,5311,delegated,3,23142.5
Варна,Провадия,5311,equalising,4,2108.0
Варна,Провадия,5311,winter_roads,5,246.2
Варна,Провадия,5311,capital,6,1937.2
Варна,Провадия,5311,other_targeted,7,104.3
Варна,Суворово,5312,delegated,3,8876.8
Варна,Суворово,5312,equalising,4,822.6
Варна,Суворово,5312,winter_roads,5,108.5
Варна,Суворово,5312,capital,6,820.1
Варна,Суворово,5312,other_targeted,7,91.7
Велико Търново,Велико Търново,5401,delegated,3,100578.0
Велико Търново,Велико Търново,5401,equalising,4,2646.8
Велико Търново,Велико Търново,5401,winter_roads,5,481.4
Велико Търново,Велико Търново,5401,capital,6,4128.6
Велико Търново,Велико Търново,5401,other_targeted,7,925.5
Велико Търново,Горна Оряховица,5402,delegated,3,37865.1
Велико Търново,Горна Оряховица,5402,equalising,4,3269.7
Велико Търново,Горна Оряховица,5402,winter_roads,5,116.5
Велико Търново,Горна Оряховица,5402,capital,6,1538.5
Велико Търново,Горна Оряховица,5402,other_targeted,7,346.7
Велико Търново,Елена,5403,delegated,3,13670.4
Велико Търново,Елена,5403,equalising,4,1255.1
Велико Търново,Елена,5403,winter_roads,5,572.5
Велико Търново,Елена,5403,capital,6,2958.2
Велико Търново,Елена,5403,other_targeted,7,69.9
Велико Търново,Златарица,5404,delegated,3,7122.7
Велико Търново,Златарица,5404,equalising,4,551.9
Велико Търново,Златарица,5404,winter_roads,5,135.2
Велико Търново,Златарица,5404,capital,6,1028.9
Велико Търново,Златарица,5404,other_targeted,7,43.7
Велико Търново,Лясковец,5405,delegated,3,9771.1
Велико Търново,Лясковец,5405,equalising,4,847.6
Велико Търново,Лясковец,5405,winter_roads,5,79.5
Велико Търново,Лясковец,5405,capital,6,761.4
Велико Търново,Лясковец,5405,other_targeted,7,98.3
Велико Търново,Павликени,5406,delegated,3,22827.1
Велико Търново,Павликени,5406,equalising,4,1870.4
Велико Търново,Павликени,5406,winter_roads,5,181.0
Велико Търново,Павликени,5406,capital,6,1751.3
Велико Търново,Павликени,5406,other_targeted,7,246.7
Велико Търново,Полски Тръмбеш,5407,delegated,3,10277.9
Велико Търново,Полски Тръмбеш,5407,equalising,4,1173.5
Велико Търново,Полски Тръмбеш,5407,winter_roads,5,80.4
Велико Търново,Полски Тръмбеш,5407,capital,6,1157.1
Велико Търново,Полски Тръмбеш,5407,other_targeted,7,183.0
Велико Търново,Свищов,5408,delegated,3,28432.9
Велико Търново,Свищов,5408,equalising,4,3044.8
Велико Търново,Свищов,5408,winter_roads,5,117.5
Велико Търново,Свищов,5408,capital,6,1515.3
Велико Търново,Свищов,5408,other_targeted,7,329.6
Велико Търново,Стражица,5409,delegated,3,13858.0
Велико Търново,Стражица,5409,equalising,4,1313.6
Велико Търново,Стражица,5409,winter_roads,5,171.5
Велико Търново,Стражица,5409,capital,6,1567.4
Велико Търново,Стражица,5409,other_targeted,7,93.6
Велико Търново,Сухиндол,5410,delegated,3,4370.4
Велико Търново,Сухиндол,5410,equalising,4,433.0
Велико Търново,Сухиндол,5410,winter_roads,5,41.9
Велико Търново,Сухиндол,5410,capital,6,496.4
Велико Търново,Сухиндол,5410,other_targeted,7,40.2
Видин,Белоградчик,5501,delegated,3,10217.2
Видин,Белоградчик,5501,equalising,4,754.7
Видин,Белоградчик,5501,winter_roads,5,121.0
Видин,Белоградчик,5501,capital,6,961.3
Видин,Белоградчик,5501,other_targeted,7,35.2
Видин,Бойница,5502,delegated,3,4257.9
Видин,Бойница,5502,equalising,4,350.7
Видин,Бойница,5502,winter_roads,5,49.2
Видин,Бойница,5502,capital,6,459.7
Видин,Бойница,5502,other_targeted,7,32.5
Видин,Брегово,5503,delegated,3,7111.2
Видин,Брегово,5503,equalising,4,737.8
Видин,Брегово,5503,winter_roads,5,70.2
Видин,Брегово,5503,capital,6,772.0
Видин,Брегово,5503,other_targeted,7,35.6
Видин,Видин,5504,delegated,3,47727.3
Видин,Видин,5504,equalising,4,4699.6
Видин,Видин,5504,winter_roads,5,195.0
Видин,Видин,5504,capital,6,2727.6
Видин,Видин,5504,other_targeted,7,630.3
Видин,Грамада,5505,delegated,3,1897.5
Видин,Грамада,5505,equalising,4,374.9
Видин,Грамада,5505,winter_roads,5,48.1
Видин,Грамада,5505,capital,6,546.3
Видин,Грамада,5505,other_targeted,7,21.3
Видин,Димово,5506,delegated,3,8176.6
Видин,Димово,5506,equalising,4,930.2
Видин,Димово,5506,winter_roads,5,139.4
Видин,Димово,5506,capital,6,1470.9
Видин,Димово,5506,other_targeted,7,37.4
Видин,Кула,5507,delegated,3,6166.3
Видин,Кула,5507,equalising,4,583.8
Видин,Кула,5507,winter_roads,5,87.5
Видин,Кула,5507,capital,6,802.8
Видин,Кула,5507,other_targeted,7,95.0
Видин,Макреш,5508,delegated,3,1823.1
Видин,Макреш,5508,equalising,4,309.6
Видин,Макреш,5508,winter_roads,5,30.5
Видин,Макреш,5508,capital,6,496.2
Видин,Макреш,5508,other_targeted,7,13.1
Видин,Ново село,5509,delegated,3,4794.1
Видин,Ново село,5509,equalising,4,537.5
Видин,Ново село,5509,winter_roads,5,24.8
Видин,Ново село,5509,capital,6,396.8
Видин,Ново село,5509,other_targeted,7,42.3
Видин,Ружинци,5510,delegated,3,5800.8
Видин,Ружинци,5510,equalising,4,752.0
Видин,Ружинци,5510,winter_roads,5,64.4
Видин,Ружинци,5510,capital,6,754.9
Видин,Ружинци,5510,other_targeted,7,10.5
Видин,Чупрене,5511,delegated,3,4210.9
Видин,Чупрене,5511,equalising,4,524.9
Видин,Чупрене,5511,winter_roads,5,56.1
Видин,Чупрене,5511,capital,6,645.9
Видин,Чупрене,5511,other_targeted,7,17.4
Враца,Борован,5601,delegated,3,6649.9
Враца,Борован,5601,equalising,4,887.1
Враца,Борован,5601,winter_roads,5,73.2
Враца,Борован,5601,capital,6,613.1
Враца,Борован,5601,other_targeted,7,58.6
Враца,Бяла Слатина,5602,delegated,3,27790.3
Враца,Бяла Слатина,5602,equalising,4,2479.7
Враца,Бяла Слатина,5602,winter_roads,5,106.3
Враца,Бяла Слатина,5602,capital,6,1314.9
Враца,Бяла Слатина,5602,other_targeted,7,241.6
Враца,Враца,5603,delegated,3,77679.1
Враца,Враца,5603,equalising,4,4956.8
Враца,Враца,5603,winter_roads,5,222.8
Враца,Враца,5603,capital,6,2611.8
Враца,Враца,5603,other_targeted,7,644.0
Враца,Козлодуй,5605,delegated,3,24623.4
Враца,Козлодуй,5605,equalising,4,
Враца,Козлодуй,5605,winter_roads,5,26.2
Враца,Козлодуй,5605,capital,6,595.4
Враца,Козлодуй,5605,other_targeted,7,291.1
Враца,Криводол,5606,delegated,3,8075.7
Враца,Криводол,5606,equalising,4,1209.1
Враца,Криводол,5606,winter_roads,5,66.3
Враца,Криводол,5606,capital,6,1031.8
Враца,Криводол,5606,other_targeted,7,47.3
Враца,Мездра,5607,delegated,3,22020.7
Враца,Мездра,5607,equalising,4,2230.1
Враца,Мездра,5607,winter_roads,5,242.6
Враца,Мездра,5607,capital,6,2169.8
Враца,Мездра,5607,other_targeted,7,306.0
Враца,Мизия,5608,delegated,3,6768.5
Враца,Мизия,5608,equalising,4,683.5
Враца,Мизия,5608,winter_roads,5,28.8
Враца,Мизия,5608,capital,6,515.5
Враца,Мизия,5608,other_targeted,7,56.2
Враца,Оряхово,5609,delegated,3,9854.1
Враца,Оряхово,5609,equalising,4,1089.2
Враца,Оряхово,5609,winter_roads,5,83.9
Враца,Оряхово,5609,capital,6,730.6
Враца,Оряхово,5609,other_targeted,7,167.6
Враца,Роман,5610,delegated,3,9238.9
Враца,Роман,5610,equalising,4,916.6
Враца,Роман,5610,winter_roads,5,131.2
Враца,Роман,5610,capital,6,1023.8
Враца,Роман,5610,other_targeted,7,33.0
Враца,Хайредин,5611,delegated,3,5968.8
Враца,Хайредин,5611,equalising,4,696.5
Враца,Хайредин,5611,winter_roads,5,50.9
Враца,Хайредин,5611,capital,6,558.8
Враца,Хайредин,5611,other_targeted,7,
Габрово,Габрово,5701,delegated,3,51407.4
Габрово,Габрово,5701,equalising,4,3248.8
Габрово,Габрово,5701,winter_roads,5,731.9
Габрово,Габрово,5701,capital,6,6080.5
Габрово,Габрово,5701,other_targeted,7,854.2
Габрово,Дряново,5702,delegated,3,14905.5
Габрово,Дряново,5702,equalising,4,969.0
Габрово,Дряново,5702,winter_roads,5,252.8
Габрово,Дряново,5702,capital,6,1760.1
Габрово,Дряново,5702,other_targeted,7,46.2
Габрово,Севлиево,5703,delegated,3,33535.9
Габрово,Севлиево,5703,equalising,4,2045.3
Габрово,Севлиево,5703,winter_roads,5,581.1
Габрово,Севлиево,5703,capital,6,3859.8
Габрово,Севлиево,5703,other_targeted,7,197.0
Габрово,Трявна,5704,delegated,3,9502.4
Габрово,Трявна,5704,equalising,4,1251.4
Габрово,Трявна,5704,winter_roads,5,722.3
Габрово,Трявна,5704,capital,6,2137.9
Габрово,Трявна,5704,other_targeted,7,124.5
Добрич,Балчик,5801,delegated,3,18121.9
Добрич,Балчик,5801,equalising,4,
Добрич,Балчик,5801,winter_roads,5,251.8
Добрич,Балчик,5801,capital,6,1725.9
Добрич,Балчик,5801,other_targeted,7,369.0
Добрич,Генерал Тошево,5802,delegated,3,11843.4
Добрич,Генерал Тошево,5802,equalising,4,1309.0
Добрич,Генерал Тошево,5802,winter_roads,5,249.9
Добрич,Генерал Тошево,5802,capital,6,2423.1
Добрич,Генерал Тошево,5802,other_targeted,7,100.7
Добрич,Добрич,5803,delegated,3,77743.9
Добрич,Добрич,5803,equalising,4,5355.2
Добрич,Добрич,5803,winter_roads,5,57.4
Добрич,Добрич,5803,capital,6,1296.8
Добрич,Добрич,5803,other_targeted,7,663.4
Добрич,Добричка,5804,delegated,3,19414.1
Добрич,Добричка,5804,equalising,4,2789.4
Добрич,Добричка,5804,winter_roads,5,505.5
Добрич,Добричка,5804,capital,6,4322.4
Добрич,Добричка,5804,other_targeted,7,229.4
Добрич,Каварна,5805,delegated,3,15792.5
Добрич,Каварна,5805,equalising,4,774.5
Добрич,Каварна,5805,winter_roads,5,187.2
Добрич,Каварна,5805,capital,6,1437.1
Добрич,Каварна,5805,other_targeted,7,128.5
Добрич,Крушари,5806,delegated,3,5551.9
Добрич,Крушари,5806,equalising,4,629.6
Добрич,Крушари,5806,winter_roads,5,144.7
Добрич,Крушари,5806,capital,6,1202.0
Добрич,Крушари,5806,other_targeted,7,38.8
Добрич,Тервел,5807,delegated,3,13470.8
Добрич,Тервел,5807,equalising,4,1879.4
Добрич,Тервел,5807,winter_roads,5,186.4
Добрич,Тервел,5807,capital,6,1670.8
Добрич,Тервел,5807,other_targeted,7,152.3
Добрич,Шабла,5808,delegated,3,4821.7
Добрич,Шабла,5808,equalising,4,416.0
Добрич,Шабла,5808,winter_roads,5,125.0
Добрич,Шабла,5808,capital,6,922.4
Добрич,Шабла,5808,other_targeted,7,112.4
Кърджали,Ардино,5901,delegated,3,10839.8
Кърджали,Ардино,5901,equalising,4,1631.0
Кърджали,Ардино,5901,winter_roads,5,395.9
Кърджали,Ардино,5901,capital,6,2973.4
Кърджали,Ардино,5901,other_targeted,7,101.8
Кърджали,Джебел,5902,delegated,3,9125.7
Кърджали,Джебел,5902,equalising,4,1217.2
Кърджали,Джебел,5902,winter_roads,5,180.6
Кърджали,Джебел,5902,capital,6,2361.4
Кърджали,Джебел,5902,other_targeted,7,75.3
Кърджали,Кирково,5903,delegated,3,18639.7
Кърджали,Кирково,5903,equalising,4,2841.1
Кърджали,Кирково,5903,winter_roads,5,416.0
Кърджали,Кирково,5903,capital,6,4268.7
Кърджали,Кирково,5903,other_targeted,7,97.2
Кърджали,Крумовград,5904,delegated,3,20878.5
Кърджали,Крумовград,5904,equalising,4,2348.2
Кърджали,Крумовград,5904,winter_roads,5,518.4
Кърджали,Крумовград,5904,capital,6,4589.4
Кърджали,Крумовград,5904,other_targeted,7,261.4
Кърджали,Кърджали,5905,delegated,3,74750.5
Кърджали,Кърджали,5905,equalising,4,5790.9
Кърджали,Кърджали,5905,winter_roads,5,490.9
Кърджали,Кърджали,5905,capital,6,6451.6
Кърджали,Кърджали,5905,other_targeted,7,211.3
Кърджали,Момчилград,5906,delegated,3,14945.0
Кърджали,Момчилград,5906,equalising,4,1710.4
Кърджали,Момчилград,5906,winter_roads,5,294.0
Кърджали,Момчилград,5906,capital,6,2835.6
Кърджали,Момчилград,5906,other_targeted,7,77.1
Кърджали,Черноочене,5907,delegated,3,8523.9
Кърджали,Черноочене,5907,equalising,4,1225.0
Кърджали,Черноочене,5907,winter_roads,5,301.3
Кърджали,Черноочене,5907,capital,6,2552.2
Кърджали,Черноочене,5907,other_targeted,7,40.9
Кюстендил,Бобовдол,6001,delegated,3,6720.4
Кюстендил,Бобовдол,6001,equalising,4,759.7
Кюстендил,Бобовдол,6001,winter_roads,5,153.9
Кюстендил,Бобовдол,6001,capital,6,1105.0
Кюстендил,Бобовдол,6001,other_targeted,7,181.8
Кюстендил,Бобошево,6002,delegated,3,2105.4
Кюстендил,Бобошево,6002,equalising,4,463.3
Кюстендил,Бобошево,6002,winter_roads,5,92.6
Кюстендил,Бобошево,6002,capital,6,779.9
Кюстендил,Бобошево,6002,other_targeted,7,22.1
Кюстендил,Дупница,6003,delegated,3,36940.0
Кюстендил,Дупница,6003,equalising,4,3123.5
Кюстендил,Дупница,6003,winter_roads,5,192.3
Кюстендил,Дупница,6003,capital,6,1697.3
Кюстендил,Дупница,6003,other_targeted,7,282.6
Кюстендил,Кочериново,6004,delegated,3,4967.7
Кюстендил,Кочериново,6004,equalising,4,767.4
Кюстендил,Кочериново,6004,winter_roads,5,110.9
Кюстендил,Кочериново,6004,capital,6,911.8
Кюстендил,Кочериново,6004,other_targeted,7,59.2
Кюстендил,Кюстендил,6005,delegated,3,52455.4
Кюстендил,Кюстендил,6005,equalising,4,3720.8
Кюстендил,Кюстендил,6005,winter_roads,5,751.0
Кюстендил,Кюстендил,6005,capital,6,4329.7
Кюстендил,Кюстендил,6005,other_targeted,7,726.7
Кюстендил,Невестино,6006,delegated,3,2629.5
Кюстендил,Невестино,6006,equalising,4,529.3
Кюстендил,Невестино,6006,winter_roads,5,179.6
Кюстендил,Невестино,6006,capital,6,1278.3
Кюстендил,Невестино,6006,other_targeted,7,48.9
Кюстендил,Рила,6007,delegated,3,3422.8
Кюстендил,Рила,6007,equalising,4,406.6
Кюстендил,Рила,6007,winter_roads,5,42.6
Кюстендил,Рила,6007,capital,6,450.9
Кюстендил,Рила,6007,other_targeted,7,63.3
Кюстендил,Сапарева баня,6008,delegated,3,5983.0
Кюстендил,Сапарева баня,6008,equalising,4,673.8
Кюстендил,Сапарева баня,6008,winter_roads,5,65.9
Кюстендил,Сапарева баня,6008,capital,6,485.8
Кюстендил,Сапарева баня,6008,other_targeted,7,131.3
Кюстендил,Трекляно,6009,delegated,3,1423.5
Кюстендил,Трекляно,6009,equalising,4,448.3
Кюстендил,Трекляно,6009,winter_roads,5,206.6
Кюстендил,Трекляно,6009,capital,6,935.4
Кюстендил,Трекляно,6009,other_targeted,7,4.2
Ловеч,Априлци,6101,delegated,3,4066.6
Ловеч,Априлци,6101,equalising,4,263.1
Ловеч,Априлци,6101,winter_roads,5,82.9
Ловеч,Априлци,6101,capital,6,488.1
Ловеч,Априлци,6101,other_targeted,7,35.4
Ловеч,Летница,6102,delegated,3,4711.8
Ловеч,Летница,6102,equalising,4,487.0
Ловеч,Летница,6102,winter_roads,5,63.3
Ловеч,Летница,6102,capital,6,518.9
Ловеч,Летница,6102,other_targeted,7,55.2
Ловеч,Ловеч,6103,delegated,3,45004.6
Ловеч,Ловеч,6103,equalising,4,3878.1
Ловеч,Ловеч,6103,winter_roads,5,372.7
Ловеч,Ловеч,6103,capital,6,3219.6
Ловеч,Ловеч,6103,other_targeted,7,328.8
Ловеч,Луковит,6104,delegated,3,20783.8
Ловеч,Луковит,6104,equalising,4,2020.1
Ловеч,Луковит,6104,winter_roads,5,119.6
Ловеч,Луковит,6104,capital,6,1169.8
Ловеч,Луковит,6104,other_targeted,7,114.8
Ловеч,Тетевен,6105,delegated,3,21150.9
Ловеч,Тетевен,6105,equalising,4,1985.0
Ловеч,Тетевен,6105,winter_roads,5,169.5
Ловеч,Тетевен,6105,capital,6,1319.6
Ловеч,Тетевен,6105,other_targeted,7,123.2
Ловеч,Троян,6106,delegated,3,28488.2
Ловеч,Троян,6106,equalising,4,2163.9
Ловеч,Троян,6106,winter_roads,5,465.7
Ловеч,Троян,6106,capital,6,2542.5
Ловеч,Троян,6106,other_targeted,7,377.7
Ловеч,Угърчин,6107,delegated,3,7386.7
Ловеч,Угърчин,6107,equalising,4,933.4
Ловеч,Угърчин,6107,winter_roads,5,126.0
Ловеч,Угърчин,6107,capital,6,1080.0
Ловеч,Угърчин,6107,other_targeted,7,48.3
Ловеч,Ябланица,6108,delegated,3,8750.6
Ловеч,Ябланица,6108,equalising,4,777.0
Ловеч,Ябланица,6108,winter_roads,5,161.0
Ловеч,Ябланица,6108,capital,6,995.7
Ловеч,Ябланица,6108,other_targeted,7,20.7
Монтана,Берковица,6201,delegated,3,22325.5
Монтана,Берковица,6201,equalising,4,1915.2
Монтана,Берковица,6201,winter_roads,5,227.7
Монтана,Берковица,6201,capital,6,1748.9
Монтана,Берковица,6201,other_targeted,7,124.7
Монтана,Бойчиновци,6202,delegated,3,8058.8
Монтана,Бойчиновци,6202,equalising,4,1257.3
Монтана,Бойчиновци,6202,winter_roads,5,56.0
Монтана,Бойчиновци,6202,capital,6,919.7
Монтана,Бойчиновци,6202,other_targeted,7,63.6
Монтана,Брусарци,6203,delegated,3,4917.3
Монтана,Брусарци,6203,equalising,4,757.1
Монтана,Брусарци,6203,winter_roads,5,54.6
Монтана,Брусарци,6203,capital,6,685.8
Монтана,Брусарци,6203,other_targeted,7,33.9
Монтана,Вълчедръм,6204,delegated,3,9457.1
Монтана,Вълчедръм,6204,equalising,4,1185.9
Монтана,Вълчедръм,6204,winter_roads,5,47.4
Монтана,Вълчедръм,6204,capital,6,838.6
Монтана,Вълчедръм,6204,other_targeted,7,87.2
Монтана,Вършец,6205,delegated,3,7362.5
Монтана,Вършец,6205,equalising,4,879.2
Монтана,Вършец,6205,winter_roads,5,92.7
Монтана,Вършец,6205,capital,6,843.3
Монтана,Вършец,6205,other_targeted,7,125.6
Монтана,Георги Дамяново,6206,delegated,3,3083.6
Монтана,Георги Дамяново,6206,equalising,4,528.0
Монтана,Георги Дамяново,6206,winter_roads,5,69.4
Монтана,Георги Дамяново,6206,capital,6,818.5
Монтана,Георги Дамяново,6206,other_targeted,7,35.2
Монтана,Лом,6207,delegated,3,27384.3
Монтана,Лом,6207,equalising,4,2354.2
Монтана,Лом,6207,winter_roads,5,107.5
Монтана,Лом,6207,capital,6,1105.2
Монтана,Лом,6207,other_targeted,7,231.5
Монтана,Медковец,6208,delegated,3,4261.8
Монтана,Медковец,6208,equalising,4,632.4
Монтана,Медковец,6208,winter_roads,5,26.9
Монтана,Медковец,6208,capital,6,429.4
Монтана,Медковец,6208,other_targeted,7,54.1
Монтана,Монтана,6209,delegated,3,50247.3
Монтана,Монтана,6209,equalising,4,4443.7
Монтана,Монтана,6209,winter_roads,5,124.8
Монтана,Монтана,6209,capital,6,2124.3
Монтана,Монтана,6209,other_targeted,7,386.5
Монтана,Чипровци,6210,delegated,3,2575.8
Монтана,Чипровци,6210,equalising,4,529.8
Монтана,Чипровци,6210,winter_roads,5,36.5
Монтана,Чипровци,6210,capital,6,654.8
Монтана,Чипровци,6210,other_targeted,7,30.4
Монтана,Якимово,6211,delegated,3,3470.7
Монтана,Якимово,6211,equalising,4,729.9
Монтана,Якимово,6211,winter_roads,5,44.8
Монтана,Якимово,6211,capital,6,463.1
Монтана,Якимово,6211,other_targeted,7,
Пазарджик,Батак,6301,delegated,3,8602.4
Пазарджик,Батак,6301,equalising,4,611.4
Пазарджик,Батак,6301,winter_roads,5,102.9
Пазарджик,Батак,6301,capital,6,582.2
Пазарджик,Батак,6301,other_targeted,7,43.6
Пазарджик,Белово,6302,delegated,3,7346.2
Пазарджик,Белово,6302,equalising,4,944.7
Пазарджик,Белово,6302,winter_roads,5,40.2
Пазарджик,Белово,6302,capital,6,662.0
Пазарджик,Белово,6302,other_targeted,7,28.8
Пазарджик,Брацигово,6303,delegated,3,8316.6
Пазарджик,Брацигово,6303,equalising,4,1032.9
Пазарджик,Брацигово,6303,winter_roads,5,101.2
Пазарджик,Брацигово,6303,capital,6,749.6
Пазарджик,Брацигово,6303,other_targeted,7,57.9
Пазарджик,Велинград,6304,delegated,3,38682.9
Пазарджик,Велинград,6304,equalising,4,2499.0
Пазарджик,Велинград,6304,winter_roads,5,101.1
Пазарджик,Велинград,6304,capital,6,1632.8
Пазарджик,Велинград,6304,other_targeted,7,143.1
Пазарджик,Лесичово,6305,delegated,3,6323.2
Пазарджик,Лесичово,6305,equalising,4,768.2
Пазарджик,Лесичово,6305,winter_roads,5,87.8
Пазарджик,Лесичово,6305,capital,6,710.1
Пазарджик,Лесичово,6305,other_targeted,7,18.9
Пазарджик,Пазарджик,6306,delegated,3,100264.7
Пазарджик,Пазарджик,6306,equalising,4,7714.7
Пазарджик,Пазарджик,6306,winter_roads,5,256.7
Пазарджик,Пазарджик,6306,capital,6,3537.7
Пазарджик,Пазарджик,6306,other_targeted,7,542.3
Пазарджик,Панагюрище,6307,delegated,3,19373.5
Пазарджик,Панагюрище,6307,equalising,4,2096.6
Пазарджик,Панагюрище,6307,winter_roads,5,103.6
Пазарджик,Панагюрище,6307,capital,6,1049.5
Пазарджик,Панагюрище,6307,other_targeted,7,274.3
Пазарджик,Пещера,6308,delegated,3,16415.9
Пазарджик,Пещера,6308,equalising,4,1140.6
Пазарджик,Пещера,6308,winter_roads,5,83.3
Пазарджик,Пещера,6308,capital,6,630.8
Пазарджик,Пещера,6308,other_targeted,7,242.6
Пазарджик,Ракитово,6309,delegated,3,15692.6
Пазарджик,Ракитово,6309,equalising,4,1839.4
Пазарджик,Ракитово,6309,winter_roads,5,177.1
Пазарджик,Ракитово,6309,capital,6,776.0
Пазарджик,Ракитово,6309,other_targeted,7,94.6
Пазарджик,Септември,6310,delegated,3,22073.0
Пазарджик,Септември,6310,equalising,4,2503.8
Пазарджик,Септември,6310,winter_roads,5,146.7
Пазарджик,Септември,6310,capital,6,1346.4
Пазарджик,Септември,6310,other_targeted,7,77.9
Пазарджик,Стрелча,6311,delegated,3,4866.0
Пазарджик,Стрелча,6311,equalising,4,530.1
Пазарджик,Стрелча,6311,winter_roads,5,27.9
Пазарджик,Стрелча,6311,capital,6,459.3
Пазарджик,Стрелча,6311,other_targeted,7,100.4
Пазарджик,Сърница,6312,delegated,3,5874.6
Пазарджик,Сърница,6312,equalising,4,671.2
Пазарджик,Сърница,6312,winter_roads,5,72.6
Пазарджик,Сърница,6312,capital,6,435.1
Пазарджик,Сърница,6312,other_targeted,7,18.4
Перник,Брезник,6401,delegated,3,6755.6
Перник,Брезник,6401,equalising,4,977.7
Перник,Брезник,6401,winter_roads,5,366.4
Перник,Брезник,6401,capital,6,1860.4
Перник,Брезник,6401,other_targeted,7,67.1
Перник,Земен,6402,delegated,3,2448.1
Перник,Земен,6402,equalising,4,516.0
Перник,Земен,6402,winter_roads,5,113.8
Перник,Земен,6402,capital,6,904.2
Перник,Земен,6402,other_targeted,7,29.8
Перник,Ковачевци,6403,delegated,3,2627.0
Перник,Ковачевци,6403,equalising,4,305.4
Перник,Ковачевци,6403,winter_roads,5,276.7
Перник,Ковачевци,6403,capital,6,991.8
Перник,Ковачевци,6403,other_targeted,7,26.3
Перник,Перник,6404,delegated,3,79203.5
Перник,Перник,6404,equalising,4,5508.9
Перник,Перник,6404,winter_roads,5,276.1
Перник,Перник,6404,capital,6,2835.6
Перник,Перник,6404,other_targeted,7,434.1
Перник,Радомир,6405,delegated,3,17981.2
Перник,Радомир,6405,equalising,4,1748.8
Перник,Радомир,6405,winter_roads,5,246.9
Перник,Радомир,6405,capital,6,2086.9
Перник,Радомир,6405,other_targeted,7,76.4
Перник,Трън,6406,delegated,3,5294.7
Перник,Трън,6406,equalising,4,724.1
Перник,Трън,6406,winter_roads,5,368.4
Перник,Трън,6406,capital,6,2242.7
Перник,Трън,6406,other_targeted,7,102.6
Плевен,Белене,6501,delegated,3,6756.0
Плевен,Белене,6501,equalising,4,915.6
Плевен,Белене,6501,winter_roads,5,79.0
Плевен,Белене,6501,capital,6,656.4
Плевен,Белене,6501,other_targeted,7,76.5
Плевен,Гулянци,6502,delegated,3,9665.9
Плевен,Гулянци,6502,equalising,4,1407.8
Плевен,Гулянци,6502,winter_roads,5,86.3
Плевен,Гулянци,6502,capital,6,1035.8
Плевен,Гулянци,6502,other_targeted,7,91.7
Плевен,Долна Митрополия,6503,delegated,3,14265.2
Плевен,Долна Митрополия,6503,equalising,4,2360.8
Плевен,Долна Митрополия,6503,winter_roads,5,148.5
Плевен,Долна Митрополия,6503,capital,6,1541.3
Плевен,Долна Митрополия,6503,other_targeted,7,120.9
Плевен,Долни Дъбник,6504,delegated,3,11714.1
Плевен,Долни Дъбник,6504,equalising,4,1501.7
Плевен,Долни Дъбник,6504,winter_roads,5,93.8
Плевен,Долни Дъбник,6504,capital,6,850.8
Плевен,Долни Дъбник,6504,other_targeted,7,84.1
Плевен,Искър,6505,delegated,3,5242.9
Плевен,Искър,6505,equalising,4,817.8
Плевен,Искър,6505,winter_roads,5,45.7
Плевен,Искър,6505,capital,6,502.6
Плевен,Искър,6505,other_targeted,7,104.7
Плевен,Левски,6506,delegated,3,16681.6
Плевен,Левски,6506,equalising,4,2029.6
Плевен,Левски,6506,winter_roads,5,61.9
Плевен,Левски,6506,capital,6,1000.0
Плевен,Левски,6506,other_targeted,7,232.7
Плевен,Никопол,6507,delegated,3,7425.0
Плевен,Никопол,6507,equalising,4,1001.2
Плевен,Никопол,6507,winter_roads,5,64.9
Плевен,Никопол,6507,capital,6,996.0
Плевен,Никопол,6507,other_targeted,7,78.6
Плевен,Плевен,6508,delegated,3,113005.3
Плевен,Плевен,6508,equalising,4,4119.8
Плевен,Плевен,6508,winter_roads,5,301.1
Плевен,Плевен,6508,capital,6,3758.7
Плевен,Плевен,6508,other_targeted,7,545.2
Плевен,Пордим,6509,delegated,3,8058.3
Плевен,Пордим,6509,equalising,4,816.4
Плевен,Пордим,6509,winter_roads,5,74.8
Плевен,Пордим,6509,capital,6,738.2
Плевен,Пордим,6509,other_targeted,7,62.7
Плевен,Червен бряг,6510,delegated,3,25013.4
Плевен,Червен бряг,6510,equalising,4,2897.3
Плевен,Червен бряг,6510,winter_roads,5,144.6
Плевен,Червен бряг,6510,capital,6,1439.4
Плевен,Червен бряг,6510,other_targeted,7,95.7
Плевен,Кнежа,6511,delegated,3,14987.5
Плевен,Кнежа,6511,equalising,4,1553.9
Плевен,Кнежа,6511,winter_roads,5,38.2
Плевен,Кнежа,6511,capital,6,596.8
Плевен,Кнежа,6511,other_targeted,7,210.9
Пловдив,Асеновград,6601,delegated,3,50343.8
Пловдив,Асеновград,6601,equalising,4,6022.2
Пловдив,Асеновград,6601,winter_roads,5,338.1
Пловдив,Асеновград,6601,capital,6,2873.6
Пловдив,Асеновград,6601,other_targeted,7,215.3
Пловдив,Брезово,6602,delegated,3,7439.8
Пловдив,Брезово,6602,equalising,4,1012.6
Пловдив,Брезово,6602,winter_roads,5,149.6
Пловдив,Брезово,6602,capital,6,1333.0
Пловдив,Брезово,6602,other_targeted,7,108.2
Пловдив,Калояново,6603,delegated,3,10050.9
Пловдив,Калояново,6603,equalising,4,1349.5
Пловдив,Калояново,6603,winter_roads,5,102.0
Пловдив,Калояново,6603,capital,6,1199.4
Пловдив,Калояново,6603,other_targeted,7,35.6
Пловдив,Карлово,6604,delegated,3,47485.4
Пловдив,Карлово,6604,equalising,4,4719.6
Пловдив,Карлово,6604,winter_roads,5,308.3
Пловдив,Карлово,6604,capital,6,2803.7
Пловдив,Карлово,6604,other_targeted,7,411.0
Пловдив,Кричим,6605,delegated,3,6719.7
Пловдив,Кричим,6605,equalising,4,753.3
Пловдив,Кричим,6605,winter_roads,5,9.7
Пловдив,Кричим,6605,capital,6,257.8
Пловдив,Кричим,6605,other_targeted,7,62.7
Пловдив,Лъки,6606,delegated,3,3500.7
Пловдив,Лъки,6606,equalising,4,461.8
Пловдив,Лъки,6606,winter_roads,5,168.6
Пловдив,Лъки,6606,capital,6,826.4
Пловдив,Лъки,6606,other_targeted,7,38.5
Пловдив,„Марица“,6607,delegated,3,25866.3
Пловдив,„Марица“,6607,equalising,4,2350.5
Пловдив,„Марица“,6607,winter_roads,5,103.1
Пловдив,„Марица“,6607,capital,6,1601.4
Пловдив,„Марица“,6607,other_targeted,7,191.4
Пловдив,Перущица,6608,delegated,3,5631.0
Пловдив,Перущица,6608,equalising,4,680.4
Пловдив,Перущица,6608,winter_roads,5,30.7
Пловдив,Перущица,6608,capital,6,282.5
Пловдив,Перущица,6608,other_targeted,7,35.1
Пловдив,Пловдив,6609,delegated,3,344978.0
Пловдив,Пловдив,6609,equalising,4,3350.6
Пловдив,Пловдив,6609,winter_roads,5,150.9
Пловдив,Пловдив,6609,capital,6,5364.1
Пловдив,Пловдив,6609,other_targeted,7,4774.6
Пловдив,Първомай,6610,delegated,3,24597.5
Пловдив,Първомай,6610,equalising,4,2584.3
Пловдив,Първомай,6610,winter_roads,5,189.8
Пловдив,Първомай,6610,capital,6,1693.2
Пловдив,Първомай,6610,other_targeted,7,240.7
Пловдив,Раковски,6611,delegated,3,26810.4
Пловдив,Раковски,6611,equalising,4,2080.6
Пловдив,Раковски,6611,winter_roads,5,87.6
Пловдив,Раковски,6611,capital,6,989.6
Пловдив,Раковски,6611,other_targeted,7,232.4
Пловдив,„Родопи“,6612,delegated,3,21582.6
Пловдив,„Родопи“,6612,equalising,4,2389.9
Пловдив,„Родопи“,6612,winter_roads,5,191.4
Пловдив,„Родопи“,6612,capital,6,1867.9
Пловдив,„Родопи“,6612,other_targeted,7,35.1
Пловдив,Садово,6613,delegated,3,14825.4
Пловдив,Садово,6613,equalising,4,1254.3
Пловдив,Садово,6613,winter_roads,5,64.4
Пловдив,Садово,6613,capital,6,993.6
Пловдив,Садово,6613,other_targeted,7,80.2
Пловдив,Стамболийски,6614,delegated,3,16264.6
Пловдив,Стамболийски,6614,equalising,4,1798.8
Пловдив,Стамболийски,6614,winter_roads,5,42.4
Пловдив,Стамболийски,6614,capital,6,609.1
Пловдив,Стамболийски,6614,other_targeted,7,312.7
Пловдив,Съединение,6615,delegated,3,7204.7
Пловдив,Съединение,6615,equalising,4,1019.5
Пловдив,Съединение,6615,winter_roads,5,70.2
Пловдив,Съединение,6615,capital,6,874.3
Пловдив,Съединение,6615,other_targeted,7,46.2
Пловдив,Хисаря,6616,delegated,3,10750.1
Пловдив,Хисаря,6616,equalising,4,1001.0
Пловдив,Хисаря,6616,winter_roads,5,54.9
Пловдив,Хисаря,6616,capital,6,894.0
Пловдив,Хисаря,6616,other_targeted,7,222.5
Пловдив,Куклен,6617,delegated,3,5855.1
Пловдив,Куклен,6617,equalising,4,318.8
Пловдив,Куклен,6617,winter_roads,5,176.6
Пловдив,Куклен,6617,capital,6,816.3
Пловдив,Куклен,6617,other_targeted,7,90.6
Пловдив,Сопот,6618,delegated,3,9874.5
Пловдив,Сопот,6618,equalising,4,719.0
Пловдив,Сопот,6618,winter_roads,5,30.0
Пловдив,Сопот,6618,capital,6,379.8
Пловдив,Сопот,6618,other_targeted,7,79.0
Разград,Завет,6701,delegated,3,8050.2
Разград,Завет,6701,equalising,4,1114.8
Разград,Завет,6701,winter_roads,5,90.5
Разград,Завет,6701,capital,6,732.9
Разград,Завет,6701,other_targeted,7,62.3
Разград,Исперих,6702,delegated,3,26582.1
Разград,Исперих,6702,equalising,4,1969.3
Разград,Исперих,6702,winter_roads,5,133.8
Разград,Исперих,6702,capital,6,1619.0
Разград,Исперих,6702,other_targeted,7,173.3
Разград,Кубрат,6703,delegated,3,16960.1
Разград,Кубрат,6703,equalising,4,1814.0
Разград,Кубрат,6703,winter_roads,5,180.9
Разград,Кубрат,6703,capital,6,1391.6
Разград,Кубрат,6703,other_targeted,7,161.2
Разград,Лозница,6704,delegated,3,9215.2
Разград,Лозница,6704,equalising,4,982.7
Разград,Лозница,6704,winter_roads,5,177.8
Разград,Лозница,6704,capital,6,1283.3
Разград,Лозница,6704,other_targeted,7,67.4
Разград,Разград,6705,delegated,3,56177.0
Разград,Разград,6705,equalising,4,3260.8
Разград,Разград,6705,winter_roads,5,222.2
Разград,Разград,6705,capital,6,2168.6
Разград,Разград,6705,other_targeted,7,670.6
Разград,Самуил,6706,delegated,3,11466.1
Разград,Самуил,6706,equalising,4,1013.8
Разград,Самуил,6706,winter_roads,5,110.2
Разград,Самуил,6706,capital,6,1016.2
Разград,Самуил,6706,other_targeted,7,38.6
Разград,Цар Калоян,6707,delegated,3,4913.3
Разград,Цар Калоян,6707,equalising,4,769.6
Разград,Цар Калоян,6707,winter_roads,5,46.8
Разград,Цар Калоян,6707,capital,6,397.8
Разград,Цар Калоян,6707,other_targeted,7,25.4
Русе,Борово,6801,delegated,3,5773.9
Русе,Борово,6801,equalising,4,655.2
Русе,Борово,6801,winter_roads,5,101.0
Русе,Борово,6801,capital,6,693.6
Русе,Борово,6801,other_targeted,7,48.0
Русе,Бяла,6802,delegated,3,10290.3
Русе,Бяла,6802,equalising,4,984.4
Русе,Бяла,6802,winter_roads,5,146.2
Русе,Бяла,6802,capital,6,1003.8
Русе,Бяла,6802,other_targeted,7,223.9
Русе,Ветово,6803,delegated,3,9742.8
Русе,Ветово,6803,equalising,4,1235.3
Русе,Ветово,6803,winter_roads,5,139.7
Русе,Ветово,6803,capital,6,852.2
Русе,Ветово,6803,other_targeted,7,34.4
Русе,Две могили,6804,delegated,3,8288.5
Русе,Две могили,6804,equalising,4,926.9
Русе,Две могили,6804,winter_roads,5,159.2
Русе,Две могили,6804,capital,6,1089.5
Русе,Две могили,6804,other_targeted,7,117.6
Русе,Иваново,6805,delegated,3,4693.2
Русе,Иваново,6805,equalising,4,1086.4
Русе,Иваново,6805,winter_roads,5,260.3
Русе,Иваново,6805,capital,6,1410.6
Русе,Иваново,6805,other_targeted,7,69.5
Русе,Русе,6806,delegated,3,137214.1
Русе,Русе,6806,equalising,4,7515.3
Русе,Русе,6806,winter_roads,5,281.2
Русе,Русе,6806,capital,6,3457.4
Русе,Русе,6806,other_targeted,7,992.6
Русе,Сливо поле,6807,delegated,3,8388.3
Русе,Сливо поле,6807,equalising,4,1113.9
Русе,Сливо поле,6807,winter_roads,5,142.4
Русе,Сливо поле,6807,capital,6,1020.9
Русе,Сливо поле,6807,other_targeted,7,150.7
Русе,Ценово,6808,delegated,3,4167.5
Русе,Ценово,6808,equalising,4,647.4
Русе,Ценово,6808,winter_roads,5,104.7
Русе,Ценово,6808,capital,6,785.2
Русе,Ценово,6808,other_targeted,7,73.1
Силистра,Алфатар,6901,delegated,3,5486.9
Силистра,Алфатар,6901,equalising,4,512.2
Силистра,Алфатар,6901,winter_roads,5,73.3
Силистра,Алфатар,6901,capital,6,600.3
Силистра,Алфатар,6901,other_targeted,7,13.2
Силистра,Главиница,6902,delegated,3,11061.5
Силистра,Главиница,6902,equalising,4,1374.5
Силистра,Главиница,6902,winter_roads,5,134.2
Силистра,Главиница,6902,capital,6,1511.6
Силистра,Главиница,6902,other_targeted,7,111.4
Силистра,Дулово,6903,delegated,3,27215.4
Силистра,Дулово,6903,equalising,4,2815.1
Силистра,Дулово,6903,winter_roads,5,140.3
Силистра,Дулово,6903,capital,6,1858.5
Силистра,Дулово,6903,other_targeted,7,41.3
Силистра,Кайнарджа,6904,delegated,3,9278.8
Силистра,Кайнарджа,6904,equalising,4,861.2
Силистра,Кайнарджа,6904,winter_roads,5,132.1
Силистра,Кайнарджа,6904,capital,6,1050.6
Силистра,Кайнарджа,6904,other_targeted,7,80.5
Силистра,Силистра,6905,delegated,3,53340.1
Силистра,Силистра,6905,equalising,4,4258.0
Силистра,Силистра,6905,winter_roads,5,226.8
Силистра,Силистра,6905,capital,6,2005.6
Силистра,Силистра,6905,other_targeted,7,327.0
Силистра,Ситово,6906,delegated,3,6103.0
Силистра,Ситово,6906,equalising,4,741.3
Силистра,Ситово,6906,winter_roads,5,129.7
Силистра,Ситово,6906,capital,6,927.6
Силистра,Ситово,6906,other_targeted,7,66.4
Силистра,Тутракан,6907,delegated,3,16352.2
Силистра,Тутракан,6907,equalising,4,1462.3
Силистра,Тутракан,6907,winter_roads,5,127.7
Силистра,Тутракан,6907,capital,6,1116.3
Силистра,Тутракан,6907,other_targeted,7,113.9
Сливен,Котел,7001,delegated,3,17164.7
Сливен,Котел,7001,equalising,4,2425.2
Сливен,Котел,7001,winter_roads,5,307.6
Сливен,Котел,7001,capital,6,1992.3
Сливен,Котел,7001,other_targeted,7,168.4
Сливен,Нова Загора,7002,delegated,3,32559.6
Сливен,Нова Загора,7002,equalising,4,2555.1
Сливен,Нова Загора,7002,winter_roads,5,240.1
Сливен,Нова Загора,7002,capital,6,2666.2
Сливен,Нова Загора,7002,other_targeted,7,223.7
Сливен,Сливен,7003,delegated,3,120153.2
Сливен,Сливен,7003,equalising,4,6735.9
Сливен,Сливен,7003,winter_roads,5,669.5
Сливен,Сливен,7003,capital,6,5623.9
Сливен,Сливен,7003,other_targeted,7,514.5
Сливен,Твърдица,7004,delegated,3,21487.3
Сливен,Твърдица,7004,equalising,4,2095.6
Сливен,Твърдица,7004,winter_roads,5,207.0
Сливен,Твърдица,7004,capital,6,1419.6
Сливен,Твърдица,7004,other_targeted,7,169.9
Смолян,Баните,7101,delegated,3,3786.3
Смолян,Баните,7101,equalising,4,597.9
Смолян,Баните,7101,winter_roads,5,264.1
Смолян,Баните,7101,capital,6,1255.9
Смолян,Баните,7101,other_targeted,7,16.7
Смолян,Борино,7102,delegated,3,3419.4
Смолян,Борино,7102,equalising,4,571.1
Смолян,Борино,7102,winter_roads,5,120.0
Смолян,Борино,7102,capital,6,562.9
Смолян,Борино,7102,other_targeted,7,6.8
Смолян,Девин,7103,delegated,3,11087.9
Смолян,Девин,7103,equalising,4,1122.7
Смолян,Девин,7103,winter_roads,5,289.7
Смолян,Девин,7103,capital,6,1346.7
Смолян,Девин,7103,other_targeted,7,88.7
Смолян,Доспат,7104,delegated,3,9298.9
Смолян,Доспат,7104,equalising,4,889.7
Смолян,Доспат,7104,winter_roads,5,121.3
Смолян,Доспат,7104,capital,6,778.8
Смолян,Доспат,7104,other_targeted,7,88.0
Смолян,Златоград,7105,delegated,3,11976.2
Смолян,Златоград,7105,equalising,4,1295.2
Смолян,Златоград,7105,winter_roads,5,199.5
Смолян,Златоград,7105,capital,6,905.6
Смолян,Златоград,7105,other_targeted,7,60.5
Смолян,Мадан,7106,delegated,3,11931.6
Смолян,Мадан,7106,equalising,4,1277.6
Смолян,Мадан,7106,winter_roads,5,402.1
Смолян,Мадан,7106,capital,6,2304.6
Смолян,Мадан,7106,other_targeted,7,69.0
Смолян,Неделино,7107,delegated,3,6370.7
Смолян,Неделино,7107,equalising,4,847.0
Смолян,Неделино,7107,winter_roads,5,155.7
Смолян,Неделино,7107,capital,6,1119.8
Смолян,Неделино,7107,other_targeted,7,15.9
Смолян,Рудозем,7108,delegated,3,11279.0
Смолян,Рудозем,7108,equalising,4,1175.6
Смолян,Рудозем,7108,winter_roads,5,190.2
Смолян,Рудозем,7108,capital,6,1253.6
Смолян,Рудозем,7108,other_targeted,7,31.7
Смолян,Смолян,7109,delegated,3,45220.8
Смолян,Смолян,7109,equalising,4,2186.0
Смолян,Смолян,7109,winter_roads,5,815.5
Смолян,Смолян,7109,capital,6,4406.1
Смолян,Смолян,7109,other_targeted,7,110.4
Смолян,Чепеларе,7110,delegated,3,7528.4
Смолян,Чепеларе,7110,equalising,4,
Смолян,Чепеларе,7110,winter_roads,5,258.4
Смолян,Чепеларе,7110,capital,6,1076.1
Смолян,Чепеларе,7110,other_targeted,7,62.5
София-град,Столична община,7225,delegated,3,1090472.9
София-град,Столична община,7225,equalising,4,
София-град,Столична община,7225,winter_roads,5,1009.6
София-град,Столична община,7225,capital,6,23457.3
София-град,Столична община,7225,other_targeted,7,6377.0
Софийска,Антон,7301,delegated,3,1981.9
Софийска,Антон,7301,equalising,4,379.4
Софийска,Антон,7301,winter_roads,5,60.1
Софийска,Антон,7301,capital,6,258.8
Софийска,Антон,7301,other_targeted,7,11.8
Софийска,Божурище,7302,delegated,3,8807.6
Софийска,Божурище,7302,equalising,4,
Софийска,Божурище,7302,winter_roads,5,70.3
Софийска,Божурище,7302,capital,6,697.4
Софийска,Божурище,7302,other_targeted,7,69.3
Софийска,Ботевград,7303,delegated,3,34928.4
Софийска,Ботевград,7303,equalising,4,3099.4
Софийска,Ботевград,7303,winter_roads,5,395.6
Софийска,Ботевград,7303,capital,6,2236.7
Софийска,Ботевград,7303,other_targeted,7,421.4
Софийска,Годеч,7304,delegated,3,4082.2
Софийска,Годеч,7304,equalising,4,713.1
Софийска,Годеч,7304,winter_roads,5,286.5
Софийска,Годеч,7304,capital,6,1348.2
Софийска,Годеч,7304,other_targeted,7,66.8
Софийска,Горна Малина,7305,delegated,3,6903.7
Софийска,Горна Малина,7305,equalising,4,957.9
Софийска,Горна Малина,7305,winter_roads,5,160.2
Софийска,Горна Малина,7305,capital,6,1072.2
Софийска,Горна Малина,7305,other_targeted,7,69.5
Софийска,Долна баня,7306,delegated,3,10766.8
Софийска,Долна баня,7306,equalising,4,595.0
Софийска,Долна баня,7306,winter_roads,5,33.2
Софийска,Долна баня,7306,capital,6,289.1
Софийска,Долна баня,7306,other_targeted,7,45.7
Софийска,Драгоман,7307,delegated,3,5155.3
Софийска,Драгоман,7307,equalising,4,624.1
Софийска,Драгоман,7307,winter_roads,5,295.2
Софийска,Драгоман,7307,capital,6,1726.4
Софийска,Драгоман,7307,other_targeted,7,83.8
Софийска,Елин Пелин,7308,delegated,3,24625.1
Софийска,Елин Пелин,7308,equalising,4,
Софийска,Елин Пелин,7308,winter_roads,5,271.4
Софийска,Елин Пелин,7308,capital,6,1692.9
Софийска,Елин Пелин,7308,other_targeted,7,138.4
Софийска,Етрополе,7309,delegated,3,14359.0
Софийска,Етрополе,7309,equalising,4,1184.1
Софийска,Етрополе,7309,winter_roads,5,216.1
Софийска,Етрополе,7309,capital,6,1051.3
Софийска,Етрополе,7309,other_targeted,7,55.9
Софийска,Златица,7310,delegated,3,6371.0
Софийска,Златица,7310,equalising,4,
Софийска,Златица,7310,winter_roads,5,49.5
Софийска,Златица,7310,capital,6,356.0
Софийска,Златица,7310,other_targeted,7,129.6
Софийска,Ихтиман,7311,delegated,3,17447.4
Софийска,Ихтиман,7311,equalising,4,2208.5
Софийска,Ихтиман,7311,winter_roads,5,324.0
Софийска,Ихтиман,7311,capital,6,1763.0
Софийска,Ихтиман,7311,other_targeted,7,123.6
Софийска,Копривщица,7312,delegated,3,3581.0
Софийска,Копривщица,7312,equalising,4,171.6
Софийска,Копривщица,7312,winter_roads,5,50.3
Софийска,Копривщица,7312,capital,6,259.7
Софийска,Копривщица,7312,other_targeted,7,121.4
Софийска,Костенец,7313,delegated,3,11900.9
Софийска,Костенец,7313,equalising,4,1231.0
Софийска,Костенец,7313,winter_roads,5,161.2
Софийска,Костенец,7313,capital,6,830.8
Софийска,Костенец,7313,other_targeted,7,178.0
Софийска,Костинброд,7314,delegated,3,15674.3
Софийска,Костинброд,7314,equalising,4,1670.0
Софийска,Костинброд,7314,winter_roads,5,207.5
Софийска,Костинброд,7314,capital,6,1261.4
Софийска,Костинброд,7314,other_targeted,7,58.3
Софийска,Мирково,7315,delegated,3,2258.9
Софийска,Мирково,7315,equalising,4,325.3
Софийска,Мирково,7315,winter_roads,5,97.3
Софийска,Мирково,7315,capital,6,560.0
Софийска,Мирково,7315,other_targeted,7,84.1
Софийска,Пирдоп,7316,delegated,3,7693.1
Софийска,Пирдоп,7316,equalising,4,674.1
Софийска,Пирдоп,7316,winter_roads,5,92.0
Софийска,Пирдоп,7316,capital,6,390.9
Софийска,Пирдоп,7316,other_targeted,7,115.6
Софийска,Правец,7317,delegated,3,12718.7
Софийска,Правец,7317,equalising,4,773.8
Софийска,Правец,7317,winter_roads,5,432.1
Софийска,Правец,7317,capital,6,1779.3
Софийска,Правец,7317,other_targeted,7,21.8
Софийска,Самоков,7318,delegated,3,36373.8
Софийска,Самоков,7318,equalising,4,2235.0
Софийска,Самоков,7318,winter_roads,5,273.1
Софийска,Самоков,7318,capital,6,2292.1
Софийска,Самоков,7318,other_targeted,7,465.1
Софийска,Своге,7319,delegated,3,15189.4
Софийска,Своге,7319,equalising,4,2349.4
Софийска,Своге,7319,winter_roads,5,557.6
Софийска,Своге,7319,capital,6,2901.0
Софийска,Своге,7319,other_targeted,7,78.3
Софийска,Сливница,7320,delegated,3,8575.7
Софийска,Сливница,7320,equalising,4,1066.4
Софийска,Сливница,7320,winter_roads,5,128.6
Софийска,Сливница,7320,capital,6,842.6
Софийска,Сливница,7320,other_targeted,7,109.4
Софийска,Чавдар,7321,delegated,3,1859.1
Софийска,Чавдар,7321,equalising,4,171.0
Софийска,Чавдар,7321,winter_roads,5,40.6
Софийска,Чавдар,7321,capital,6,217.1
Софийска,Чавдар,7321,other_targeted,7,23.3
Софийска,Челопеч,7322,delegated,3,3297.4
Софийска,Челопеч,7322,equalising,4,97.8
Софийска,Челопеч,7322,winter_roads,5,43.4
Софийска,Челопеч,7322,capital,6,221.7
Софийска,Челопеч,7322,other_targeted,7,125.8
Стара Загора,Братя Даскалови,7401,delegated,3,7470.4
Стара Загора,Братя Даскалови,7401,equalising,4,1192.8
Стара Загора,Братя Даскалови,7401,winter_roads,5,135.6
Стара Загора,Братя Даскалови,7401,capital,6,1579.8
Стара Загора,Братя Даскалови,7401,other_targeted,7,110.8
Стара Загора,Гурково,7402,delegated,3,5316.1
Стара Загора,Гурково,7402,equalising,4,647.0
Стара Загора,Гурково,7402,winter_roads,5,44.0
Стара Загора,Гурково,7402,capital,6,525.4
Стара Загора,Гурково,7402,other_targeted,7,48.7
Стара Загора,Гълъбово,7403,delegated,3,12398.1
Стара Загора,Гълъбово,7403,equalising,4,
Стара Загора,Гълъбово,7403,winter_roads,5,64.4
Стара Загора,Гълъбово,7403,capital,6,855.9
Стара Загора,Гълъбово,7403,other_targeted,7,207.1
Стара Загора,Казанлък,7404,delegated,3,71653.4
Стара Загора,Казанлък,7404,equalising,4,5878.4
Стара Загора,Казанлък,7404,winter_roads,5,197.6
Стара Загора,Казанлък,7404,capital,6,2463.7
Стара Загора,Казанлък,7404,other_targeted,7,842.1
Стара Загора,Мъглиж,7405,delegated,3,12135.9
Стара Загора,Мъглиж,7405,equalising,4,1048.5
Стара Загора,Мъглиж,7405,winter_roads,5,134.5
Стара Загора,Мъглиж,7405,capital,6,1054.9
Стара Загора,Мъглиж,7405,other_targeted,7,78.6
Стара Загора,Николаево,7406,delegated,3,6720.2
Стара Загора,Николаево,7406,equalising,4,818.5
Стара Загора,Николаево,7406,winter_roads,5,46.7
Стара Загора,Николаево,7406,capital,6,458.0
Стара Загора,Николаево,7406,other_targeted,7,27.3
Стара Загора,Опан,7407,delegated,3,2634.3
Стара Загора,Опан,7407,equalising,4,397.7
Стара Загора,Опан,7407,winter_roads,5,63.6
Стара Загора,Опан,7407,capital,6,858.1
Стара Загора,Опан,7407,other_targeted,7,43.8
Стара Загора,Павел баня,7408,delegated,3,14994.3
Стара Загора,Павел баня,7408,equalising,4,1528.1
Стара Загора,Павел баня,7408,winter_roads,5,61.8
Стара Загора,Павел баня,7408,capital,6,958.9
Стара Загора,Павел баня,7408,other_targeted,7,174.7
Стара Загора,Раднево,7409,delegated,3,16444.4
Стара Загора,Раднево,7409,equalising,4,1201.6
Стара Загора,Раднево,7409,winter_roads,5,157.4
Стара Загора,Раднево,7409,capital,6,1704.0
Стара Загора,Раднево,7409,other_targeted,7,311.5
Стара Загора,Стара Загора,7410,delegated,3,147199.8
Стара Загора,Стара Загора,7410,equalising,4,7145.1
Стара Загора,Стара Загора,7410,winter_roads,5,475.4
Стара Загора,Стара Загора,7410,capital,6,5875.8
Стара Загора,Стара Загора,7410,other_targeted,7,1136.1
Стара Загора,Чирпан,7411,delegated,3,21606.9
Стара Загора,Чирпан,7411,equalising,4,2147.0
Стара Загора,Чирпан,7411,winter_roads,5,175.7
Стара Загора,Чирпан,7411,capital,6,1622.5
Стара Загора,Чирпан,7411,other_targeted,7,128.1
Търговище,Антоново,7501,delegated,3,5226.7
Търговище,Антоново,7501,equalising,4,945.8
Търговище,Антоново,7501,winter_roads,5,371.5
Търговище,Антоново,7501,capital,6,2361.8
Търговище,Антоново,7501,other_targeted,7,69.0
Търговище,Омуртаг,7502,delegated,3,14966.5
Търговище,Омуртаг,7502,equalising,4,2300.6
Търговище,Омуртаг,7502,winter_roads,5,376.3
Търговище,Омуртаг,7502,capital,6,2787.3
Търговище,Омуртаг,7502,other_targeted,7,173.9
Търговище,Опака,7503,delegated,3,5029.3
Търговище,Опака,7503,equalising,4,807.9
Търговище,Опака,7503,winter_roads,5,80.3
Търговище,Опака,7503,capital,6,609.1
Търговище,Опака,7503,other_targeted,7,27.7
Търговище,Попово,7504,delegated,3,26568.8
Търговище,Попово,7504,equalising,4,1912.9
Търговище,Попово,7504,winter_roads,5,438.8
Търговище,Попово,7504,capital,6,2875.9
Търговище,Попово,7504,other_targeted,7,261.6
Търговище,Търговище,7505,delegated,3,59004.1
Търговище,Търговище,7505,equalising,4,3971.6
Търговище,Търговище,7505,winter_roads,5,577.5
Търговище,Търговище,7505,capital,6,4300.9
Търговище,Търговище,7505,other_targeted,7,866.7
Хасково,Димитровград,7601,delegated,3,39548.9
Хасково,Димитровград,7601,equalising,4,3746.9
Хасково,Димитровград,7601,winter_roads,5,216.1
Хасково,Димитровград,7601,capital,6,2499.6
Хасково,Димитровград,7601,other_targeted,7,414.1
Хасково,Ивайловград,7602,delegated,3,6894.2
Хасково,Ивайловград,7602,equalising,4,1018.3
Хасково,Ивайловград,7602,winter_roads,5,341.8
Хасково,Ивайловград,7602,capital,6,2346.9
Хасково,Ивайловград,7602,other_targeted,7,88.0
Хасково,Любимец,7603,delegated,3,9679.6
Хасково,Любимец,7603,equalising,4,1093.5
Хасково,Любимец,7603,winter_roads,5,70.3
Хасково,Любимец,7603,capital,6,878.7
Хасково,Любимец,7603,other_targeted,7,127.2
Хасково,Маджарово,7604,delegated,3,2857.1
Хасково,Маджарово,7604,equalising,4,457.8
Хасково,Маджарово,7604,winter_roads,5,115.4
Хасково,Маджарово,7604,capital,6,1070.7
Хасково,Маджарово,7604,other_targeted,7,29.6
Хасково,Минерални бани,7605,delegated,3,5160.2
Хасково,Минерални бани,7605,equalising,4,598.6
Хасково,Минерални бани,7605,winter_roads,5,96.1
Хасково,Минерални бани,7605,capital,6,968.0
Хасково,Минерални бани,7605,other_targeted,7,35.8
Хасково,Свиленград,7606,delegated,3,23781.6
Хасково,Свиленград,7606,equalising,4,1644.1
Хасково,Свиленград,7606,winter_roads,5,179.0
Хасково,Свиленград,7606,capital,6,1763.8
Хасково,Свиленград,7606,other_targeted,7,378.5
Хасково,Симеоновград,7607,delegated,3,8773.9
Хасково,Симеоновград,7607,equalising,4,1210.1
Хасково,Симеоновград,7607,winter_roads,5,36.7
Хасково,Симеоновград,7607,capital,6,687.6
Хасково,Симеоновград,7607,other_targeted,7,57.3
Хасково,Стамболово,7608,delegated,3,6417.8
Хасково,Стамболово,7608,equalising,4,831.6
Хасково,Стамболово,7608,winter_roads,5,157.0
Хасково,Стамболово,7608,capital,6,1716.9
Хасково,Стамболово,7608,other_targeted,7,6.7
Хасково,Тополовград,7609,delegated,3,11464.3
Хасково,Тополовград,7609,equalising,4,1376.0
Хасково,Тополовград,7609,winter_roads,5,105.6
Хасково,Тополовград,7609,capital,6,1287.7
Хасково,Тополовград,7609,other_targeted,7,146.4
Хасково,Харманли,7610,delegated,3,21074.3
Хасково,Харманли,7610,equalising,4,2169.2
Хасково,Харманли,7610,winter_roads,5,187.5
Хасково,Харманли,7610,capital,6,1937.5
Хасково,Харманли,7610,other_targeted,7,344.8
Хасково,Хасково,7611,delegated,3,86019.9
Хасково,Хасково,7611,equalising,4,4445.0
Хасково,Хасково,7611,winter_roads,5,245.1
Хасково,Хасково,7611,capital,6,3553.6
Хасково,Хасково,7611,other_targeted,7,716.1
Шумен,Велики Преслав,7701,delegated,3,12069.0
Шумен,Велики Преслав,7701,equalising,4,1265.2
Шумен,Велики Преслав,7701,winter_roads,5,133.2
Шумен,Велики Преслав,7701,capital,6,996.4
Шумен,Велики Преслав,7701,other_targeted,7,57.9
Шумен,Венец,7702,delegated,3,6206.7
Шумен,Венец,7702,equalising,4,915.3
Шумен,Венец,7702,winter_roads,5,140.5
Шумен,Венец,7702,capital,6,1047.3
Шумен,Венец,7702,other_targeted,7,57.7
Шумен,Върбица,7703,delegated,3,9041.7
Шумен,Върбица,7703,equalising,4,1446.4
Шумен,Върбица,7703,winter_roads,5,104.6
Шумен,Върбица,7703,capital,6,1147.4
Шумен,Върбица,7703,other_targeted,7,115.8
Шумен,Каолиново,7704,delegated,3,10974.9
Шумен,Каолиново,7704,equalising,4,1578.3
Шумен,Каолиново,7704,winter_roads,5,116.2
Шумен,Каолиново,7704,capital,6,1189.3
Шумен,Каолиново,7704,other_targeted,7,16.9
Шумен,Каспичан,7705,delegated,3,8299.3
Шумен,Каспичан,7705,equalising,4,855.0
Шумен,Каспичан,7705,winter_roads,5,88.4
Шумен,Каспичан,7705,capital,6,780.7
Шумен,Каспичан,7705,other_targeted,7,74.8
Шумен,Никола Козлево,7706,delegated,3,7461.2
Шумен,Никола Козлево,7706,equalising,4,887.7
Шумен,Никола Козлево,7706,winter_roads,5,75.9
Шумен,Никола Козлево,7706,capital,6,811.3
Шумен,Никола Козлево,7706,other_targeted,7,36.1
Шумен,Нови пазар,7707,delegated,3,21820.5
Шумен,Нови пазар,7707,equalising,4,1639.2
Шумен,Нови пазар,7707,winter_roads,5,167.2
Шумен,Нови пазар,7707,capital,6,1266.3
Шумен,Нови пазар,7707,other_targeted,7,168.3
Шумен,Смядово,7708,delegated,3,11341.6
Шумен,Смядово,7708,equalising,4,878.2
Шумен,Смядово,7708,winter_roads,5,56.2
Шумен,Смядово,7708,capital,6,742.8
Шумен,Смядово,7708,other_targeted,7,58.0
Шумен,Хитрино,7709,delegated,3,4478.1
Шумен,Хитрино,7709,equalising,4,918.7
Шумен,Хитрино,7709,winter_roads,5,209.8
Шумен,Хитрино,7709,capital,6,1535.9
Шумен,Хитрино,7709,other_targeted,7,26.0
Шумен,Шумен,7710,delegated,3,96984.3
Шумен,Шумен,7710,equalising,4,5107.6
Шумен,Шумен,7710,winter_roads,5,338.0
Шумен,Шумен,7710,capital,6,3182.9
Шумен,Шумен,7710,other_targeted,7,1039.3
Ямбол,Болярово,7801,delegated,3,8122.4
Ямбол,Болярово,7801,equalising,4,708.7
Ямбол,Болярово,7801,winter_roads,5,122.9
Ямбол,Болярово,7801,capital,6,1367.8
Ямбол,Болярово,7801,other_targeted,7,68.2
Ямбол,Елхово,7802,delegated,3,14456.5
Ямбол,Елхово,7802,equalising,4,1805.9
Ямбол,Елхово,7802,winter_roads,5,141.2
Ямбол,Елхово,7802,capital,6,1589.7
Ямбол,Елхово,7802,other_targeted,7,76.5
Ямбол,Стралджа,7803,delegated,3,13277.6
Ямбол,Стралджа,7803,equalising,4,1516.9
Ямбол,Стралджа,7803,winter_roads,5,142.1
Ямбол,Стралджа,7803,capital,6,1657.6
Ямбол,Стралджа,7803,other_targeted,7,141.0
Ямбол,„Тунджа“,7804,delegated,3,16963.7
Ямбол,„Тунджа“,7804,equalising,4,2338.9
Ямбол,„Тунджа“,7804,winter_roads,5,257.9
Ямбол,„Тунджа“,7804,capital,6,3066.0
Ямбол,„Тунджа“,7804,other_targeted,7,165.9
Ямбол,Ямбол,7805,delegated,3,72085.9
Ямбол,Ямбол,7805,equalising,4,3278.9
Ямбол,Ямбол,7805,winter_roads,5,37.8
Ямбол,Ямбол,7805,capital,6,1086.2
Ямбол,Ямбол,7805,other_targeted,7,293.8
,ВСИЧКО:,,delegated,3,6927959.1
,ВСИЧКО:,,equalising,4,410000.0
,ВСИЧКО:,,winter_roads,5,48228.1
,ВСИЧКО:,,capital,6,426310.2
,ВСИЧКО:,,other_targeted,7,60000.0
