section,spending_unit,breakdown_type,row_no,policy_area_or_program,amount_thousand_BGN
2,съдебната власт,functional_area,1.,Функционална област „Управление на съдебната власт“,60148.868
2,съдебната власт,functional_area,2.,Функционална област „Правораздаване“,779970.242
2,съдебната власт,functional_area,3.,Функционална област „Спазване на законността“,489531.637
2,съдебната власт,functional_area,4.,Функционална област „Електронно правосъдие“,19907.752
2,съдебната власт,functional_area,5.,Функционална област „Кадрови потенциал на съдебната власт“,9028.367
2,съдебната власт,functional_area,,Всичко:,1358586.866
3,Народното събрание,functional_area,1.,Функционална област „Представителен и ефективен Парламент“,72084.536
3,Народното събрание,functional_area,,в т.ч. Резерв за неотложни и непредвидени разходи,
3,Народното събрание,functional_area,2.,Функционална област „Осигуряващи дейности“,38770.713
3,Народното събрание,functional_area,3.,Функционална област „Съпътстваща дейност“ (Икономически и социален съвет),2371.517
3,Народното събрание,functional_area,4.,Функционална област „Мониторинг на фискалната политика“ (Фискален съвет),693.805
3,Народното събрание,functional_area,,Всичко:,113920.571
4,Сметната палата,functional_area,1.,Функционална област „Контрол по изпълнението на бюджета и управлението на публичните средства и дейности“,33297.421
4,Сметната палата,functional_area,,Всичко:,33297.421
5,Администрацията на президента,functional_area,1.,Функционална област „Осъществяване на конституционните правомощия на президента на Република България“,12259.152
5,Администрацията на президента,functional_area,,Всичко:,12259.152
6,Министерския съвет,policy_or_program,1.,Област „Осигуряване дейността и организацията на работата на Министерския съвет“,20322.82
6,Министерския съвет,policy_or_program,2.,Политика в областта на управлението на средствата от ЕС,551.535
6,Министерския съвет,policy_or_program,3.,Политика в областта на осъществяването на държавните функции на територията на областите в България,57781.897
6,Министерския съвет,policy_or_program,4.,Политика в областта на правото на вероизповедание,87289.446
6,Министерския съвет,policy_or_program,5.,Политика в областта на архивното дело,13663.937
6,Министерския съвет,policy_or_program,6.,Бюджетна програма „Администрация“,19468.629
6,Министерския съвет,policy_or_program,7.,"Други бюджетни програми (общо), в т.ч.:",35597.479
6,Министерския съвет,policy_or_program,7.1.,Бюджетна програма „Други дейности и услуги“,20781.913
6,Министерския съвет,policy_or_program,7.2.,Бюджетна програма „Убежище и бежанци“,14815.566
6,Министерския съвет,policy_or_program,,Всичко:,234675.743
7,Конституционния съд,functional_area,1.,Функционална област „Върховенство на Конституцията“,7197.149
7,Конституционния съд,functional_area,,Всичко:,7197.149
8,Омбудсмана,functional_area,1.,Функционална област „Защита правата на гражданите“,4618.745
8,Омбудсмана,functional_area,,Всичко:,4618.745
9,Министерството на финансите,policy_or_program,1.,Политика в областта на устойчивите и прозрачни публични финанси,63418.723
9,Министерството на финансите,policy_or_program,2.,Политика в областта на ефективното събиране на всички държавни приходи,732499.966
9,Министерството на финансите,policy_or_program,3.,"Политика в областта на защитата на обществото и икономиката от финансови измами, контрабанда на стоки, изпиране на пари и финансиране на тероризма",133765.154
9,Министерството на финансите,policy_or_program,4.,Политика в областта на управлението на дълга,5336.993
9,Министерството на финансите,policy_or_program,5.,Бюджетна програма „Администрация“,46675.933
9,Министерството на финансите,policy_or_program,,Всичко:,981696.769
10,Министерството на външните работи,policy_or_program,1.,Политика в областта на активната двустранна и многостранна дипломация,233598.853
10,Министерството на външните работи,policy_or_program,2.,Политика в областта на публичната дипломация и публичните дейности в подкрепа на целите на външната политика,2029.154
10,Министерството на външните работи,policy_or_program,3.,Политика в областта на подкрепата за българските общности и лицата с българско самосъзнание зад граница,1478.049
10,Министерството на външните работи,policy_or_program,,Всичко:,237106.056
11,Министерството на отбраната,policy_or_program,1.,Политика в областта на отбранителните способности,4416417.598
11,Министерството на отбраната,policy_or_program,2.,Политика в областта на съюзната и международната сигурност,148504.963
11,Министерството на отбраната,policy_or_program,,Всичко:,4564922.561
12,Министерството на вътрешните работи,policy_or_program,1.,Политика в областта на противодействието на престъпността и опазването на обществения ред,2510240.867
12,Министерството на вътрешните работи,policy_or_program,2.,Политика в областта на защитата на границите и контрол на миграционните процеси,641870.985
12,Министерството на вътрешните работи,policy_or_program,3.,Политика в областта на пожарната безопасност и защитата на населението при извънредни ситуации,664028.742
12,Министерството на вътрешните работи,policy_or_program,4.,Политика в областта на управлението и развитието на системата на Министерството на вътрешните работи,450120.376
12,Министерството на вътрешните работи,policy_or_program,,Всичко:,4266260.97
13,Министерството на правосъдието,policy_or_program,1.,Политика в областта на правосъдието,236881.602
13,Министерството на правосъдието,policy_or_program,2.,Политика в областта на изпълнение на наказанията,422028.025
13,Министерството на правосъдието,policy_or_program,3.,Бюджетна програма „Администрация“,14298.833
13,Министерството на правосъдието,policy_or_program,,Всичко:,673208.46
14,Министерството на труда и социалната политика,policy_or_program,1.,"Политика в областта на пазара на труда, свободното движение на работници и трудовата миграция",118488.205
14,Министерството на труда и социалната политика,policy_or_program,2.,Политика в областта на трудовите отношения,34404.016
14,Министерството на труда и социалната политика,policy_or_program,3.,Политика в областта на социалното подпомагане и равнопоставеността на жените и мъжете,452312.312
14,Министерството на труда и социалната политика,policy_or_program,4.,Политика в областта на хората с увреждания,914705.34
14,Министерството на труда и социалната политика,policy_or_program,5.,Политика в областта на социалното включване,783441.577
14,Министерството на труда и социалната политика,policy_or_program,6.,"Политика в областта на жизненото равнище, демографското развитие и социалните инвестиции",963.844
14,Министерството на труда и социалната политика,policy_or_program,7.,Бюджетна програма „Администрация“,18230.501
14,Министерството на труда и социалната политика,policy_or_program,,Всичко:,2322545.795
15,Министерството на здравеопазването,policy_or_program,1.,"Политика в областта на промоцията, превенцията и контрола на общественото здраве",172257.801
15,Министерството на здравеопазването,policy_or_program,2.,Политика в областта на диагностиката и лечението,930538.571
15,Министерството на здравеопазването,policy_or_program,3.,Политика в областта на лекарствените продукти и медицинските изделия,47643.966
15,Министерството на здравеопазването,policy_or_program,4.,Бюджетна програма „Администрация“,49656.268
15,Министерството на здравеопазването,policy_or_program,,Всичко:,1200096.606
16,Министерството на образованието и науката,policy_or_program,1.,"Политика в областта на всеобхватното, достъпно и качествено предучилищно и училищно образование. Учене през целия живот",945225.716
16,Министерството на образованието и науката,policy_or_program,2.,Политика в областта на равен достъп до качествено висше образование и развитие на научния потенциал,69442.695
16,Министерството на образованието и науката,policy_or_program,3.,Бюджетна програма „Администрация“,12953.529
16,Министерството на образованието и науката,policy_or_program,,Всичко:,1027621.94
17,Министерството на културата,policy_or_program,1.,Политика в областта на опазване на движимото и недвижимото културно наследство,37910.34
17,Министерството на културата,policy_or_program,2.,Политика в областта на създаване и популяризиране на съвременно изкуство в страната и в чужбина и достъп до качествено художествено образование,460872.303
17,Министерството на културата,policy_or_program,3.,Бюджетна програма „Администрация“,13678.977
17,Министерството на културата,policy_or_program,,Всичко:,512461.62
18,Министерството на околната среда и водите,policy_or_program,1.,Политика в областта на опазването и ползването на компонентите на околната среда,54432.8
18,Министерството на околната среда и водите,policy_or_program,2.,Политика в областта на Националната система за мониторинг на околната среда и информационна обезпеченост,22656.972
18,Министерството на околната среда и водите,policy_or_program,3.,Други бюджетни програми:,32536.508
18,Министерството на околната среда и водите,policy_or_program,3.1.,"Бюджетна програма „Дейности по метеорология, хидрология и агрометеорология“",32536.508
18,Министерството на околната среда и водите,policy_or_program,4.,Бюджетна програма „Администрация“,31328.188
18,Министерството на околната среда и водите,policy_or_program,,Всичко:,140954.468
19,Министерството на икономиката и индустрията,policy_or_program,1.,Политика в областта на устойчивото икономическо развитие и конкурентоспособност,95378.413
19,Министерството на икономиката и индустрията,policy_or_program,2.,Политика в областта на ефективното външноикономическо сътрудничество,15288.355
19,Министерството на икономиката и индустрията,policy_or_program,3.,Бюджетна програма „Администрация“,12932.29
19,Министерството на икономиката и индустрията,policy_or_program,,Всичко:,123599.058
20,Министерството на иновациите и растежа,policy_or_program,1.,Политика в областта на развитието на инвестициите и иновациите в подкрепа на растежа на българската икономика,50755.847
20,Министерството на иновациите и растежа,policy_or_program,2.,Бюджетна програма „Администрация“,5916.176
20,Министерството на иновациите и растежа,policy_or_program,,Всичко:,56672.023
21,Министерството на енергетиката,policy_or_program,1.,Политика в областта на устойчивото и конкурентоспособно енергийно развитие,114386.212
21,Министерството на енергетиката,policy_or_program,2.,Бюджетна програма „Администрация“,8765.579
21,Министерството на енергетиката,policy_or_program,,Всичко:,123151.791
22,Министерството на туризма,policy_or_program,1.,Политика в областта на устойчивото развитие на туризма,34996.34
22,Министерството на туризма,policy_or_program,2.,Бюджетна програма „Администрация“,4444.916
22,Министерството на туризма,policy_or_program,,Всичко:,39441.256
23,Министерството на регионалното развитие и благоустройството,policy_or_program,1.,Политика за интегрирано развитие на регионите за постигане на растеж и подобряване качеството на жизнената среда,4025.428
23,Министерството на регионалното развитие и благоустройството,policy_or_program,2.,"Политика за подобряване на инвестиционния процес, поддържане, модернизация и изграждане на техническата инфраструктура",2342496.025
23,Министерството на регионалното развитие и благоустройството,policy_or_program,3.,Бюджетна програма „Ефективна администрация и координация“,27143.116
23,Министерството на регионалното развитие и благоустройството,policy_or_program,,Всичко:,2373664.569
24,Министерството на земеделието и храните,policy_or_program,1.,Политика в областта на земеделието и селските райони,389942.773
24,Министерството на земеделието и храните,policy_or_program,2.,Политика в областта на рибарството и аквакултурите,10059.92
24,Министерството на земеделието и храните,policy_or_program,3.,Политика в областта на съхраняването и увеличаването на горите и дивеча,54022.706
24,Министерството на земеделието и храните,policy_or_program,4.,Бюджетна програма „Администрация“,36738.958
24,Министерството на земеделието и храните,policy_or_program,,Всичко:,490764.357
25,Министерството на транспорта и съобщенията,policy_or_program,1.,Политика в областта на транспорта,1277498.818
25,Министерството на транспорта и съобщенията,policy_or_program,2.,Политика в областта на съобщенията и цифровата свързаност,106104.04
25,Министерството на транспорта и съобщенията,policy_or_program,3.,"Бюджетна програма „Административно обслужване, медицинска и психологическа експертиза“",47766.359
25,Министерството на транспорта и съобщенията,policy_or_program,,Всичко:,1431369.217
26,Министерството на електронното управление,policy_or_program,1.,Политика в областта на електронното управление,69681.172
26,Министерството на електронното управление,policy_or_program,,Всичко:,69681.172
27,Министерството на младежта и спорта,policy_or_program,1.,Политика в областта на спорта за учащи и спорта в свободното време,43451.655
27,Министерството на младежта и спорта,policy_or_program,2.,Политика в областта на спорта за високи постижения,111077.049
27,Министерството на младежта и спорта,policy_or_program,3.,"Политика в областта на привеждането на спортните обекти и съоръжения във вид, отговарящ на съвременните международни стандарти",1086.395
27,Министерството на младежта и спорта,policy_or_program,4.,Политика в областта на усвояването и прилагането на добри международни практики за спорта,746.619
27,Министерството на младежта и спорта,policy_or_program,5.,Политика в областта на младите хора,5921.576
27,Министерството на младежта и спорта,policy_or_program,6.,Бюджетна програма „Администрация“,4126.574
27,Министерството на младежта и спорта,policy_or_program,,Всичко:,166409.868
28,Държавната агенция „Национална сигурност“,policy_or_program,1.,Политика в областта на защитата на националната сигурност,272336.238
28,Държавната агенция „Национална сигурност“,policy_or_program,,Всичко:,272336.238
29,Комисията за разкриване на документите и за обявяване на принадлежност на български граждани към Държавна сигурност и разузнавателните служби на Българската народна армия,functional_area,1.,Функционална област „Архив на Държавна сигурност и разузнавателните служби на Българската народна армия“,5141.349
29,Комисията за разкриване на документите и за обявяване на принадлежност на български граждани към Държавна сигурност и разузнавателните служби на Българската народна армия,functional_area,,Всичко:,5141.349
30,Комисията за защита от дискриминация,functional_area,1.,Функционална област „Противодействие и защита на гражданите от дискриминация“,5028.774
30,Комисията за защита от дискриминация,functional_area,,Всичко:,5028.774
31,Комисията за защита на личните данни,functional_area,1.,Функционална област „Защита на личните данни на физическите лица“,6557.335
31,Комисията за защита на личните данни,functional_area,,Всичко:,6557.335
32,Комисията за отнемане на незаконно придобитото имущество,functional_area,1.,Функционална област „Предотвратяване на възможностите за незаконно придобиване на имущество“,14839.923
32,Комисията за отнемане на незаконно придобитото имущество,functional_area,,Всичко:,14839.923
33,Комисията за противодействие на корупцията,functional_area,1.,"Функционална област „Осъществяване на превенция, ефективно противодействие на корупцията и установяване на конфликт на интереси“",18186.641
33,Комисията за противодействие на корупцията,functional_area,,Всичко:,18186.641
34,Националната служба за охрана,functional_area,1.,Функционална област „Осигуряване безопасността на охраняваните лица и обекти и предоставяне на специализиран транспорт“,98607.473
34,Националната служба за охрана,functional_area,,Всичко:,98607.473
35,Държавната агенция „Разузнаване“,policy_or_program,1.,"Политика в областта на информационно-аналитичното обезпечаване на държавното ръководство, подпомагащо процеса на вземане на решения с цел защита на националната сигурност и интересите на Република България",59965.962
35,Държавната агенция „Разузнаване“,policy_or_program,,Всичко:,59965.962
36,Националния статистически институт,functional_area,1.,"Функционална област „Безпристрастна, обективна, навременна и точна информация за състоянието на Република България“",45543.61
36,Националния статистически институт,functional_area,,Всичко:,45543.61
37,Комисията за защита на конкуренцията,functional_area,1.,Функционална област „Защита на конкуренцията и контрол на законосъобразността при процедурите по възлагане на обществени поръчки и предоставяне на концесии“,8244.645
37,Комисията за защита на конкуренцията,functional_area,,Всичко:,8244.645
38,Комисията за регулиране на съобщенията,functional_area,1.,Функционална област „Електронни съобщения и пощенски услуги“,25115.689
38,Комисията за регулиране на съобщенията,functional_area,,Всичко:,25115.689
39,Съвета за електронни медии,functional_area,1.,Функционална област „Регулиране на медийните услуги и на услуги на платформи за споделяне на видеоклипове“,3263.363
39,Съвета за електронни медии,functional_area,,Всичко:,3263.363
40,Комисията за енергийно и водно регулиране,functional_area,1.,Функционална област „Държавна регулация в енергетиката и ВиК сектора“,14098.078
40,Комисията за енергийно и водно регулиране,functional_area,,Всичко:,14098.078
41,Агенцията за ядрено регулиране,functional_area,1.,Функционална област „Регулация на ядрената безопасност и радиационната защита на Република България“,9733.036
41,Агенцията за ядрено регулиране,functional_area,,Всичко:,9733.036
42,Държавната комисия по сигурността на информацията,functional_area,1.,Функционална област „Защита на класифицираната информация“,19809.938
42,Държавната комисия по сигурността на информацията,functional_area,,Всичко:,19809.938
43,Държавната агенция „Държавен резерв и военновременни запаси“,policy_or_program,1.,"Политика в областта на държавните резерви, военновременните запаси и задължителните запаси от нефт и нефтопродукти (общо), в т.ч.:",89896.674
43,Държавната агенция „Държавен резерв и военновременни запаси“,policy_or_program,1.1.,Бюджетна програма „Държавни резерви и военновременни запаси“,73709.207
43,Държавната агенция „Държавен резерв и военновременни запаси“,policy_or_program,1.2.,Бюджетна програма „Запаси за извънредни ситуации от нефт и нефтопродукти и целеви запаси от нефтопродукти“,16187.467
43,Държавната агенция „Държавен резерв и военновременни запаси“,policy_or_program,,Всичко:,89896.674
44,Комисията за финансов надзор,functional_area,1.,Функционална област „Регулация и надзор на небанковия финансов сектор“,28020.318
44,Комисията за финансов надзор,functional_area,,Всичко:,28020.318
45,Комисията за публичен надзор над регистрираните одитори,functional_area,1.,Функционална област „Осъществяване на публичен надзор над регистрираните одитори“,2667.846
45,Комисията за публичен надзор над регистрираните одитори,functional_area,,Всичко:,2667.846
46,Централната избирателна комисия,functional_area,1.,"Функционална област „Организиране и произвеждане на законосъобразни, честни и свободни избори и национални референдуми“",7248.261
46,Централната избирателна комисия,functional_area,,Всичко:,7248.261
47,Държавен фонд „Земеделие“,policy_or_program,1.,Политика на Министерството на земеделието и храните в областта на земеделието и селските райони,419859.703
47,Държавен фонд „Земеделие“,policy_or_program,2.,Политика на Министерството на земеделието и храните в областта на рибарството и аквакултурите,490.837
47,Държавен фонд „Земеделие“,policy_or_program,3.,Бюджетна програма „Администрация“,39703.107
47,Държавен фонд „Земеделие“,policy_or_program,,Всичко:,460053.647
48,Националното бюро за контрол на специалните разузнавателни средства,functional_area,1.,"Функционална област „Наблюдение на процедурите по разрешаване, прилагане и използване на специални разузнавателни средства“",2150.652
48,Националното бюро за контрол на специалните разузнавателни средства,functional_area,,Всичко:,2150.652
49,Държавната агенция „Технически операции“,policy_or_program,1.,Политика в областта на осигуряването и прилагането на специални разузнавателни средства с цел защита на националната сигурност и опазване на обществения ред,148642.6
49,Държавната агенция „Технически операции“,policy_or_program,,Всичко:,148642.6
