programme,period,name,projects,generated
2,1,Транспорт и транспортна инфраструктура 2014-2020,80,2026-10-05
6,1,Околна среда 2014-2020,391,2026-10-05
3,1,Региони в растеж 2014-2020,824,2026-10-05
5,1,Иновации и конкурентоспособност 2014-2020,35332,2026-10-05
7,1,Наука и образование за интелигентен растеж 2014-2020,376,2026-10-05
4,1,Развитие на човешките ресурси 2014-2020,4403,2026-10-05
1,1,Добро управление 2014-2020,706,2026-10-05
8,1,Храни 2014-2020,548,2026-10-05
8010402,1,Инициатива за малки и средни предприятия 2014-2020,1,2026-10-05
8010406,1,Програма за морско дело и рибарство 2014-2020,1143,2026-10-05
8010436,1,"Фонд ""Убежище, миграция и интеграция""",59,2026-10-05
8010437,1,"Фонд ""Вътрешна сигурност""",108,2026-10-05
8010510,1,"Програма за развитие на селските райони (за мерки по чл. 9б, т.2 от ЗПЗП)",12151,2026-10-05
8010686,2,Национален план за възстановяване и устойчивост,14801,2026-10-05
8010709,3,Развитие на човешките ресурси 2021-2027,2033,2026-10-05
8010710,3,"Програма ""Образование"" 2021-2027",639,2026-10-05
8010711,3,"Програма ""Храни и основно материално подпомагане"" 2021-2027",251,2026-10-05
8010759,3,"Програма ""Околна среда"" 2021-2027",207,2026-10-05
8010777,3,"Програма ""Техническа помощ""",83,2026-10-05
8010781,3,Резерв за приспособяване във връзка с последиците от Брекзит,3,2026-10-05
8010785,3,"Програма ""Конкурентоспособност и иновации в предприятията"" 2021-2027",7049,2026-10-05
8010798,3,"Програма ""Транспортна свързаност"" 2021-2027",47,2026-10-05
8010814,3,"Програма на Република България по фонд „Убежище, миграция и интеграция“",42,2026-10-05
8010828,3,ПРБИУГВП,64,2026-10-05
8010829,3,Програма на Република България по фонд „Вътрешна сигурност“,29,2026-10-05
8010851,3,"Програма ""Научни изследвания, иновации и дигитализация за интелигентна трансформация""",183,2026-10-05
8010862,3,"Програма ""Развитие на регионите"" 2021-2027",733,2026-10-05
8010879,3,"Програма за морско дело, рибарство и аквакултури 2021-2027 г.",148,2026-10-05
8010936,3,СПРЗСР-ВОМР,97,2026-10-05
