period,programme,fund,fund_en,programme_bg,printed_name,budget_eu_EUR,budget_national_EUR,budget_total_EUR,received_prefinancing_EUR,received_claims_EUR,received_total_EUR,paid_eu_EUR,paid_national_EUR,paid_total_EUR,declared_EUR,certified_EUR,as_of
2014-2020,transport-14,ЕФРР,ERDF,Оперативна програма „Транспорт и транспортна инфраструктура“,"ОП ""Транспорт и транспортна инфраструктура""",438611756.00,76607959.00,515219715.00,65162124.00,379701017.56,444863141.56,429895808.45,75069848.55,504965657.00,504846664.75,504846664.78,2026-08-31
2014-2020,transport-14,КФ,CF,Оперативна програма „Транспорт и транспортна инфраструктура“,"ОП ""Транспорт и транспортна инфраструктура""",1082143334.00,166172354.00,1248315688.00,120016991.40,932651043.27,1052668034.67,1075703186.43,165476982.33,1241180168.76,1246198525.78,1246198525.78,2026-08-31
2014-2020,environment-14,ЕФРР,ERDF,Оперативна програма „Околна среда“,"ОП ""Околна среда 2014-2020""",335717166.00,52361856.00,388079022.00,36031153.33,312278667.89,348309821.22,333695762.85,52005498.69,385701261.54,382197230.33,382197230.32,2026-08-31
2014-2020,environment-14,КФ,CF,Оперативна програма „Околна среда“,"ОП ""Околна среда 2014-2020""",1104246747.00,176178839.00,1280425586.00,122115138.35,962362910.73,1084478049.08,1070793585.56,170276327.23,1241069912.79,1216273715.71,1216273715.70,2026-08-31
2014-2020,science-14,ЕФРР,ERDF,Оперативна програма „Наука и образование за интелигентен растеж“,"ОП ""Наука и образование за интелигентен растеж""",186989211.00,29653891.00,216643102.00,22900579.05,164088631.95,186989211.00,181709990.28,28927965.90,210637956.18,218914268.07,218914268.07,2026-08-31
2014-2020,science-14,ЕСФ,ESF,Оперативна програма „Наука и образование за интелигентен растеж“,"ОП ""Наука и образование за интелигентен растеж""",408120966.00,61959271.00,470080237.00,64852366.86,343268599.14,408120966.00,409187642.11,62126548.91,471314191.02,459088371.76,459088371.77,2026-08-31
2014-2020,regions-14,ЕФРР,ERDF,Оперативна програма „Региони в растеж“,"ОП ""Региони в растеж""",1377800138.00,221858660.00,1599658798.00,182673768.42,1177246064.58,1359919833.00,1332332824.72,217026119.84,1549358944.56,1518584764.30,1518584764.27,2026-08-31
2014-2020,hrd-14,ЕСФ,ESF,Оперативна програма „Развитие на човешките ресурси“,"ОП ""Развитие на човешките ресурси 2014-2020""",1206913632.00,165102510.00,1372016142.00,211645219.30,995268412.70,1206913632.00,1210073840.98,165657475.64,1375731316.62,1374092772.22,1374092772.22,2026-08-31
2014-2020,innovation-14,ЕФРР,ERDF,Оперативна програма „Иновации и конкурентоспособност“,"ОП ""Иновации и конкурентоспособност""",1443375935.00,212049066.00,1655425001.00,222667669.55,1243932179.22,1466599848.77,1441017245.20,212534899.33,1653552144.53,1639297741.89,1639297741.91,2026-08-31
2014-2020,sme-14,ЕФРР,ERDF,Оперативна програма „Инициатива за малки и средни предприятия“,"ОП ""Инициатива за малки и средни предприятия""",102000000.00,0.00,102000000.00,6502500.00,95497500.00,102000000.00,101999967.73,0.00,101999967.73,102001532.30,102001532.30,2026-08-31
2014-2020,governance-14,ЕСФ,ESF,Оперативна програма „Добро управление“,"ОП ""Добро управление""",238398862.00,41458720.00,279857582.00,31092785.04,207306076.96,238398862.00,238647250.02,41502625.79,280149875.81,279903496.37,279903496.37,2026-08-31
2014-2020,fead-14,ФЕПН,FEAD,Оперативна програма за храни и/или основно материално подпомагане (ФЕПНЛ),"ОП ""Фонд за европейско подпомагане на най-нуждаещите се лица""",143379858.00,18496812.00,161876670.00,13723121.17,129656736.83,143379858.00,143349427.43,18492886.28,161842313.71,161838980.33,161838980.33,2026-08-31
2021-2027,transport-21,ЕФРР,ERDF,Програма „Транспортна свързаност“,"""Транспортна свързаност"" 2021-2027",734610000.00,129637059.00,864247059.00,22038300.00,123936953.26,145975253.26,200086276.72,35309342.95,235395619.67,152682504.16,30802980.48,2026-08-31
2021-2027,transport-21,КФ,CF,Програма „Транспортна свързаност“,"""Транспортна свързаност"" 2021-2027",881379000.00,155537473.00,1036916473.00,26441370.00,165393264.94,191834634.94,323387703.02,57068418.18,380456121.20,303402670.80,68171761.30,2026-08-31
2021-2027,environment-21,ЕФРР,ERDF,Програма „Околна среда“,"""Околна среда"" 2021-2027",1171798777.00,228123592.00,1399922369.00,78059411.06,91827845.52,169887256.58,220853461.60,43493626.56,264347088.16,113860216.88,39311648.97,2026-08-31
2021-2027,environment-21,КФ,CF,Програма „Околна среда“,"""Околна среда"" 2021-2027",359791316.00,63492586.00,423283902.00,35254435.83,42773158.27,78027594.10,68786869.28,12138859.28,80925728.56,51495214.80,28018172.44,2026-08-31
2021-2027,ta-21,ЕФРР,ERDF,Програма „Техническа помощ“,"""Техническа помощ"" 2021-2027",100279500.00,21200840.00,121480340.00,3008385.00,19818775.89,22827160.89,28764378.69,6069308.62,34833687.31,26843317.40,12335924.57,2026-08-31
2021-2027,competitiveness-21,ЕФРР,ERDF,Програма „Конкурентоспособност и иновации в предприятията“,"""Конкурентоспособност и иновации в предприятията""2021-2027",1228150000.00,259267270.00,1487417270.00,98567983.87,273872054.76,372440038.63,341597568.32,78282547.44,419880115.76,342613565.46,209891450.51,2026-08-31
2021-2027,regions-21,ЕФРР,ERDF,Програма „Развитие на регионите“,"""Развитие на регионите"" 2021-2027",2719210005.00,598707676.00,3317917681.00,423046201.59,117062861.52,540109063.11,442074378.41,98389609.97,540463988.38,145919424.86,77248257.96,2026-08-31
2021-2027,research-21,ЕФРР,ERDF,"Програма „Научни изследвания, иновации и дигитализация за интелигентна трансформация“","""Научни изследвания, иновации и дигитализация за интелигентна трансформация"" 2021-2027",885510000.00,199642565.00,1085152565.00,68744054.48,48796606.40,117540660.88,153556774.84,36864456.35,190421231.19,68209454.82,27001285.70,2026-08-31
2021-2027,hrd-21,ЕСФ+,ESF+,Програма „Развитие на човешките ресурси“,"П ""Развитие на човешките ресурси"" 2021-2027",1620530211.00,313549502.00,1934079713.00,49900293.00,446805289.15,496705582.14,648958927.98,141845083.08,790804011.06,620244628.02,106361540.63,2026-08-31
2021-2027,education-21,ЕСФ+,ESF+,Програма „Образование“,"П ""Образование"" 2021-2027",774626253.00,165531710.00,940157963.00,50654925.27,118315886.33,168970811.60,241580361.45,53643243.63,295223605.08,149374617.22,51581925.39,2026-08-31
2021-2027,food-21,ЕСФ+,ESF+,Програма „Храни и основно материално подпомагане“,"П ""Храни и основно материално подпомагане""2021-2027",230036247.00,25559584.00,255595831.00,5886431.24,136292605.29,142179036.53,159479874.31,17719986.03,177199860.34,161090224.60,97799876.60,2026-08-31
