period,programme,fund,as_of,paid_total_EUR
2014-2020,transport-14,ЕФРР,2016-12-31,96441603.26
2014-2020,transport-14,ЕФРР,2017-12-31,190918101.15
2014-2020,transport-14,ЕФРР,2018-12-31,296726710.03
2014-2020,transport-14,ЕФРР,2019-12-31,381986039.03
2014-2020,transport-14,ЕФРР,2020-12-31,424631911.51
2014-2020,transport-14,ЕФРР,2021-12-31,459325279.79
2014-2020,transport-14,ЕФРР,2022-12-31,479262693.90
2014-2020,transport-14,ЕФРР,2023-12-31,497818486.13
2014-2020,transport-14,ЕФРР,2024-12-31,504965657.00
2014-2020,transport-14,ЕФРР,2025-12-31,504965657.00
2014-2020,transport-14,ЕФРР,2026-08-31,504965657.00
2014-2020,transport-14,КФ,2016-12-31,65088239.55
2014-2020,transport-14,КФ,2017-12-31,167183255.19
2014-2020,transport-14,КФ,2018-12-31,246861487.49
2014-2020,transport-14,КФ,2019-12-31,368253930.31
2014-2020,transport-14,КФ,2020-12-31,483970631.45
2014-2020,transport-14,КФ,2021-12-31,586241495.15
2014-2020,transport-14,КФ,2022-12-31,746926345.08
2014-2020,transport-14,КФ,2023-12-31,1056464380.79
2014-2020,transport-14,КФ,2024-12-31,1248649924.13
2014-2020,transport-14,КФ,2025-12-31,1248056349.75
2014-2020,transport-14,КФ,2026-08-31,1241180168.76
2014-2020,environment-14,ЕФРР,2016-12-31,4127817.11
2014-2020,environment-14,ЕФРР,2017-12-31,14724524.63
2014-2020,environment-14,ЕФРР,2018-12-31,65581490.15
2014-2020,environment-14,ЕФРР,2019-12-31,94855564.73
2014-2020,environment-14,ЕФРР,2020-12-31,150324329.28
2014-2020,environment-14,ЕФРР,2021-12-31,206497465.42
2014-2020,environment-14,ЕФРР,2022-12-31,264513608.77
2014-2020,environment-14,ЕФРР,2023-12-31,346721160.12
2014-2020,environment-14,ЕФРР,2024-12-31,385327216.98
2014-2020,environment-14,ЕФРР,2025-12-31,386204301.84
2014-2020,environment-14,ЕФРР,2026-08-31,385701261.54
2014-2020,environment-14,КФ,2016-12-31,31447645.79
2014-2020,environment-14,КФ,2017-12-31,79840890.36
2014-2020,environment-14,КФ,2018-12-31,216817530.53
2014-2020,environment-14,КФ,2019-12-31,383674310.31
2014-2020,environment-14,КФ,2020-12-31,508781378.19
2014-2020,environment-14,КФ,2021-12-31,636781085.84
2014-2020,environment-14,КФ,2022-12-31,833165198.96
2014-2020,environment-14,КФ,2023-12-31,1136537463.45
2014-2020,environment-14,КФ,2024-12-31,1236819178.17
2014-2020,environment-14,КФ,2025-12-31,1241698981.50
2014-2020,environment-14,КФ,2026-08-31,1241069912.79
2014-2020,science-14,ЕФРР,2016-12-31,0.00
2014-2020,science-14,ЕФРР,2017-12-31,0.00
2014-2020,science-14,ЕФРР,2018-12-31,30992537.04
2014-2020,science-14,ЕФРР,2019-12-31,67812086.99
2014-2020,science-14,ЕФРР,2020-12-31,94000063.80
2014-2020,science-14,ЕФРР,2021-12-31,117592445.10
2014-2020,science-14,ЕФРР,2022-12-31,141624118.70
2014-2020,science-14,ЕФРР,2023-12-31,184852058.92
2014-2020,science-14,ЕФРР,2024-12-31,219318764.53
2014-2020,science-14,ЕФРР,2025-12-31,210683999.76
2014-2020,science-14,ЕФРР,2026-08-31,210637956.18
2014-2020,science-14,ЕСФ,2016-12-31,19312654.62
2014-2020,science-14,ЕСФ,2017-12-31,69330239.80
2014-2020,science-14,ЕСФ,2018-12-31,122382423.85
2014-2020,science-14,ЕСФ,2019-12-31,188269024.63
2014-2020,science-14,ЕСФ,2020-12-31,245976144.19
2014-2020,science-14,ЕСФ,2021-12-31,357258933.54
2014-2020,science-14,ЕСФ,2022-12-31,424968641.96
2014-2020,science-14,ЕСФ,2023-12-31,465710257.79
2014-2020,science-14,ЕСФ,2024-12-31,462303689.10
2014-2020,science-14,ЕСФ,2025-12-31,471572903.34
2014-2020,science-14,ЕСФ,2026-08-31,471314191.02
2014-2020,regions-14,ЕФРР,2016-12-31,74117010.62
2014-2020,regions-14,ЕФРР,2017-12-31,277925948.16
2014-2020,regions-14,ЕФРР,2018-12-31,583597843.46
2014-2020,regions-14,ЕФРР,2019-12-31,794329164.29
2014-2020,regions-14,ЕФРР,2020-12-31,949593808.98
2014-2020,regions-14,ЕФРР,2021-12-31,1086462431.29
2014-2020,regions-14,ЕФРР,2022-12-31,1174303286.87
2014-2020,regions-14,ЕФРР,2023-12-31,1466535195.30
2014-2020,regions-14,ЕФРР,2024-12-31,1548790311.92
2014-2020,regions-14,ЕФРР,2025-12-31,1551102957.09
2014-2020,regions-14,ЕФРР,2026-08-31,1549358944.56
2014-2020,hrd-14,ЕСФ,2016-12-31,132065488.50
2014-2020,hrd-14,ЕСФ,2017-12-31,254931857.01
2014-2020,hrd-14,ЕСФ,2018-12-31,430027739.59
2014-2020,hrd-14,ЕСФ,2019-12-31,621678053.09
2014-2020,hrd-14,ЕСФ,2020-12-31,834129552.84
2014-2020,hrd-14,ЕСФ,2021-12-31,1089663858.24
2014-2020,hrd-14,ЕСФ,2022-12-31,1197604323.31
2014-2020,hrd-14,ЕСФ,2023-12-31,1310474877.85
2014-2020,hrd-14,ЕСФ,2024-12-31,1373164983.49
2014-2020,hrd-14,ЕСФ,2025-12-31,1375983183.65
2014-2020,hrd-14,ЕСФ,2026-08-31,1375731316.62
2014-2020,innovation-14,ЕФРР,2016-12-31,129168404.48
2014-2020,innovation-14,ЕФРР,2017-12-31,286512371.03
2014-2020,innovation-14,ЕФРР,2018-12-31,469237359.54
2014-2020,innovation-14,ЕФРР,2019-12-31,616989445.55
2014-2020,innovation-14,ЕФРР,2020-12-31,819235633.09
2014-2020,innovation-14,ЕФРР,2021-12-31,1145166509.90
2014-2020,innovation-14,ЕФРР,2022-12-31,1438185137.18
2014-2020,innovation-14,ЕФРР,2023-12-31,1632875387.64
2014-2020,innovation-14,ЕФРР,2024-12-31,1655831372.62
2014-2020,innovation-14,ЕФРР,2025-12-31,1654273645.65
2014-2020,innovation-14,ЕФРР,2026-08-31,1653552144.53
2014-2020,sme-14,ЕФРР,2016-12-31,95334300.00
2014-2020,sme-14,ЕФРР,2017-12-31,95334300.00
2014-2020,sme-14,ЕФРР,2018-12-31,102000000.00
2014-2020,sme-14,ЕФРР,2019-12-31,102000000.00
2014-2020,sme-14,ЕФРР,2020-12-31,102000000.00
2014-2020,sme-14,ЕФРР,2021-12-31,102000000.00
2014-2020,sme-14,ЕФРР,2022-12-31,102000000.00
2014-2020,sme-14,ЕФРР,2023-12-31,102000000.00
2014-2020,sme-14,ЕФРР,2024-12-31,101999967.73
2014-2020,sme-14,ЕФРР,2025-12-31,101999967.73
2014-2020,sme-14,ЕФРР,2026-08-31,101999967.73
2014-2020,governance-14,ЕСФ,2016-12-31,5270827.25
2014-2020,governance-14,ЕСФ,2017-12-31,20858054.33
2014-2020,governance-14,ЕСФ,2018-12-31,53191046.79
2014-2020,governance-14,ЕСФ,2019-12-31,92494913.25
2014-2020,governance-14,ЕСФ,2020-12-31,129905976.16
2014-2020,governance-14,ЕСФ,2021-12-31,160038981.96
2014-2020,governance-14,ЕСФ,2022-12-31,216212243.48
2014-2020,governance-14,ЕСФ,2023-12-31,261498081.40
2014-2020,governance-14,ЕСФ,2024-12-31,279604759.64
2014-2020,governance-14,ЕСФ,2025-12-31,280160560.59
2014-2020,governance-14,ЕСФ,2026-08-31,280149875.81
2014-2020,fead-14,ФЕПН,2016-12-31,14696770.25
2014-2020,fead-14,ФЕПН,2017-12-31,47748203.80
2014-2020,fead-14,ФЕПН,2018-12-31,77575886.13
2014-2020,fead-14,ФЕПН,2019-12-31,97111108.17
2014-2020,fead-14,ФЕПН,2020-12-31,113154102.12
2014-2020,fead-14,ФЕПН,2021-12-31,138426675.93
2014-2020,fead-14,ФЕПН,2022-12-31,159628487.74
2014-2020,fead-14,ФЕПН,2023-12-31,161848468.13
2014-2020,fead-14,ФЕПН,2024-12-31,161842313.71
2014-2020,fead-14,ФЕПН,2025-12-31,161842313.71
2014-2020,fead-14,ФЕПН,2026-08-31,161842313.71
2021-2027,transport-21,ЕФРР,2023-12-31,0.00
2021-2027,transport-21,ЕФРР,2024-12-31,23249235.33
2021-2027,transport-21,ЕФРР,2025-12-31,208137886.92
2021-2027,transport-21,ЕФРР,2026-08-31,235395619.67
2021-2027,transport-21,КФ,2023-12-31,0.00
2021-2027,transport-21,КФ,2024-12-31,103511989.31
2021-2027,transport-21,КФ,2025-12-31,247174665.04
2021-2027,transport-21,КФ,2026-08-31,380456121.20
2021-2027,environment-21,ЕФРР,2023-12-31,0.00
2021-2027,environment-21,ЕФРР,2024-12-31,61001457.67
2021-2027,environment-21,ЕФРР,2025-12-31,177974826.83
2021-2027,environment-21,ЕФРР,2026-08-31,264347088.16
2021-2027,environment-21,КФ,2023-12-31,0.00
2021-2027,environment-21,КФ,2024-12-31,17082055.06
2021-2027,environment-21,КФ,2025-12-31,55208304.33
2021-2027,environment-21,КФ,2026-08-31,80925728.56
2021-2027,ta-21,ЕФРР,2023-12-31,0.00
2021-2027,ta-21,ЕФРР,2024-12-31,12227059.55
2021-2027,ta-21,ЕФРР,2025-12-31,27174154.54
2021-2027,ta-21,ЕФРР,2026-08-31,34833687.31
2021-2027,competitiveness-21,ЕФРР,2023-12-31,203129251.27
2021-2027,competitiveness-21,ЕФРР,2024-12-31,213287433.94
2021-2027,competitiveness-21,ЕФРР,2025-12-31,288278880.88
2021-2027,competitiveness-21,ЕФРР,2026-08-31,419880115.76
2021-2027,regions-21,ЕФРР,2023-12-31,70873552.94
2021-2027,regions-21,ЕФРР,2024-12-31,99569616.37
2021-2027,regions-21,ЕФРР,2025-12-31,226239297.99
2021-2027,regions-21,ЕФРР,2026-08-31,540463988.38
2021-2027,research-21,ЕФРР,2023-12-31,18010084.03
2021-2027,research-21,ЕФРР,2024-12-31,27901281.03
2021-2027,research-21,ЕФРР,2025-12-31,116098633.44
2021-2027,research-21,ЕФРР,2026-08-31,190421231.19
2021-2027,hrd-21,ЕСФ+,2023-12-31,64467956.82
2021-2027,hrd-21,ЕСФ+,2024-12-31,216873092.47
2021-2027,hrd-21,ЕСФ+,2025-12-31,562321578.21
2021-2027,hrd-21,ЕСФ+,2026-08-31,790804011.06
2021-2027,education-21,ЕСФ+,2023-12-31,31000342.57
2021-2027,education-21,ЕСФ+,2024-12-31,64488328.16
2021-2027,education-21,ЕСФ+,2025-12-31,194684723.74
2021-2027,education-21,ЕСФ+,2026-08-31,295223605.08
2021-2027,food-21,ЕСФ+,2023-12-31,45855508.12
2021-2027,food-21,ЕСФ+,2024-12-31,104706049.45
2021-2027,food-21,ЕСФ+,2025-12-31,141963209.12
2021-2027,food-21,ЕСФ+,2026-08-31,177199860.34
