code,name,body,budget_eu_EUR,budget_national_EUR,budget_total_EUR,paid_eu_EUR,paid_national_EUR,paid_total_EUR,as_of
К1.И1,Центрове за НТИМ и иновации в образованието,МОН СНД,242983041.00,48596608.00,291579649.00,233010114.97,45696834.71,278706949.68,2026-08-31
К1.И2,Модернизиране на образователната инфраструктура,МОН СНД,276756065.00,55073326.00,331829391.00,253100391.53,48290092.40,301390483.93,2026-08-31
К1.И3,Предоставяне на обучения за дигитални умения и създаване на платформа за обучение на възрастни,МТСП СНД,111675404.00,18766507.41,130441911.41,66137000.50,5850362.44,71987362.94,2026-08-31
К1.И4,Младежки центрове,МОН СНД,27517821.00,3986721.00,31504542.00,23786115.65,3248809.42,27034925.07,2026-08-31
К2.И1,Програма за възстановяване на икономическото възстановяване и трансформация чрез научни изследвания и иновации,МИР СНД,18430165.46,3686031.56,22116197.02,16874021.96,485.21,16874507.17,2026-08-31
К2.И1,Програма за възстановяване на икономическото възстановяване и трансформация чрез научни изследвания и иновации,МОН СНД,123932183.96,9275092.47,133207276.43,106240268.05,7504513.35,113744781.40,2026-08-31
К2.И2,Повишаване на иновационния капацитет на БАН,БАН СНД/КП,23903489.96,2900483.76,26803973.72,19340308.75,2521627.27,21861936.02,2026-08-31
К3.И1,"Програма за публична подкрепа за развитието на индустриални зони, паркове и подобни територии и за привличане на инвестиции (""AttractInvestBG"")",МИР СНД,98826095.00,79250.00,98905345.00,88159846.48,0.00,88159846.48,2026-08-31
К3.И2,Програма за икономическа трансформация,МИР СНД,735141641.00,129356.00,735270997.00,531635328.89,30265.78,531665594.67,2026-08-31
К4.И1,Подкрепа за обновяване на жилищния сграден фонд,МРРБ СНД,366083640.00,72459757.47,438543397.47,314559989.31,61262094.27,375822083.58,2026-08-31
К4.И1,Подкрепа за обновяване на нежилищния сграден фонд,МРРБ СНД,207193780.00,33862482.00,241056262.00,186527775.21,29756132.92,216283908.13,2026-08-31
К4.И2,Подкрепа за енергия от възобновяеми източници за домакинствата,МЕ СНД,71579180.35,14315836.24,85895016.59,8310543.12,1632015.11,9942558.23,2026-08-31
К4.И3,Подкрепа за енергийноефективни системи за улично осветление,МЕ СНД,69600525.00,13920105.00,83520630.00,57189448.50,11452546.73,68641995.23,2026-08-31
К4.И4,Цифрова трасформация на електропреносната мрежа,МЕ СН (Електроенергиен системен оператор АД),189177996.04,0.00,189177996.04,105867816.66,0.00,105867816.66,2026-08-31
К4.И6,Подкрепа за нови мощности за производство на електроенергия от възобновяеми източници и съхранение на електроенергия,МЕ СНД,342000000.00,969616.00,342969616.00,54520483.15,492720.80,55013203.95,2026-08-31
К4.И7,Пилотен проект за комбинирано производство на топлинна и електрическа енергия от термални източници,МЕ,175400000.00,539999.90,175939999.90,2950000.00,540000.00,3490000.00,2026-08-31
К4.И8,Национална инфраструктура за съхранение на електроенергия от възобновяеми енергийни източници (RESTORE),МЕ,603311195.99,277858.51,603589054.50,293276402.33,241037.00,293517439.33,2026-08-31
К4.И9,Схема за субсидиране на енергийно обновяване на жилищни сгради,ББР,332455452.00,49311245.00,381766697.00,332455452.00,0.00,332455452.00,2026-08-31
К6.И1,Фонд за насърчаване на технологичния и екологичния преход на селското стопанство,МЗ СНД,200323124.19,3234953.96,203558078.15,193222401.97,1190149.44,194412551.41,2026-08-31
К6.И2,Цифровизация на процесите от фермата до трапезата,МЗ,10199938.13,2006858.47,12206796.60,10018011.79,2003602.36,12021614.15,2026-08-31
К7.И1,Широкомащабно разгръщане на цифрова инфраструктура на територията на РБ,ИА ИЕУ,69346125.69,13909617.20,83255742.89,68869850.53,13780871.73,82650722.26,2026-08-31
К7.И1,Широкомащабно разгръщане на цифрова инфраструктура,МТС СНД,200243482.73,40008304.49,240251787.22,186543334.23,7202751.90,193746086.13,2026-08-31
К7.И2,"Изграждане, развитие и оптимизиране на цифровата система TETRA и радиорелейна мрежа",МВР,63655861.71,12731172.34,76387034.05,63629035.24,12725807.05,76354842.29,2026-08-31
К8.И1,Железопътен подвижен състав,МТС,421673103.00,84336482.09,506009585.09,252857916.35,141695668.68,394553585.03,2026-08-31
К8.И5,Безопасност на движенията по пътищата,ДА БДП,4686823.00,937361.00,5624184.00,4265596.39,530373.76,4795970.15,2026-08-31
К8.И6,Линия 3 на метрото в София,Метрополитен ЕАД,144348456.16,0.00,144348456.16,144348456.28,0.00,144348456.28,2026-08-31
К8.И7,Екологосъобразна мобилност - пилотна схема за подкрепа на устойчивата градска мобилност,МРРБ СНД,50891694.01,1865876.35,52757570.36,44165556.56,1525070.93,45690627.49,2026-08-31
К8.И8,"Дигитализация и визуализация на параметрите на железния път и контактната мрежа, чрез доставка на специализирана механизация",НКЖИ,99836563.00,0.00,99836563.00,99836563.00,0.00,99836563.00,2026-08-31
К8.И9,Възстановяване и модернизация на железопътна инфраструктура по основната и разширената основна TEN-T мрежа,НКЖИ,82831534.00,0.00,82831534.00,82831416.76,0.00,82831416.76,2026-08-31
К8.И10,Метрополитен - Нов подвижен състав,Метрополитен ЕАД,43163260.61,0.00,43163260.61,43163260.61,0.00,43163260.61,2026-08-31
К10.И1,"Укрепване, доразвитие и надграждане на Единната Информационна система на съдилищата",ВСС,9874324.46,2322543.37,12196867.83,9739342.99,2072389.09,11811732.08,2026-08-31
К10.И2,Цифровизация на ключови съдопроизводствени процеси в системата на административното правораздаване,ВАС,3642528.58,728505.71,4371034.29,3589537.95,716294.58,4305832.53,2026-08-31
К10.И3,Трансформация на съществуващата в прокуратурата информационна и комуникационна инфраструктура,Прокуратура на РБ,14713730.87,2909000.91,17622731.78,14123793.08,2827110.03,16950903.11,2026-08-31
К10.И4,Подобряване на качеството и устойчивостта на политиките в сферата на сигурността,МВР,42928734.56,8541319.80,51470054.36,41736041.70,8347207.85,50083249.55,2026-08-31
К10.И6,Подкрепа на пилотна фаза за въвеждане на строително информационното моделиране,МРРБ,518944.00,103789.00,622733.00,1185989.44,237197.89,1423187.33,2026-08-31
К10.И7,"Единна информационна система по устройство на територията, инвестиционно проектиране и разрешаване на строителството",МРРБ,1496551.34,299105.75,1795657.09,42508.79,8501.79,51010.58,2026-08-31
К10.И10,Модернизирана система за стратегическо планиране,НСИ,733120.98,138324.91,871445.89,677480.93,127894.55,805375.48,2026-08-31
К10.Р10,Обществени поръчки,АОП,35790.00,7158.00,42948.00,35790.00,7158.00,42948.00,2026-08-31
К10.И11,Осигуряване на адекватна информационна и административна среда за изпълнение на Плана за възстановяване и устойчивост,"АМС, МФ, ИА ОСЕС, ИПА",6333280.10,716063.77,7049343.87,2801639.35,168240.72,2969880.07,2026-08-31
К10.И12,"Цифровизация на Агенция ""Митници""",Агенция Митници,14671055.00,2934211.00,17605266.00,0.00,0.00,0.00,2026-08-31
К10.И13,Цифровизация на Националната агенция за приходите,НАП,19516504.00,3903301.00,23419805.00,0.00,0.00,0.00,2026-08-31
К11.И1,Модернизиране на дългосрочната грижа,МТСП СНД,283749424.00,54654284.00,338403708.00,244028957.53,41697086.04,285726043.57,2026-08-31
К11.И2,Предоставяне на помощни средства на лица с трайни увреждания,МТСП,12647829.00,2529565.80,15177394.80,12647415.30,842296.22,13489711.52,2026-08-31
К11.И3,Развитие на социалната  икономика,МТСП,12319486.67,1311424.30,13630910.97,3743992.70,122758.08,3866750.78,2026-08-31
К11.И4,Модернизиране на Агенцията за социално подпомагане,МТСП-СН (АСП),4170269.55,834053.91,5004323.46,3892029.29,746356.66,4638385.95,2026-08-31
К11.И5,Модернизиране на Агенцията по заетостта,МТСП-СН (А3),13611562.00,2722312.00,16333874.00,10426775.28,2079419.67,12506194.95,2026-08-31
К11.И6,Развитие на културния и творческия сектор,"НФК СНД, МК КП",34223946.50,98647.63,34322594.13,27886561.16,174544.73,28061105.89,2026-08-31
К11.И7,"Цифровизация на музейни колекции, библиотеки и архиви",МК,23524473.00,3525900.64,27050373.64,17988205.52,2685202.76,20673408.28,2026-08-31
К11.И8,Инфраструктура в сферата на културата,МК,10224529.00,0.00,10224529.00,3679331.09,0.00,3679331.09,2026-08-31
К12.И1,Модернизиране на болничните заведения,МЗ,114296587.00,22859317.40,137155904.40,81479114.98,16295822.90,97774937.88,2026-08-31
К12.И2,Центрове за интервенционална диагностика и ендоваскуларно лечение на мозъчно-съдови заболявания,МЗ,93881685.00,18776337.00,112658022.00,82547902.47,16509580.47,99057482.94,2026-08-31
К12.И3,Модернизация на психиатричната помощ,МЗ,19017887.00,3803577.40,22821464.40,16778689.60,3355737.95,20134427.55,2026-08-31
К12.И4,Създаване на система за оказване на спешна медицинска помощ по въздуха,МЗ,73378014.00,14675602.80,88053616.80,57942606.60,22931917.16,80874523.76,2026-08-31
К12.И5,Национална цифрова платформа за медицинска диагностика,МЗ,12049488.45,2409897.59,14459386.04,11913298.22,2382651.47,14295949.69,2026-08-31
К12.И7 МЗдр,Развитие на амбулаторните грижи,МЗ,33122610.00,6624522.00,39747132.00,28419244.03,5677945.16,34097189.19,2026-08-31
К13.И1,Създаване на информационна система за определяне на статут на енергийна бедност на домакинства и уязвими потребители,МЕ,2454192.00,0.00,2454192.00,0.00,0.00,0.00,2026-08-31
К13.И2 МЕ,Национална инфраструктура за съхранение на ел. енергия RESTORE,МЕ,120662239.00,0.00,120662239.00,5322510.27,0.00,5322510.27,2026-08-31
К13.И3 МТСП,Инсталиране на фотоволтаични системи в заведенията за социални услуги,МТСП,33091667.00,6618333.39,39710000.39,27992328.51,5585721.45,33578049.96,2026-08-31
