code,body,as_of,paid_total_EUR
К1.И1,МОН СНД,2024-12-31,32658559.06
К1.И2,МОН СНД,2024-12-31,65392972.60
К1.И3,МТСП СНД,2024-12-31,7999482.79
К1.И4,МОН СНД,2024-12-31,2671582.96
К2.И1,МИР СНД,2024-12-31,11340138.15
К2.И1,МОН СНД,2024-12-31,30419403.69
К2.И2,БАН СНД/КП,2024-12-31,1508661.59
К3.И1,МИР СНД,2024-12-31,2012156.05
К3.И2,МИР СНД,2024-12-31,240752070.19
К4.И1,МРРБ СНД,2024-12-31,315248.27
К4.И1,МРРБ СНД,2024-12-31,6519861.62
К4.И2,МЕ СНД,2024-12-31,0.00
К4.И3,МЕ СНД,2024-12-31,1281151.49
К4.И4,МЕ СН (Електроенергиен системен оператор АД),2024-12-31,21578082.06
К4.И6,МЕ СНД,2024-12-31,1023910.79
К4.И7,МЕ,2024-12-31,900000.00
К4.И8,МЕ,2024-12-31,1059800.00
К4.И9,ББР,2024-12-31,
К6.И1,МЗ СНД,2024-12-31,20113385.50
К6.И2,МЗ,2024-12-31,6010807.08
К7.И1,ИА ИЕУ,2024-12-31,0.00
К7.И1,МТС СНД,2024-12-31,0.00
К7.И2,МВР,2024-12-31,40764027.14
К8.И1,МТС,2024-12-31,106994661.07
К8.И5,ДА БДП,2024-12-31,1278163.75
К8.И6,Метрополитен ЕАД,2024-12-31,69531184.66
К8.И7,МРРБ СНД,2024-12-31,5312462.65
К8.И8,НКЖИ,2024-12-31,
К8.И9,НКЖИ,2024-12-31,
К8.И10,Метрополитен ЕАД,2024-12-31,
К10.И1,ВСС,2024-12-31,11059022.51
К10.И2,ВАС,2024-12-31,117002.26
К10.И3,Прокуратура на РБ,2024-12-31,16691187.28
К10.И4,МВР,2024-12-31,22387242.17
К10.И6,МРРБ,2024-12-31,367762.02
К10.И7,МРРБ,2024-12-31,22983.59
К10.И10,НСИ,2024-12-31,163066.58
К10.Р10,АОП,2024-12-31,
К10.И11,"АМС, МФ, ИА ОСЕС, ИПА",2024-12-31,1445270.91
К10.И12,Агенция Митници,2024-12-31,
К10.И13,НАП,2024-12-31,
К11.И1,МТСП СНД,2024-12-31,18292001.59
К11.И2,МТСП,2024-12-31,112913.19
К11.И3,МТСП,2024-12-31,2734735.57
К11.И4,МТСП-СН (АСП),2024-12-31,2243133.13
К11.И5,МТСП-СН (А3),2024-12-31,2172495.58
К11.И6,"НФК СНД, МК КП",2024-12-31,136116.29
К11.И7,МК,2024-12-31,1920385.36
К11.И8,МК,2024-12-31,
К12.И1,МЗ,2024-12-31,0.00
К12.И2,МЗ,2024-12-31,0.00
К12.И3,МЗ,2024-12-31,0.00
К12.И4,МЗ,2024-12-31,15723831.31
К12.И5,МЗ,2024-12-31,0.00
К12.И7 МЗдр,МЗ,2024-12-31,
К13.И1,МЕ,2024-12-31,
К13.И2 МЕ,МЕ,2024-12-31,
К13.И3 МТСП,МТСП,2024-12-31,
К1.И1,МОН СНД,2025-12-31,176354676.70
К1.И2,МОН СНД,2025-12-31,186951490.52
К1.И3,МТСП СНД,2025-12-31,37088878.10
К1.И4,МОН СНД,2025-12-31,12393143.13
К2.И1,МИР СНД,2025-12-31,15184526.25
К2.И1,МОН СНД,2025-12-31,67625660.85
К2.И2,БАН СНД/КП,2025-12-31,5304129.95
К3.И1,МИР СНД,2025-12-31,28938436.52
К3.И2,МИР СНД,2025-12-31,412170068.54
К4.И1,МРРБ СНД,2025-12-31,86635717.82
К4.И1,МРРБ СНД,2025-12-31,67851053.56
К4.И2,МЕ СНД,2025-12-31,7737130.27
К4.И3,МЕ СНД,2025-12-31,30791202.82
К4.И4,МЕ СН (Електроенергиен системен оператор АД),2025-12-31,52115257.91
К4.И6,МЕ СНД,2025-12-31,1023910.79
К4.И7,МЕ,2025-12-31,2620000.00
К4.И8,МЕ,2025-12-31,33168488.36
К4.И9,ББР,2025-12-31,
К6.И1,МЗ СНД,2025-12-31,138342725.37
К6.И2,МЗ,2025-12-31,9617291.32
К7.И1,ИА ИЕУ,2025-12-31,46422582.83
К7.И1,МТС СНД,2025-12-31,85824849.70
К7.И2,МВР,2025-12-31,76354842.29
К8.И1,МТС,2025-12-31,198347645.41
К8.И5,ДА БДП,2025-12-31,1356086.42
К8.И6,Метрополитен ЕАД,2025-12-31,123954807.72
К8.И7,МРРБ СНД,2025-12-31,35223961.59
К8.И8,НКЖИ,2025-12-31,
К8.И9,НКЖИ,2025-12-31,
К8.И10,Метрополитен ЕАД,2025-12-31,5994897.31
К10.И1,ВСС,2025-12-31,11811732.10
К10.И2,ВАС,2025-12-31,4299888.03
К10.И3,Прокуратура на РБ,2025-12-31,16950903.11
К10.И4,МВР,2025-12-31,28598479.67
К10.И6,МРРБ,2025-12-31,407691.88
К10.И7,МРРБ,2025-12-31,51010.57
К10.И10,НСИ,2025-12-31,784054.59
К10.Р10,АОП,2025-12-31,
К10.И11,"АМС, МФ, ИА ОСЕС, ИПА",2025-12-31,1927245.28
К10.И12,Агенция Митници,2025-12-31,
К10.И13,НАП,2025-12-31,
К11.И1,МТСП СНД,2025-12-31,102136770.91
К11.И2,МТСП,2025-12-31,7116202.29
К11.И3,МТСП,2025-12-31,3601146.08
К11.И4,МТСП-СН (АСП),2025-12-31,4518016.80
К11.И5,МТСП-СН (А3),2025-12-31,7832534.26
К11.И6,"НФК СНД, МК КП",2025-12-31,3598165.38
К11.И7,МК,2025-12-31,15121317.50
К11.И8,МК,2025-12-31,
К12.И1,МЗ,2025-12-31,47297413.16
К12.И2,МЗ,2025-12-31,20931957.59
К12.И3,МЗ,2025-12-31,5334847.41
К12.И4,МЗ,2025-12-31,43507969.39
К12.И5,МЗ,2025-12-31,7669192.61
К12.И7 МЗдр,МЗ,2025-12-31,0.00
К13.И1,МЕ,2025-12-31,
К13.И2 МЕ,МЕ,2025-12-31,
К13.И3 МТСП,МТСП,2025-12-31,22824.07
К1.И1,МОН СНД,2026-08-31,278706949.68
К1.И2,МОН СНД,2026-08-31,301390483.93
К1.И3,МТСП СНД,2026-08-31,71987362.94
К1.И4,МОН СНД,2026-08-31,27034925.07
К2.И1,МИР СНД,2026-08-31,16874507.17
К2.И1,МОН СНД,2026-08-31,113744781.40
К2.И2,БАН СНД/КП,2026-08-31,21861936.02
К3.И1,МИР СНД,2026-08-31,88159846.48
К3.И2,МИР СНД,2026-08-31,531665594.67
К4.И1,МРРБ СНД,2026-08-31,375822083.58
К4.И1,МРРБ СНД,2026-08-31,216283908.13
К4.И2,МЕ СНД,2026-08-31,9942558.23
К4.И3,МЕ СНД,2026-08-31,68641995.23
К4.И4,МЕ СН (Електроенергиен системен оператор АД),2026-08-31,105867816.66
К4.И6,МЕ СНД,2026-08-31,55013203.95
К4.И7,МЕ,2026-08-31,3490000.00
К4.И8,МЕ,2026-08-31,293517439.33
К4.И9,ББР,2026-08-31,332455452.00
К6.И1,МЗ СНД,2026-08-31,194412551.41
К6.И2,МЗ,2026-08-31,12021614.15
К7.И1,ИА ИЕУ,2026-08-31,82650722.26
К7.И1,МТС СНД,2026-08-31,193746086.13
К7.И2,МВР,2026-08-31,76354842.29
К8.И1,МТС,2026-08-31,394553585.03
К8.И5,ДА БДП,2026-08-31,4795970.15
К8.И6,Метрополитен ЕАД,2026-08-31,144348456.28
К8.И7,МРРБ СНД,2026-08-31,45690627.49
К8.И8,НКЖИ,2026-08-31,99836563.00
К8.И9,НКЖИ,2026-08-31,82831416.76
К8.И10,Метрополитен ЕАД,2026-08-31,43163260.61
К10.И1,ВСС,2026-08-31,11811732.08
К10.И2,ВАС,2026-08-31,4305832.53
К10.И3,Прокуратура на РБ,2026-08-31,16950903.11
К10.И4,МВР,2026-08-31,50083249.55
К10.И6,МРРБ,2026-08-31,1423187.33
К10.И7,МРРБ,2026-08-31,51010.58
К10.И10,НСИ,2026-08-31,805375.48
К10.Р10,АОП,2026-08-31,42948.00
К10.И11,"АМС, МФ, ИА ОСЕС, ИПА",2026-08-31,2969880.07
К10.И12,Агенция Митници,2026-08-31,0.00
К10.И13,НАП,2026-08-31,0.00
К11.И1,МТСП СНД,2026-08-31,285726043.57
К11.И2,МТСП,2026-08-31,13489711.52
К11.И3,МТСП,2026-08-31,3866750.78
К11.И4,МТСП-СН (АСП),2026-08-31,4638385.95
К11.И5,МТСП-СН (А3),2026-08-31,12506194.95
К11.И6,"НФК СНД, МК КП",2026-08-31,28061105.89
К11.И7,МК,2026-08-31,20673408.28
К11.И8,МК,2026-08-31,3679331.09
К12.И1,МЗ,2026-08-31,97774937.88
К12.И2,МЗ,2026-08-31,99057482.94
К12.И3,МЗ,2026-08-31,20134427.55
К12.И4,МЗ,2026-08-31,80874523.76
К12.И5,МЗ,2026-08-31,14295949.69
К12.И7 МЗдр,МЗ,2026-08-31,34097189.19
К13.И1,МЕ,2026-08-31,0.00
К13.И2 МЕ,МЕ,2026-08-31,5322510.27
К13.И3 МТСП,МТСП,2026-08-31,33578049.96
