no,code,name_bg,capex_2026_kEUR,capex_2027_kEUR,capex_2028_kEUR,indicator_bg,institution_bg,footnote
1,NP-25.001-0001,"ОА Благоевград – Изграждане на нов ГКПП Струмяни – Берово, между общините Струмяни, Благоевградска област, Република България, и Берово, Източен район на планиране, Република Северна Македония",832.4,1609.5,1473.7,"Изградена инфраструктура за функционирането на нов ГКПП – 1,00",Министерски съвет,
2,NP-25.001-0009,"ОА Бургас – Поддръжка и ремонт на морските хидротехнически съоръжения, вълноломите, системите и съоръженията по чл. 6, ал. 4, т. 2 от ЗУЧК – публична държавна собственост",410.0,532.0,5619.9,"1. Сключен договор за възлагане изготвянето на регистър на съществуващите морски хидротехнически съоръжения на територията на област Бургас – срок 30.06.2026 г. – 1,00 2. Изготвен регистър на хидротехническите съоръжения на територията на област Бургас – срок до 30.11.2027 г. – 1,00 3. Сключен договор с консултант за изработване на документация и провеждане на процедура по ЗОП за избор на изпълнител за възлагане на изпълнение на СМР за ремонт на инфраструктурен обект „Укрепване на свлачище северен бряг Царево“ – срок до 31.07.2027 г. – 1,00 4. Сключен договор за възлагане на изпълнение на СМР за ремонт на инфраструктурен обект „Укрепване на свлачище северен бряг Царево“ – срок до 15.12.2027 г. – 1,00 5. Сключени договори за строителен надзор, авторски надзор и инвеститорски контрол за обект „Укрепване на свлачище северен бряг Царево“ – срок до 15.12.2027 г. – 3,00",Министерски съвет,
3,NP-25.001-0013,"„Инженеринг (проектиране, строителство и осъществяване на авторски надзор) за обект: „Реконструкция на ГКПП „Лесово“, вкл. надзор",1870.6,,,"1. Реконструкция на ГКПП „Лесово“ – 1,00 2. Увеличен брой на трасетата на преминаващ трафик за товарни автомобили от 7,00 на 14,00",Министерство на финансите,
4,NP-25.003-0002,"„Инженеринг (проектиране, строителство и осъществяване на авторски надзор) за обект: „Реконструкция на ГКПП „Калотина“ – етап 3“, вкл. надзор",1661.3,,,"1. Реконструкция на ГКПП „Калотина“ етап 3 1,0 2. Увеличен брой на трасетата на „вход“ за проверка на товарни автомобили от Агенция „Митници“ от 3,00 на 5,00",Министерство на финансите,
5,NP-25.003-0008,"„Инженеринг (проектиране, строителство и осъществяване на авторски надзор) за организация на движението на обекти на Агенция „Митници“, граничните контролно-пропускателни пунктове с Република Гърция и Република Румъния“, вкл. надзор",816.2,,,"Реорганизация на ГКПП (Република Гърция и Република Румъния) – създаване на нормални, безопасни условия за преминаване, съобразени със Закона за движение по пътищата – ГКПП „Кулата“, ГКПП „Илинден“, ГКПП „Маказа“, ГКПП „Капитан Петко войвода“, ГКПП „Рудозем“, ГКПП „Дуранкулак“, ГКПП „Кардам“, ГКПП „Силистра“ и ГКПП „Русе Дунав мост“ – 16,00",Министерство на финансите,
6,NP-25.003-0001,"„Инженеринг (проектиране, строителство и осъществяване на авторски надзор) за обект: „Реконструкция на Национален учебен център“, вкл. надзор",191.8,,,"Реконструкция с цел подобряване на функционалността на Национален учебен център – 1,00",Министерство на финансите,
7,NP-25.001-0012,"„Инженеринг (проектиране, строителство и осъществяване на авторски надзор) за обекти на Агенция „Митници“, свързани с реконструкция на ГКПП „Капитан Андреево“ и изграждане на рентгенови площадки на различни ГКПП и МБ на Агенция „Митници“, вкл. надзор",3651.9,,,"1. Реконструкция на ГКПП „Капитан Андреево“ – 1,0 2. Увеличен брой на трасетата на „изход“ за проверка на товарни автомобили от Агенция „Митници“ от 6,00 на 8,00 3. Увеличен брой на трасетата на „вход“ за товарни автомобили от ГД „Гранична полиция“ от 3,00 на 7,00",Министерство на финансите,
8,NP-25.001-0014,"Доставка на самолети F-16 Block 70, средства за наземно обслужване и обучение, въоръжение и обучение за тях – етап I, вкл. лихви по сметка в FBR/NY",70815.5,1840.7,,–,Министерство на отбраната,
9,NP-25.001-0015,Придобиване на многофункционален модулен патрулен кораб (ММПК) за ВМС,40166.4,58007.6,40684.4,–,Министерство на отбраната,
10,NP-25.001-0016,Доставка на самолети F-16 Block 70 – етап II,374904.6,243400.9,589305.0,–,Министерство на отбраната,
11,NP-25.001-0017,Придобиване на основна бойна техника за изграждане на батальонни бойни групи,25014.0,213823.1,305662.9,–,Министерство на отбраната,
12,NP-25.001-0019,Изграждане на системи за сигурност на помещенията за съхранение на американско класифицирано оборудване и въоръжение,2909.2,177.6,,–,Министерство на отбраната,
13,NP-25.001-0020,Придобиване на наземни терминали от Мултифункционална система за разпространение на информация (MIDS),1501.0,638.5,132.3,–,Министерство на отбраната,
14,NP-25.001-0021,"Ракети, торпеда и други боеприпаси за модулни патрулни кораби",26689.6,60818.1,63362.2,–,Министерство на отбраната,
15,NP-25.001-0023,Придобиване на ракетна система Javelin за бойните машини,77.7,3384.9,126.7,–,Министерство на отбраната,
16,NP-25.001-0024,Развитие на способности за транспортно осигуряване на Българската армия,,,89000.0,–,Министерство на отбраната,
17,NP-25.001-0025,Надграждане и интегрирана логистична поддръжка на самолети C-27J Spartan от състава на ВВС,4402.9,21045.0,21045.0,–,Министерство на отбраната,
18,NP-25.001-0026,Осигуряване на експлоатацията на вертолети AS 532 AL Cougar и двигатели за тях,3579.0,3579.0,3579.0,–,Министерство на отбраната,
19,NP-25.001-0027,Интегрирана логистична поддръжка на вертолети AS 565MB Panther и AS 365 N3+ Dauphin и двигатели за тях,2301.0,2301.0,2301.0,–,Министерство на отбраната,
20,NP-25.001-0028,Интегрирана логистична поддръжка на самолети „PILATUS“ РС-9М и РС-12/45,5000.0,5000.0,630.0,–,Министерство на отбраната,
21,NP-25.001-0029,Придобиване на леко стрелково оръжие,,,100.0,–,Министерство на отбраната,
22,NP-25.003-0009,Ремонт на авиационни двигатели и агрегати,2076.6,12276.1,12000.0,–,Министерство на отбраната,
23,NP-25.003-0010,Доков ремонт на кораби и поддръжка и ремонт на корабни агрегати и механизми,920.0,920.0,950.0,–,Министерство на отбраната,
24,NP-25.108-0002,Безпилотни летателни системи,,,100.0,–,Министерство на отбраната,
25,NP-25.108-0003,Криптографски средства и оборудване,1650.9,2000.0,2000.0,–,Министерство на отбраната,
26,NP-25.001-0037,Брегови противокорабни ракетни комплекси,3296.1,5104.2,9174.9,–,Министерство на отбраната,
27,NP-25.001-0034,Придобиване на минни ловци втора употреба,4000.0,15000.0,23000.0,–,Министерство на отбраната,
28,NP-25.001-0022,Доставка на 3D радари,125710.0,20800.3,15111.6,–,Министерство на отбраната,
29,NP-25.001-0018,Придобиване на зенитно-ракетни комплекси,107725.0,28819.0,56090.0,–,Министерство на отбраната,
30,NP-25.001-0036,Разработване на поддържащи артилерийски способности чрез придобиване на 155-милиметрови самоходни гаубици,,120000.0,30000.0,–,Министерство на отбраната,
31,NP-25.001-0035,Придобиване на ракетна система за залпов огън с повишена мобилност,,,51000.0,–,Министерство на отбраната,
32,NP-26.001-0003,Придобиване на системи за откриване и противодействие на безпилотни летателни апарати (БПЛА),,17250.0,23000.0,–,Министерство на отбраната,
33,NP-26.001-0060,Доставка на 155 мм боеприпаси,,,80000.0,–,Министерство на отбраната,
34,NP-25.001-0038,"Инфраструктура за усвояване, експлоатация и осигуряване на новия тип боен самолет F-16 Block 70",33299.8,31859.9,,–,Министерство на отбраната,
35,NP-25.003-0012,Ремонт на пристанищна инфраструктура и удълбочаване акваторията на ВМБ Варна,2521.8,51136.4,13887.2,–,Министерство на отбраната,
36,NP-25.003-0013,Ремонт на инфраструктура за съхранение и експлоатация на машини Stryker,2950.1,1268.0,,–,Министерство на отбраната,
37,NP-25.001-0032,Изграждане на временен полеви лагер в местността Орлето и изграждане на инфраструктурни обекти и основен ремонт на съществуващи сгради за разполагане при усилено присъствие на НАТО,,4372.8,,–,Министерство на отбраната,
38,NP-25.001-0031,"Разполагане в стационарни условия (ремонт на инфраструктурни обекти, газифициране на щаба, оборудване на офиси и работни места) на щаб на дивизия",,10354.2,,–,Министерство на отбраната,
39,NP-25.001-0030,Оптически прибори и мерници,,,100.0,–,Министерство на отбраната,
40,NP-25.003-0011,Инженерна техника и оборудване,,,100.0,–,Министерство на отбраната,
41,NP-25.001-0033,Други инвестиционни проекти за нуждите на Въоръжените сили,,314871.9,241357.1,–,Министерство на отбраната,
42,NP-25.001-0039,"Дейности, свързани с държавната граница, в т.ч. ремонт и надграждане, и за радиолокационна система за детекция и класификация на ниско летящи обекти до 3 хил. м по протежение на българо-турската граница",5864.5,,,Изградена радиолокационна система за детекция и класификация на ниско летящи обекти и мобилни системи за противодействие на ДУЛС – 1,Министерство на вътрешните работи,
43,NP-25.003-0015,Дофинансиране на проект „Подкрепа за развитие на системата за спешна медицинска помощ“,13500.0,,,1. Модернизирани обекти на спешна медицинска помощ 2. Закупени съвременни санитарни превозни средства (линейки),Министерство на здравеопазването,
44,NP-25.001-0040,Дофинансиране на проект „Изграждане на инфраструктура за предоставяне на специализирана здравно-социална грижа за деца с увреждания“,,12000.0,,"1. Брой подкрепени обекти на социалната инфраструктура в процеса на деинституционализация 2. Грижи за децата и образование: Капацитет на подпомогнатата инфраструктура, предназначена за грижи за децата или образование",Министерство на здравеопазването,
45,NP-25.001-0041,Дофинансиране на проект „Изграждане на инфраструктура за предоставяне на специализирана здравно-социална грижа за деца с увреждания – 2“,,2054.2,,"1. Брой подкрепени обекти на социалната инфраструктура в процеса на деинституционализация 2. Грижи за децата и образование: Капацитет на подпомогнатата инфраструктура, предназначена за грижи за децата или образование",Министерство на здравеопазването,
46,NP-25.001-0045,Дофинансиране на инвестиция С12.I1 „Модернизиране на лечебни заведения за болнична помощ“,1088.5,,,"1. Брой доставени апарати 2. Брой лечебни заведения за болнична помощ, в които ще се доставя апаратура",Министерство на здравеопазването,
47,NP-25.001-0043,Дофинансиране на инвестиция C12.I4 „Изграждане на система за оказване на спешна медицинска помощ по въздуха“,,2454.2,,Изградена инфраструктура – оперативна база,Министерство на здравеопазването,
48,NP-25.001-0046,"Проектиране, изграждане и оборудване на Център за лъчелечение с протонна терапия в УМБАЛ по онкология „Проф. Иван Черноземски“ ЕАД, гр. София",,,16508.4,"1. Изградена и въведена в експлоатация сграда 2. Доставена, монтирана и пусната в експлоатация апаратура",Министерство на здравеопазването,
49,NP-25.001-0047,Реализиране на втори етап – разширение и реконструкция на сградата на НХА – Северен корпус – ул. „Шипка“ № 1,511.3,1022.6,,Брой изградено разширение и реконструкция на сградата на НХА – Северен корпус – 1,Министерство на образованието и науката,
50,NP-25.002-0048,Софийски университет „Св. Климент Охридски“ – Изграждане на изчислителен център за изкуствен интелект от Института за научни изследвания в областта на компютърните науки (INSAIT),3500.0,3500.0,4000.0,Брой изграден изчислителен център за изкуствен интелект от Института за научни изследвания в областта на компютърните науки (INSAIT) – 1,Министерство на образованието и науката,
51,NP-25.001-0049,"Основен ремонт, въвеждане на мерки за ЕЕ, реставрация, реконструкция и модернизация на 4 общински образователни институции в гр. Пловдив – Хуманитарна гимназия „Св. св. Кирил и Методий“, ОУ „Райна Княгиня“, ОУ „Димитър Талев“ и „Яне Сандански“",1412.2,,,"Брой образователни общински институции, в които е реализиран основен ремонт, въвеждане на мерки за енергийна ефективност, реставрация, реконструкция и модернизация – 4",Министерство на образованието и науката,
52,NP-25.003-0027,Конструктивно укрепване на сградата на бившето Военноморско училище,783.0,,,Укрепена и обезопасена сграда – 1 бр.,Министерство на културата,
53,NP-26.001-0070,Ремонт и възстановяване на Античен амфитеатър в София,,366.8,400.1,Възстановяване на Античен амфитеатър в София – 1 бр.,Министерство на културата,
54,NP-25.001-0050,Основен ремонт и реконструкция на Концертна зала като многофункционална зала за симфонични концерти и сценични продукции – Държавна опера Пловдив,,1138.5,2135.7,Ремонтирана и обновена Концертна зала на Държавна опера Пловдив – 1 бр.,Министерство на културата,
55,NP-26.001-0071,"Основен ремонт и реконструкция на: Самостоятелен обект в сграда (СОС) с идентификатор 68134.164.192.3.1, СОС с идентификатор 68134.614.192.3.2, СОС с идентификатор 68134.614.192.1.23 в гр. София, бул. Ботевградско шосе № 52-А, СОС с идентификатор 68134.614.192.1.46 в гр. София, бул. Ботевградско шосе № 118, бл. 111, вх. Б, СОС с идентификатор 68134.703.1357.5.37 в гр. София, ул. Гео Милев № 112, вх. Б, ет. 1, за хранилища и др.",505.2,,,Основен ремонт и реконструкция на самостоятелни обекти в сгради – 4 бр.,Министерство на културата,
56,NP-25.001-0052,"Реализиране на нов корпус към съществуващата сграда и топла връзка със съществуващата сграда на НУИ „Панайот Пипков“, Плевен",,454.5,,Придобиване (разширяване) на учебната база – 1 бр.,Министерство на културата,
57,NP-25.003-0021,Реконструкция и пристройка на сградата на Театрална работилница „СФУМАТО“,53.2,,,Ремонтиран и обновен сграден фонд на СФУМАТО – 1 бр.,Министерство на културата,
58,NP-25.003-0022,Изграждане на климатична инсталация в сградата на Национална библиотека „Св. св. Кирил и Методий“,246.9,576.0,,Изградена нова климатична инсталация – 1,Министерство на културата,
59,NP-25.003-0028,Изготвяне на технически проект за изграждане на автоматизирана пожарогасителна инсталация в сградата на Национален исторически музей – София,61.3,,,Изградена автоматизирана пожарогасителна инсталация – 1,Министерство на културата,
60,NP-25.003-0032,Изготвяне на технически проект за изграждане на център за експериментално куклено изкуство в Държавен куклен театър – Стара Загора,128.8,,,Изготвен техн. проект за сграда за експериментално куклено изкуство – 1,Министерство на културата,
61,NP-25.003-0029,Ремонт на покрив на сградата на Национален исторически музей – София,50.0,,,Ремонтиран покрив – 1,Министерство на културата,
62,NP-25.001-0053,Основен ремонт на жилищна сграда – общежитие на Професионална гимназия по каменообработване,618.0,,,Основен ремонт на жилищна сграда – общежитие на Професионална гимназия по каменообработване – 1 бр.,Министерство на културата,
63,NP-25.001-0051,Изграждане на нов учебен корпус и благоустрояване на училищен двор на НГПИ Тревненска школа,574.2,,,Изграждане на нов учебен корпус и благоустрояване на училищен двор – 1 бр.,Министерство на културата,
64,NP-25.003-0023,Основен ремонт и рехабилитация на климатичната и вентилационна инсталация в сградата на Национална галерия,298.2,,,"Придобиване, разширяване на учебна база – 1 бр.",Министерство на културата,
65,NP-25.001-0068,АМ „СТРУМА ЛОТ 3.2“,45129.3,96551.0,103055.7,"Рехабилитирани и новоизградени участъци (км) – 28,9",Министерство на регионалното развитие и благоустройството,
66,NP-25.001-0069,"Обход на гр. Габрово от км 20+124,50 до км 30+673,48, включително тунел под връх Шипка (ПТС 2021-2027)",18467.9,16520.7,25520.7,"Рехабилитирани и новоизградени участъци (км) – 10,54",Министерство на регионалното развитие и благоустройството,
67,NP-25.001-0084,"Основен ремонт и доизграждане на път III-1102 Салаш – граница Сърбия от км 45+00 до км 50+075,52, област Видин (ПРР 2021-2027)",2158.3,121.4,400.0,"RCO 46 Дължина на реконструираните или модернизирани пътища – извън трансевропсйската транспортна мрежа (км) – 5,08",Министерство на регионалното развитие и благоустройството,
68,NP-25.001-0089,"Основен ремонт на път III-213 Айдемир – Силистра – Калипетрово от км 0+000 до км 14+880, с обща дължина 14,880 км (ПРР 2021-2027)",139.1,1268.1,385.8,"RCO 46 Дължина на реконструираните или модернизирани пътища – извън трансевропсйската транспортна мрежа (км) – 14,88",Министерство на регионалното развитие и благоустройството,
69,NP-25.001-0056,"Модернизация на път I-1 (Е79) „Видин – Ботевград“ по три основни позиции, за обособена позиция 1 – Път I-1 „Видин – п.в. Макреш“ от км 3+757 до км 33+400",35364.2,12318.6,12000.0,"Рехабилитирани и новоизградени участъци (км) – 29,64",Министерство на регионалното развитие и благоустройството,
70,NP-25.001-0070,"Лот 31А „Път II-53 Поликраище – Елена – Сливен от км 34+400 до км 46+290, с обща дължина 11,890 км, област В. Търново“ (ОПРР 2014-2020)",27.2,,,"Обща дължина на реконструирани или модернизирани пътища (км) – 11,89",Министерство на регионалното развитие и благоустройството,
71,NP-25.001-0071,"Лот 31Б „Път II-53 Поликраище – Елена – Сливен от км 72+200 до км 87+301, с обща дължина 15,101 км, област Сливен“ (ОПРР 2014-2020)",99.3,,,"Обща дължина на реконструирани или модернизирани пътища (км) – 15,10",Министерство на регионалното развитие и благоустройството,
72,NP-25.001-0063,"Път I-8 (Калотина – София – Пловдив) от км 89+170 до км 147+750 с обща дължина 58,58 км",8620.9,1864.0,2000.0,"Рехабилитирани и новоизградени участъци – 58,58 км",Министерство на регионалното развитие и благоустройството,
73,NP-25.001-0072,Път II-86 Средногорци – Рудозем и обход на Рудозем от км 132+920 до км 135+530 (Интеррег VI-А Гърция – България 2021-2027),1.2,,,"Обща дължина на реконструирани или модернизирани пътища (км) – 7,05",Министерство на регионалното развитие и благоустройството,
74,NP-25.001-0090,"Основен ремонт за подобряване организацията на движение на улица „33-ти Свищовски полк“, гр. Свищов (Републикански път II-52) (ПРР 2021-2027)",199.6,,,"RCO 46 Дължина на реконструираните или модернизирани пътища – извън трансевропсйската транспортна мрежа (км) – 1,09",Министерство на регионалното развитие и благоустройството,
75,NP-25.001-0078,"Трайно укрепване на срутище на републикански път II-16 „Зверино – Елисейна“ от км 19+600 до км 19+800, от км 20+320 до км 21+045 и от км 21+300 до км 21+540, област Враца (ПОС 2021-2027)",1587.5,990.1,928.6,"Брой укрепени участъци от РПМ, засегнати от неблагоприятни геодннамичнн процеси – 1",Министерство на регионалното развитие и благоустройството,
76,NP-25.001-0065,"Тунел „Топли дол“ на АМ „Хемус“ при км 39+562,30",3785.1,2317.8,3000.0,"Рехабилитирани и новоизградени участъци (км) – 0,5",Министерство на регионалното развитие и благоустройството,
77,NP-25.001-0062,Път I-1 „Път II-17 – гара Яна“ от км 214+686 до км 237+553,2712.5,5000.0,3000.0,"Рехабилитирани и новоизградени участъци (км) – 22,87",Министерство на регионалното развитие и благоустройството,
78,NP-25.001-0058,Път І-1 (Е-79) Мездра – Ботевград от км 161+367 до км 194 +122 и от км 174+800 до км 194+122,23371.4,12373.4,5000.0,"Рехабилитирани и новоизградени участъци (км) – 32,70",Министерство на регионалното развитие и благоустройството,
79,NP-25.001-0061,Мост над р. Дунав на път I-2 „Русе – Разград“ от км 0+000 до км 1+057,8202.7,5000.0,,"Рехабилитирани и новоизградени участъци – 1,06",Министерство на регионалното развитие и благоустройството,
80,NP-25.001-0059,"Изграждане на участъци от АМ „Хемус“: участък 1 от км 87+800 до км 103+060, вкл. пътен възел Дерманци; участък 2 от края на пътен възел Дерманци до пресичането с път III-3005, вкл. пътен възел Каленик, от км 103+060 до км 122+260; участък 3 от края на пътен възел Каленик до пресичането с път II-35, вкл. пътен възел Плевен от км 122+260 до км 139+340; участък 4 от края на пътен възел Плевен до път III-301, вкл. пътен възел Летница от км 139+340 до км 166+144.09; участък 5 от края на пътен възел Летница до път III-303, вкл. пътен възел от км 166+144.09 до км 189+344 и участък 6 от края на пътен възел на път III-303 до път I-5, вкл. пътен възел от км 189+344 до км 222+000",24329.7,6912.9,21990.9,"Рехабилитирани и новоизградени участъци (км) – 134,20",Министерство на регионалното развитие и благоустройството,
81,NP-25.001-0057,"Модернизация на път I-1 (Е79) „Видин – Ботевград“ от км 33+400 до км 102+060 (км 99+193 – километраж по проект), разделен на пет участъка: Участък 1 – Път I-1 „П.в. Макреш – п.в. Бела“: от км 33+400 (километраж по проект) до км 47+000 (километраж по проект), с дължина 13,600 км; Участък 2 – Път I-1 „П.в. Бела – Ружинци“: от км 47+000 (километраж по проект) до км 61+750 (км 58+128,47 – километраж по проект), с дължина 11,128.47 км; Участък 3 – Път I-1 „Ружинци – п.в. Белотинци“: от км 58+128,47 (километраж по проект) ≡ км 61+750 (километраж по съществуващ път І-1) до км 73+520 (километраж по проект), с дължина 15,391.53 км; Участък 4 – „П.в. Белотинци – п.в. Винище“: от км 73+520 (километраж по проект) до км 85+520 (километраж по проект), с дължина 12,000 км; Участък 5 – „П.в. Винище – Обход на гр. Монтана“: от км 85+520 (километраж по проект) до км 102+060 (км 99+193 по проект), с дължина 13,673 км",10000.0,18330.6,18000.0,"Рехабилитирани и новоизградени участъци (км) – 68,66",Министерство на регионалното развитие и благоустройството,
82,NP-26.001-0072,Проект 101181277 – 23-EU-DIG-5G TRACKS № 24-00-496/25.02.2025 (Механизъм за свързване на Европа 2.0 2021-2027),10.0,10.0,16.0,Изграждане на метеорологични станции – 8 бр.,Министерство на регионалното развитие и благоустройството,
83,NP-26.001-0073,"Трайно укрепване на срутище на републикански път II-58 „(Конуш – Черноочене) – Комунига“ в участъка от км 4+250 до 4+450, област Кърджали (ПОС 2021-2027)",100.0,100.0,114.4,"Брой укрепени участъци от РПМ, засегнати от неблагоприятни геодинамични процеси – 1",Министерство на регионалното развитие и благоустройството,
84,NP-26.001-0074,Път II-53 „Ямбол – Средец“ Обходен път Ямбол юг – ново от км 144+575 до км 147+824.90 (ПРР 2021-2027),,0.1,0.1,"Рехабилитирани и новоизградени участъци – 3,25 км",Министерство на регионалното развитие и благоустройството,
85,NP-26.001-0075,"Трайни, възстановителни и укрепителни дейности на републикански път III-514 „Горна Оряховица – Велико Търново“ от км 48+828 до км 49+155 и от км 51+350 до км 51+650 (ПОС 2021-2027)",1.5,1.0,0.8,"Брой укрепени участъци от РПМ, засегнати от неблагоприятни геодинамични процеси – 1",Министерство на регионалното развитие и благоустройството,
86,NP-26.001-0076,III-1008 „Изграждане на нов ГКПП Струмяни – Берово „Клепало“ (ПРР 2021-2027),,0.1,0.1,"Новоизградени участъци – 8,196 км",Министерство на регионалното развитие и благоустройството,
87,NP-26.001-0077,"Трайно укрепване на пътното платно и на срутище на републикански път III-637 „Вулкан – Пенкьовци“ в участъците от км 10+700 до км 10+900 и от км 12+500 до км 12+600, област Перник (ПОС 2021-2027)",4.9,,,Изготвен технически проект – 1 бр.,Министерство на регионалното развитие и благоустройството,
88,NP-26.001-0078,"Трайно укрепване на пътното платно на републикански път II-62 „О.п. Кюстендил – о. п. Дупница извън урбанизирана територия“ в участъците от км 19+530 до км 19+650, от км 23+456 до км 23+800 и от 35+280 до км 35+300, област Кюстендил (ПОС 2021-2027)",9.2,,,Изготвен технически проект – 1 бр.,Министерство на регионалното развитие и благоустройството,
89,NP-25.001-0073,Изработване на технически проект и строителство на виадукт при км 134+380 на Път II-86 Средногорци – Рудозем – преминаване на пътния участък чрез изграждане на армонасипно съоръжение (Интеррег VI-А Гърция – България 2021-2027),1.0,1.0,,"Рехабилитирани участъци (в т.ч. аварийни дейности) – 0,2 км",Министерство на регионалното развитие и благоустройството,
90,NP-25.001-0075,"Трайно укрепване на пътното платно на републикански път III-662 „Твърдица – Елена“ в участъците от км 38+372 до км 38+392, от км 39+168 до км 39+208, от км 40+126 до км 40+136, от км 40+225 до км 40+285, от км 40+550 до км 40+630 и от км 41+115 до км 41+135, област Сливен (ПОС 2021-2027)",1.0,1.0,1.0,"Брой укрепени участъци от РПМ, засегнати от неблагоприятни геодинамични процеси – 1",Министерство на регионалното развитие и благоустройството,
91,NP-25.001-0076,"Трайно укрепване на пътното платно на републикански път III-662 „Твърдица – Елена“ в участъците от км 47+495 до км 47+535, от км 47+800 до км 48+000 и от км 53+650 до км 53+950, област Велико Търново (ПОС 2021-2027)",50.0,10.0,60.0,"Брой укрепени участъци от РПМ, засегнати от неблагоприятни геодинамични процеси – 1",Министерство на регионалното развитие и благоустройството,
92,NP-25.001-0077,"Трайно укрепване на пътното платно на път III-181 „СОП/ – Бистрица – Железница – Алино – граница Перник“ в участъка от км 24+340 до км 24+400, област София (ПОС 2021-2027)",1.0,1.0,1.0,"Брой укрепени участъци от РПМ, засегнати от неблагоприятни геодинамични процеси – 1",Министерство на регионалното развитие и благоустройството,
93,NP-25.001-0079,"Основен ремонт на път II-37 „Етрополе – Златица“ от км 20+964 до км 35+580 и от км 42+810 до км 44+820, на територията на Софийска област (ПРР 2021-2027)",0.7,75.0,582.1,"RCO 46 Дължина на реконструираните или модернизирани пътища – извън трансевропейската транспортна мрежа (км) – 16,63",Министерство на регионалното развитие и благоустройството,
94,NP-25.001-0082,Основен ремонт на път II-35 „Троян – Кърнаре“ от км 84+725 до км 125+349 (ПРР 2021-2027),,1.5,1.0,"RCO 46 Дължина на реконструираните или модернизирани пътища – извън трансевропейската транспортна мрежа (км) – 40,62",Министерство на регионалното развитие и благоустройството,
95,NP-25.001-0083,"Западен обход на гр. Ямбол от км 147+824.90 до км 148+890.35, с дължина 1,065 км, област Ямбол (ПРР 2021-2027)",,3.8,5.1,"Новоизградени участъци – 1,07 км",Министерство на регионалното развитие и благоустройството,
96,NP-25.001-0087,"Основен ремонт на път II-11 „Граница ОПУ-Видин – Лом – Граница ОПУ-Враца“ от км 23+167 до км 46+781.19 (=км 46+880 по задание), с дължина 23,614 км, на територията на община Лом, област Монтана (ПРР 2021-2027)",3101.5,372.5,600.0,"RCO 46 Дължина на реконструираните или модернизирани пътища – извън трансевропейската транспортна мрежа (км) – 23,71",Министерство на регионалното развитие и благоустройството,
97,NP-25.001-0088,"Основен ремонт на път II-11 „Граница ОПУ-Видин – Лом – Граница ОПУ-Враца“ от км 49+691 до км 78+884.24 (=км 78+820 по задание), с дължина 29,193 км, на територията на общините Лом и Вълчедръм, област Монтана (ПРР 2021-2027)",3101.5,151.1,301.3,"RCO 46 Дължина на реконструираните или модернизирани пътища – извън трансевропейската транспортна мрежа (км) – 29,13",Министерство на регионалното развитие и благоустройството,
98,NP-25.001-0085,"Основен ремонт на път III-1401 Вещица – Белоградчик от км на път III-1401 Вещица – Белоградчик от км 34+400 до км 43+300, в землищата на селата Вещица и Дъбравка и гр. Белоградчик, община Белоградчик (ПРР 2021-2027)",0.7,0.5,185.0,"RCO 46 Дължина на реконструираните или модернизирани пътища – извън трансевропейската транспортна мрежа (км) – 8,9",Министерство на регионалното развитие и благоустройството,
99,NP-25.001-0086,"Основен ремонт на път III-1102 Кладоруб – Салаш от км 26+500 до км 34+824, в землищата на селата Вещица и Върба, община Белоградчик, и землище на с. Кладоруб, община Димово (ПРР 2021-2027)",0.7,0.5,152.1,"RCO 46 Дължина на реконструираните или модернизирани пътища – извън трансевропейската транспортна мрежа (км) – 8,32",Министерство на регионалното развитие и благоустройството,
100,NP-25.001-0091,"Реконструкция на улица: Св. Княз Борис І (част от път ІІІ-514) От кръстовище на ул. „19 февруари“ с ул. „Св. Княз Борис I“, гр. Горна Оряховица (км 42+642), до връзката на път III-514 със Северен обходен път на гр. Горна Оряховица (км 37+790) (ПРР 2021-2027)",10.5,54.4,373.5,"RCO 46 Дължина на реконструираните или модернизирани пътища – извън трансевропейската транспортна мрежа (км) – 4,85",Министерство на регионалното развитие и благоустройството,
101,NP-25.001-0092,Реконструкция на участък от път III-5003 с дължина 3 км (от км 0+000 до км 3+000) От връзката на северен обходен път с път III-5003 (км 3+000) до връзката с път I-5 при км 89+200 (с. Поликраище) (ПРР 2021-2027),1.5,15.1,106.1,"RCO 46 Дължина на реконструираните или модернизирани пътища – извън трансевропейската транспортна мрежа (км) – 3,0",Министерство на регионалното развитие и благоустройството,
102,NP-25.001-0093,Път III-2903 „Гр. Генерал Тошево – с. Къпиново – с. Изворово – с. Красен – с. Росица – с. Лозница“ от км 0+000 до км 11+770 (ПРР 2021-2027),100.0,110.0,200.0,"RCO 46 Дължина на реконструираните или модернизирани пътища – извън трансевропейската транспортна мрежа (км) – 11,77",Министерство на регионалното развитие и благоустройството,
103,NP-25.001-0094,Път III-2904 „С. Захари Стояново – с. Дуранкулак“ от км 0+000 до км 17+772 (ПРР 2021-2027),100.0,120.0,300.0,"RCO 46 Дължина на реконструираните или модернизирани пътища – извън трансевропейската транспортна мрежа (км) – 17,77",Министерство на регионалното развитие и благоустройството,
104,NP-25.001-0096,Обходи на гр. Хасково (ПРР 2021-2027),,7.6,10.2,"Новоизградени участъци – 11,72 км",Министерство на регионалното развитие и благоустройството,
105,NP-25.001-0097,"Изграждане на път II-11 Мизия – Оряхово – Крушовене, участък „Обход на гр. Оряхово“, с дължина 8,770 км, област Враца (ПРР 2021-2027)",101.9,45.6,333.8,"Новоизградени участъци – 8,77 км",Министерство на регионалното развитие и благоустройството,
106,NP-25.001-0098,Проектиране на пътна мрежа,13588.7,18965.8,14253.5,"Изготвени идейни и технически проекти за обекти от РПМ – за основен ремонт и ново строителство, в т.ч. и комплексни доклади за оценка на съответствието на инвестиционните проекти с основните изисквания към строежите – 157 бр.",Министерство на регионалното развитие и благоустройството,
107,NP-26.001-0079,Автомагистрала „Русе – Велико Търново“ от км 76+040 до км 133+240,,31408.1,31881.5,"Рехабилитирани и новоизградени участъци (км) – 57,2",Министерство на регионалното развитие и благоустройството,
108,NP-25.001-0099,СМР – ПЪТНА МРЕЖА,113910.2,71103.5,104916.8,"Обща дължина на реконструирани или модернизирани пътища (км) – 563,398",Министерство на регионалното развитие и благоустройството,
109,NP-25.001-0111,"Изпълнение на дейности за подобряване енергийната ефективност на 48 многофамилни жилищни сгради на територията на шест общини: Столична община, Добрич, Каварна, Хасково, Тутракан и Пловдив",17438.9,3213.4,,"Разгъната застроена площ в кв. м – 364 867,17",Министерство на регионалното развитие и благоустройството,
110,NP-25.001-0100,"Брегоукрепване в района на крайбрежна плажна ивица на гр. Ахтопол, община Царево",837.6,,,Завършен геозащитен обект (бр.) – 1,Министерство на регионалното развитие и благоустройството,
111,NP-25.001-0101,"Ремонтно-възстановителни работи на брегоукрепителните съоръжения – плажна зона, гр. Варна",1498.3,2822.6,3230.2,Завършен геозащитен обект (бр.) – 1,Министерство на регионалното развитие и благоустройството,
112,NP-25.001-0105,Дамба Албена Балчик – участък от к. к. „Албена“ до Момчилово дере – технически проект,30.0,,1000.0,Проектно-проучвателни работи (инвестиционен проект по смисъла на ЗУТ) (бр.) – 1,Министерство на регионалното развитие и благоустройството,
113,NP-25.001-0106,"Неотложни укрепителни и/или отводнителни работи в района на сп. „Фара“, община Аксаково – ППР",10.2,118.6,,Проектно-проучвателни работи (инвестиционен проект по смисъла на ЗУТ) (бр.) – 1,Министерство на регионалното развитие и благоустройството,
114,NP-25.001-0107,"Защита и укрепване на десния бряг на река Дунав от км 481.8 до км 484 в района на гр. Мартен, община Русе, област Русе – ППР – трансфер за Областна администрация Русе",33.5,,,"Проектно-проучвателни работи (инженерно-геоложко, хидрогеоложко и хидроложко проучване и инвестиционен проект по смисъла на ЗУТ) (бр.) – 1",Министерство на регионалното развитие и благоустройството,
115,NP-25.001-0109,"Укрепителни мероприятия на дере с прилежащи полегати и стръмни склонове в обхвата на имоти № 803, 804, 805, 806, 807 в кв. 62 по плана на с. Пиргово, ул. „Пиргос“, община Иваново – СМР – трансфер за община Иваново",511.3,782.0,,Завършен геозащитен обект (бр.) – 1,Министерство на регионалното развитие и благоустройството,
116,NP-25.003-0062,"Укрепване на свлачище № VTR28.65766.01.16, град Свищов – СМР – трансфер за община Свищов",2556.5,1789.5,316.2,Завършен геозащитен обект (бр.) – 1,Министерство на регионалното развитие и благоустройството,
117,NP-25.003-0056,"Укрепване свлачище № PVN24.56722.14, ЗМ „Кайлъка“, гр. Плевен, област Плевен – ППР – трансфер за Областна администрация Плевен",58.9,,,1. Проектно-проучвателни работи (изготвен доклад за извършено инженерно-геоложко проучване) – 1 2. Проекто-проучвателни работи (изработен инвестиционен проект по смисъла на ЗУТ) – 1,Министерство на регионалното развитие и благоустройството,
118,NP-25.003-0053,"Брегоукрепване къмпинг „Европа“ – нос Лахна – почивна станция на Министерство на отбраната – първи участък“, община Поморие – ППР и СМР",10.0,33.6,1000.0,1. Проектно-проучвателни работи (инвестиционен проект по смисъла на ЗУТ) (бр.) – 1 2. Завършен геозащитен обект (бр.) – 1,Министерство на регионалното развитие и благоустройството,
119,NP-25.001-0104,Проект „Развитие на общинска инфраструктура“ – изграждане на яз. „Луда Яна“ и ПСПВ,9474.9,,,Физически напредък на обекта – 100 %,Министерство на регионалното развитие и благоустройството,
120,NP-25.003-0077,"Водоснабдителна система „Черни Осъм“ – ПИП, ПУП, проектиране и строителство: Реконструкция на магистрални водопроводи на териториите на областите Ловеч и Плевен; ПСПВ „Черни Осъм“, язовир „Черни Осъм“, ВЕЦ – 2 бр.",371.1,856.1,0.0,1. Изготвено ПИП – прединвестиционно проучване – 1 2. Изготвен ПУП – проект за подробен устройствен план – 1,Министерство на регионалното развитие и благоустройството,
121,NP-25.003-0079,"Обследване, проектиране, СМР, АН и СН на ПСПВ Сливен",2399.5,3499.2,2023.7,1. Изготвен инвестиционен проект – 1 2. Физически напредък на обекта – 100 %,Министерство на регионалното развитие и благоустройството,
122,NP-25.003-0081,"Обследване на изпълненото строителство на изградена язовирна стена Кюстендил и съоръжения към нея, находящи се в землищата на с. Богослов и с. Слокощица, община Кюстендил",153.4,,,Изготвен доклад от обследване – 1,Министерство на регионалното развитие и благоустройството,
123,NP-26.001-0019,Изготвяне на прединвестиционно проучване (ПИП) за обект „Водоснабдителна система Александър Стамболийски“,640.0,640.0,,Изготвено ПИП – прединвестиционно проучване – 1,Министерство на регионалното развитие и благоустройството,
124,NP-25.003-0078,"Подобряване на водоснабдяването на териториите на общините Севлиево, Габрово и Дряново: Язовир „Бяла“ – прединвестиционно проучване, изготвяне на техническа документация и строителство",102.0,,7580.6,1. Изготвено ПИП – прединвестиционно проучване – 1 2. Изготвен инвестиционен проект – 1 3. Физически напредък на обекта – 15 %.,Министерство на регионалното развитие и благоустройството,
125,NP-25.003-0080,"Хидровъзел „Христо Смирненски“ – Съставяне на технически паспорт на съоръженията, проектиране",120.0,64.0,0.0,Технически паспорт – 1,Министерство на регионалното развитие и благоустройството,
126,NP-26.001-0020,Изготвяне на прединвестиционно проучване (ПИП) за обект „Водоснабдителна система Луда Яна“,444.0,600.0,,Изготвено ПИП – прединвестиционно проучване – бр. 1,Министерство на регионалното развитие и благоустройството,
127,NP-26.001-0021,Проектиране и ПУП – ПП за обект: Реконструкция на водопровод – подмяна или рехабилитация на стоманени тръби Æ 500 в обхвата на съществуващ обект водоснабдяване на група Мадан,320.0,195.3,,1. Изготвен инвестиционен проект – бр. 1 2. Изготвен ПУП – проект за подробен устройствен план – бр. 1,Министерство на регионалното развитие и благоустройството,
128,NP-26.001-0022,Увеличаване на капацитета на водоснабдителна система Девненски извори,300.0,8266.1,5000.0,1. Изготвен инвестиционен проект – 1 2. Физически напредък на обекта – 50 %,Министерство на регионалното развитие и благоустройството,
129,NP-26.001-0023,Реконструкция на деривация за гр. Велико Търново – РШ Пчелина – РШ Ивайло – въздушно преминаване над р. Янтра,250.0,275.0,0.0,Изготвен инвестиционен проект – бр. 1,Министерство на регионалното развитие и благоустройството,
130,NP-26.001-0024,"Реконструкция на довеждащ водопровод до ПСПВ „Стоките“ и източен водопроводен клон за питейна вода. Подобект: Източен водопровод до ПСПВ „Стоките“ – ЕТАП 2, Водопровод от т. 1 до т. 293",1178.6,3300.0,3091.4,Физически напредък на обекта – 100 %,Министерство на регионалното развитие и благоустройството,
131,NP-26.001-0025,Доизграждане на язовир „Нейковци“ и ПСПВ,100.0,,,Изготвен инвестиционен проект (актуализация) – бр. 1,Министерство на регионалното развитие и благоустройството,
132,NP-25.003-0113,Подмяна на метални стълби и пасарелки на язовир „Тополница“,588.8,,,Подобряване безопасното обслужване на съоръженията в язовирната стена – 100,Министерство на земеделието и храните,
133,NP-25.001-0121,"НС „Рабиша“, включващо: Язовир „Рабиша“. Работен проект за ремонт панцеровка на водоотвеждащ тунел, ремонт на решетката и потъващия савак (табли „топли води“) на водовз. кула и ремонт на мълниезащитната инсталация и покривната конструкция. Ремонт на Видболска пълнеща деривация, ремонт на изравнител „Раяновци“, ремонт на Ошанска пълнеща деривация и ремонт на Арчарска пълнеща деривация – община Белоградчик и община Макреш, област Видин. Авторски и строителен надзор",622.9,1000.0,453.0,1. Подобряването на деривациите ще осигури воден приток за язовир – 100 2. Увеличаване на количеството воден ресурс за напояване – 100,Министерство на земеделието и храните,
134,NP-25.001-0118,"Ремонтно-възстановителни работи на кулата на основния изпускател и съоръженията по нея на яз. „Пчелина“, вкл. и „Упражняване на строителен надзор при извършване на ремонтно-възстановителни работи (РВР) на кулата на основния изпускател и съоръженията по нея на язовир „Пчелина“, община Ковачевци, област Перник“, както и издаване на Разрешение за строеж и „Упражняване на авторски надзор при извършване на ремонтно-възстановителни работи (РВР) на кулата на основния изпускател и съоръженията по нея на язовир „Пчелина“, община Ковачевци, област Перник“",,,436.1,1. След ремонт на дросел клапа и прилежащи съоръжения за функционирането ще се подобри пропускателната способност на съоръженито на 100 % – 100 2. Ремонтът на кулата ще спре течовете и ще спре корозията на съоръженията в нея – 100,Министерство на земеделието и храните,
135,NP-25.003-0102,„Авариен ремонт на сифонните преливници на язовир „Панчарево“ – комплексен и значим язовир – публична държавна собственост в управление на министъра на земеделието и храните“ (ПМС № 65/21.05.2025 г.),,368.5,,Подобряване на носимоспособността на конструкцията – 100,Министерство на земеделието и храните,
136,NP-26.001-0027,"Яз. „Малко Шарково“. РВР водовземна кула – торкрет, заскалявка, машинна и ел. част и РВР по короната, преливника и енергоносителя",,,100.0,1. Извършването на ремонтни дейности на кулата ще запълни амортизирани бетонови части и спиране на корозията на съоръженията на кулата – 100 2. Увеличаване на носимоспособността на язовирната стена чрез изпълнение на заскалявката – 100 3. Извършване на ремонт на машинната част и подобряване на водоподаването – 100 4. Възстановяване целостта на съоръженията на язовира – 100,Министерство на земеделието и храните,
137,NP-26.001-0080,"Изготвяне на работни проекти и извършване на СМР за язовир „Огоста“, язовир „Тракиец“, язовир „Пясъчник“ и язовир „Домлян“, изключени с Решение № 323 от 23 април 2026 г. на Министерския съвет от списъка по т. 2 от Решение № 495 на Министерския съвет от 2018 г., за определяне на „Държавна консолидационна компания“ ЕАД – София, като търговско дружество със сто на сто държавно участие, което да възлага ремонтите и реконструкциите на язовири – държавна и общинска собственост, за одобряване на списък на язовирните стени и съоръженията към тях, на които трябва да се извърши основен ремонт или реконструкция, и за увеличаване капитала на „Държавна консолидационна компания“ ЕАД – София, допълнено с Решение № 698 на Министерския съвет от 2018 г.",,100.0,,Подобряване на носимоспособността на конструкцията – 100,Министерство на земеделието и храните,
138,NP-25.001-0123,Ремонт и реконструкция на хидромелиоративна инфраструктура и съоръжения,49.0,10.7,128.6,"Поддържане на водностопанските системи и хидротехническите съоръжения, включително на язовирни стени и/или съоръженията към тях – публична държавна собственост, в технически изправно състояние – 100",Министерство на земеделието и храните,
139,NP-26.001-0028,Ремонтни работи по машинна и ел. части на 19 броя комплексни и значими язовири – публична държавна собственост,,,125.3,Поддържане на водностопанските системи и хидротехническите съоръжения в технически изправно състояние – 100,Министерство на земеделието и храните,
140,NP-26.001-0032,Яз. „Пясъчник“. Нова хидроизолация в сухата галерия на наклонената кула. Подмяна на решетката пред основния затвор и ремонтни дейности за възстановяване на работа на основния изпускател. Частичен ремонт на сегментния затвор. Ремонт на задвижващи механизми и на плоски таблени затвори на верт. водовземната кула,,,236.2,1. Подобряване на конструктивното състояние на кулата на язовира – 100 2. Подобряване на водоподаването – 100,Министерство на земеделието и храните,
141,NP-25.003-0084,"Изготвяне на работен проект, изготвяне на комплексен доклад за оценка на съответствието на инвестиционните проекти с основните изисквания към строежите и извършване на СМР за „Основен ремонт на Корекция на река Войнишка от км 0+000 до км 8+050 в землища на гр. Дунавци, с. Търняне и с. Буковец, общ. Видин“ – I етап и II етап",110.0,,,Обезпечаване на нормалното функциониране на съоръжението – 100,Министерство на земеделието и храните,
142,NP-25.001-0141,Дофинансиране на ДП НКЖИ за проект: „Модернизация на железопътната линия София – Пловдив – жп участъка Елин Пелин – Костенец фаза 2“,30053.4,3081.8,5136.3,"1. Дължина на реконструираните или модернизирани железопътни линии – TEN-T – 29,09 2. Изградена/подновена контактна мрежа – 104,45 3. Реконструирани, модернизирани или изградени тунели – 20,58 4. Изградени/модернизирани коловозни развития в гари – 2 5. Изградени надлези/подлези на пътища от РПМ – 5 6. Обща дължина на изградени, реконструирани, модернизирани мостове – 2961 7. Допустими максимални скорости по железен път – 160 8. Възстановени/ремонтирани/модернизирани тягови подстанции – 2 9. Извършена работа с пътнически железопътен транспорт – 595 10. Изградена/инсталирана система за управление/контрол/комуникация/сигнализация – 4 11. Доставено оборудване, обзавеждане, машини – 1 12. Изградена оптична кабелна линия – 51044 13. Дължина на новите жп линии –TEN-T (Устойчива трансевропейска транспортна мрежа) – 73",Министерство на транспорта и съобщенията/Национална компания „Железопътна инфраструктура“,
143,NP-25.001-0143,Дофинансиране на ДП НКЖИ за проект: „Модернизация на железопътен участък София – Елин Пелин“,1346.2,14569.5,14569.5,"1. Премахнати жп прелези – 2 2. Строителство/реконструкция/рехабилитация на мостове – 6 3. Строителство/реконструкция/рехабилитация на подлези – 15 4. Строителство/реконструкция/рехабилитация на надлези – 2 5. Модернизирани и реконструирани двойна жп линия и контактна мрежа, съответстваща на изискванията на ТСОС – 22 6. Строителство/реконструкция на перони – 13",Министерство на транспорта и съобщенията/Национална компания „Железопътна инфраструктура“,
144,NP-25.001-0144,Дофинансиране на ДП НКЖИ за проект: „Модернизация на железопътния участък Костенец – Септември“,1688.0,3293.3,1416.8,"1. Модернизирани и реконструирани двойна жп линия и контактна мрежа, съответстваща на изискванията на ТСОС – 24,48 2. Изграждане на нова жп гара и реконструкция на съществуваща жп гара – 2 3. Реконструкция на съществуваща тягова подстанция – 1 4. Изграждане на тунели – 3 5. Изграждане на мостове и виадукти – 23 6. Изграждане на нови пътни надлези – 3 7. Изграждане на нови пътни подлези – 1 8. Изграждане на подпорни стени – 4792,08 9. Изграждане на дренажни тръби – 604,5 10. Изграждане на шумозащитни бариери – 3698,88 11. Изграждане на системи за управление на железопътно движение в нови гари – 2",Министерство на транспорта и съобщенията/Национална компания „Железопътна инфраструктура“,
145,NP-25.001-0146,"Дофинансиране на ДП НКЖИ за проект: „Рехабилитация на железопътната инфраструктура по жп линията Пловдив – Бургас, Фаза 2, Етап 2“",3012.6,961.1,961.1,1. Подновени/модернизирани железопътни линии – 33 2. Възстановени/ремонтирани/модернизирани тягови подстанции – 1 3. Премахнати жп прелези – 11 4. Изградени селскостопански надлези – 11 5. Изградена/подновена контактна мрежа – 37,Министерство на транспорта и съобщенията/Национална компания „Железопътна инфраструктура“,
146,NP-25.001-0145,Дофинансиране на ДП НКЖИ за проект: „Развитие на железопътен възел Пловдив“,13949.7,,,1. Желен път – 59 2. Контактна мрежа – 68 3. СиТ – 23 4. Мостове – 2 5. Подлези/надлези – 9,Министерство на транспорта и съобщенията/Национална компания „Железопътна инфраструктура“,
147,NP-26.001-0082,Дофинансиране на ДП НКЖИ за проект: Техническа помощ за подготовка на проект „Модернизация на жп участък Мездра – Медковец“,300.0,,,"1. Обявяване на процедури – избор на Изпълнител, избор на Консултант по ЗУТ, археолози, ТСОС, публичност, ОВОС – 6 2. Подписване на договори – избор на Изпълнител, избор на Консултант по ЗУТ, археолози, ТСОС, публичност, ОВОС – 6 3. Изготвен Доклад за преглед и анализ на проекта – 1 4. Изготвен технически проект – 1 5. Изготвен ПУП – 14 6. Изготвени технически спецификации за строителство – 7 7. Изготвен Доклад по ОВОС – 1 8. Изготвяне на Комплексен доклад – 1 9. Изготвен Междинен доклад за оперативна съвместимост – 3 10. Издаден ЕС сертификат за оперативна съвместимост (декларация) – 2 11. Изготвен Доклад за резултатите от археологическото проучване – 1 12. Изготвен Междинен доклад за изпълнение на публичността – 1 13. Изготвен Окончателен доклад за изпълнение на публичността – 1 14. Изготвен Комуникационен план за проекта – 1 15. Изготвен План за управление на проекта – 1",Министерство на транспорта и съобщенията/Национална компания „Железопътна инфраструктура“,
148,NP-26.001-0083,"Модернизация на железопътна линия София – Драгоман – сръбска граница, жп участък Волуяк – Драгоман, Фаза 2",,668.5,501.4,"1. Дължина на реконструираните или модернизирани железопътни линии – TEN-T (основна и широкообхватна мрежа) (Устойчива трансевропейска транспортна мрежа) – 33,34 2. Дължина на новите жп линии –TEN-T – 26,9 3. Товарни превози с железопътен транспорт – 224,3 4. Изградена/подновена контактна мрежа – 29,57 5. Изградена/подновена/модернизирана контактна мрежа – 38,89",Министерство на транспорта и съобщенията/Национална компания „Железопътна инфраструктура“,
149,NP-26.001-0084,Дофинансиране на ДП НКЖИ за проект: Техническа помощ за подготовка на проекта „Модернизация на железопътния участък Михайлово – Димитровград“,100.0,1000.0,1000.0,1. Изготвяне на варианти за развитие (минимум 3 бр.) – 3 2. Изготвяне на Анализ разходи-ползи – 1 3. Изготвяне на Идеен проект – 1 4. Изготвяне на проекти за ПУП и проекти за КККР – 2 5. Изготвяне на пълна документация за провеждане на отчуждителни процедури – 1,Министерство на транспорта и съобщенията/Национална компания „Железопътна инфраструктура“,
150,NP-25.001-0137,Възстановяване на проектните параметри по железопътната линия Русе – Варна,5886.8,10886.8,10886.8,1. Подновяване на железен път – 54 2. Пресъоръжаване на прелези – 4 3. Модернизация на гари/коловози и стрелки – 8 4. Ремонт приемно здание – 8 5. Изграждане съоръжения за лица в неравностойно положение – 3 6. Енергийна ефективност на сградите – 1 7. Изграждане на фотоволтаични централи – 2,Министерство на транспорта и съобщенията/Национална компания „Железопътна инфраструктура“,
151,NP-25.001-0140,Удвояване и електрификация на жп линия Карнобат – Синдел,23011.8,25011.8,25011.8,"1. Прокопаване на тунел – 642 2. Прокопаване на евакуационна галерия – 1 3. Изграждане на естакада – 500 4. Изграждане на железен път – 2,5",Министерство на транспорта и съобщенията/Национална компания „Железопътна инфраструктура“,
152,NP-25.001-0135,Строителство и ремонт на сгради и съоръжения в съответствие с европейските изисквания,1626.1,2626.1,2626.1,1. Изграждане съоръжения за лица в неравностойно положение – 3 2. Енергийна ефективност на сградите – 2 3. Изграждане на фотоволтаични централи – 1,Министерство на транспорта и съобщенията/Национална компания „Железопътна инфраструктура“,
153,NP-25.001-0132,Ремонт на железния път и съоръженията за поддържане на достигнатите скорости,5563.7,6563.7,6563.7,1. Подновяване на железен път – 68 2. Пресъоръжаване на жп прелези – 3 3. Укрепване на „слаби“ места – 2 4. Укрепване на земно-скални откоси – 4 5. Модернизация на прелезни настилки – 80,Министерство на транспорта и съобщенията/Национална компания „Железопътна инфраструктура“,
154,NP-25.001-0134,Модернизиране на тягови подстанции,5679.2,1010.9,1000.0,1. Модернизация и рехабилитация на секционни постове – 1 2. Изграждане на стълбовна линия от ЖБ/ЖР стълбове – 60 3. Подмяна контактен проводник и носещо въже – 3 4. Подмяна разеденители и присъединяване към SCADA – 4 5. Подмяна на компенсиращи устройства – 4,Министерство на транспорта и съобщенията/Национална компания „Железопътна инфраструктура“,
155,NP-25.001-0133,Модернизиране на осигурителни системи и прелезни устройства,6678.9,8678.9,8678.9,1. Пресъоръжаване на автоматични прелезни устройства – 31 2. Изграждане на МКЦ – 4 3. Модернизиране на съществуващи гарови осигурителни техники – 6 4. Изграждане на оптична кабелна мрежа – 283,Министерство на транспорта и съобщенията/Национална компания „Железопътна инфраструктура“,
156,NP-25.001-0136,Възстановяване на проектни параметри на жп линия София – Карлово – Зимница,,544.0,544.0,1. Реконструкция на мостови съоръжения – 1 2. Подновяване на железен път – 20 3. Модернизация на гари/коловози и стрелки – 1,Министерство на транспорта и съобщенията/Национална компания „Железопътна инфраструктура“,
157,NP-25.001-0138,Доставка жп механизация,22729.6,17729.6,17729.6,"1. Доставка на ТПМ за ремонт на железен път – 12 2. Доставка на механизация за контактна мрежа – 5 3. Доставка на ТПМ за теснопътна линия – 3 4. Доставка на платформи, оборудвани с кран на жп ход – 6 5. Доставка на специализирана техника на двоен ход – 7",Министерство на транспорта и съобщенията/Национална компания „Железопътна инфраструктура“,
158,NP-25.001-0139,Придобиване на транспортни средства,1696.5,1696.5,1696.5,1. Доставка на автоцистерни – 3 2. Доставка на възстановителни средства – 3 3. Доставка на нова автотранспортна техника – 83,Министерство на транспорта и съобщенията/Национална компания „Железопътна инфраструктура“,
159,NP-25.001-0130,Капитален ремонт и техническа поддръжка на 15 броя магистрални електрически локомотиви Simens X4-E-lok-D серия 1080-Smartron,9878.4,1567.9,1567.9,Увеличаване на надеждността на тяговия подвижен състав и увеличаване на процентното изпълнение на график за движение на влаковете – 24,Министерство на транспорта и съобщенията/„БДЖ – Пътнически превози“ ЕООД,
160,NP-25.001-0124,"Ремонт на дизелови мотриси влакове серия 10, електрически мотриси влакове серия 30 и 31",5439.3,4593.3,4593.3,Увеличаване на надеждността на тяговия подвижен състав и увеличаване на процентното изпълнение на график за движение на влаковете – 7,Министерство на транспорта и съобщенията/„БДЖ – Пътнически превози“ ЕООД,
161,NP-25.001-0127,Доставка и гаранционна поддръжка на 10 бр. локомотиви – внедряване на системи за сигурност ЕRТМS/ETCS,,4871.8,,Увеличаване на надеждността на тяговия подвижен състав и увеличаване на процентното изпълнение на график за движение на влаковете – 3,Министерство на транспорта и съобщенията/„БДЖ – Пътнически превози“ ЕООД,
162,NP-25.001-0131,Ремонт и модернизация на локомотивни и вагонни депа,10206.0,11393.2,16897.5,Модернизация и оборудване с машини и съоръжения на локомотивните и вагонните депа – 10,Министерство на транспорта и съобщенията/„БДЖ – Пътнически превози“ ЕООД,
163,NP-25.001-0128,Ремонт на ПЖПС,7946.0,10673.5,10041.0,Увеличаване на надеждността на тяговия подвижен състав и увеличаване на процентното изпълнение на график за движение на влаковете – 271,Министерство на транспорта и съобщенията/„БДЖ – Пътнически превози“ ЕООД,
164,NP-25.003-0137,Внедряване и поддръжка на билетоиздаваща система,8181.0,,,Увеличаване на ефективността на обслужване на клиенти – 5,Министерство на транспорта и съобщенията/„БДЖ – Пътнически превози“ ЕООД,
165,NP-25.001-0149,Комплексно обслужване и експлоатация на съоръжения за превенция и реагиране при експлоатационни или аварийни замърсявания (СПРЕАЗ) в пристанищата по чл. 106а от ЗМПВВППРБ – Варна и Бургас и речните пристанища за обществен транспорт – държавна собственост,444.8,452.5,490.9,Модули-комплекти СПРЕАЗ – 4,Министерство на транспорта и съобщенията/Държавно предприятие „Пристанищна инфраструктура“,
166,NP-25.001-0151,СМР за довършване възстановяването на пристанищно съоръжение при нос Шабла – „Морска естакада“ с островна площадка,794.2,,,"Естакада с островна площадка, която навлиза до 414 метра в Черно море – 414",Министерство на транспорта и съобщенията/Държавно предприятие „Пристанищна инфраструктура“,
167,NP-25.001-0152,"Привеждане на пирсове 1, 2 и 3 на ПТ „Росенец“ към нормативните изисквания и добрите европейски практики и изграждане на инсталация за регенерация на парите (ВРУ)",3105.4,,,Брой съоръжения – 3 пирса и 1 бр. инсталация за регенерация на парите (ВРУ) – 4,Министерство на транспорта и съобщенията/Държавно предприятие „Пристанищна инфраструктура“,
168,NP-26.001-0085,Надграждане на функционалностите и обхвата на обработваните данни на информационната система „Национален център за електронен документооборот на морския транспорт“ съгласно изискванията на Регламент (ЕС) 2019/1239 на Европейския парламент и на Съвета от 20 юни 2019 година за създаване на единна европейска среда за морско информационно обслужване (EMSWe) и за отмяна на Директива 2010/65/ЕС,,849.4,,Актуализиран софтуер – 1,Министерство на транспорта и съобщенията/Държавно предприятие „Пристанищна инфраструктура“,
169,NP-26.001-0086,Рехабилитация на сградите и инфраструктурата на ГКПП – Видин,,2559.7,,"1. Брой рехабилитирани сгради – 5 2. Площ (кв. м) рехабилитирани настилки – 21,4",Министерство на транспорта и съобщенията/Държавно предприятие „Пристанищна инфраструктура“,
170,NP-26.001-0087,Подмяна на радиолокационни станции от системата БУЛРИС (радари),2839.7,716.4,,Модерни радиолокационни станции – брой – 6,Министерство на транспорта и съобщенията/Държавно предприятие „Пристанищна инфраструктура“,
171,NP-26.001-0088,Доставка на резервни части за извънгаранционна поддръжка на речната информационна система БУЛРИС,,,1073.7,"1. Резервна система за видео наблюдение на критични участъци по р. Дунав – 1 2. Резервно мрежово оборудване за обекти от системата БУЛРИС, различни типове и компоненти – 20 3. Резервни модули, осигуряващи AIS подсистемата – 8 4. Резервни операторски и контролни работни станции – 4 5. Резервни модули, осигуряващи радиокомуникационен пренос – 12 6. Резервни модули от системите за електрозахранване – 10",Министерство на транспорта и съобщенията/Държавно предприятие „Пристанищна инфраструктура“,
172,NP-26.001-0089,Изграждане на система за сигнализация и визуализация на входното напрежение на обектите от системата на VTMIS,,306.9,306.9,1. Оборудване – 1 2. Модули – 3,Министерство на транспорта и съобщенията/Държавно предприятие „Пристанищна инфраструктура“,
173,NP-25.001-0150,"Рехабилитация на инфраструктурата на пристанищен терминал Фериботен комплекс Варна (ФКВ), включваща: „Рехабилитация на вътрешна пътна мрежа“, „Рехабилитация на външен паркинг“, „Ремонт на сграда Претоварен пункт, оборудвана с коловози за двете междурелсия“ и „Ремонт на сграда Цех за смяна на талиги“",1247.5,,,Брой ремонтирани/рехабилитирани обекти – сгради и комплексни съоръжения – 4,Министерство на транспорта и съобщенията/Държавно предприятие „Пристанищна инфраструктура“,
174,NP-25.001-0154,"Преоборудване на съоръжения за средно и ниско напрежение в: ,,Трафопост Стар стол“, „Трафопост Нов стол“, „Трафопост № 4 Силози“ и „Трафопост № 6 – Рибна борса“ – проектиране и строителство, Пристанище Бургас",1648.5,,,Брой преоборудвани трафопостове на Пристанище Бургас – 4,Министерство на транспорта и съобщенията/Държавно предприятие „Пристанищна инфраструктура“,
175,NP-25.001-0158,Реконструкция и технологично обновяване на инфраструктурата и съоръженията на корабно място № 1 на пристанищен терминал „Петрол – Варна“,,843.7,,Дължина на рехабилитирано корабно място на пристанищния терминал – 220,Министерство на транспорта и съобщенията/Държавно предприятие „Пристанищна инфраструктура“,
176,NP-25.001-0160,"Възстановяване на проектните параметри на кейови стени по терминали и пирс, пристанищен терминал Варна-изток",1324.1,,,Дължина на ремонтиран кейов фронт в метри – 513,Министерство на транспорта и съобщенията/Държавно предприятие „Пристанищна инфраструктура“,
177,NP-25.001-0162,"Удълбочаване на 6 и 7 к.м., пристанищен терминал Варна-изток",,,2030.6,Дължина на укрепения кейов фронт в метри – 326,Министерство на транспорта и съобщенията/Държавно предприятие „Пристанищна инфраструктура“,
178,NP-25.001-0163,"Рехабилитация на акваториите и лиманите в пристанищните терминали за обществен транспорт, разположени на река Дунав в териториалния обхват на Клон ТП „Пристанище Русе“",,,2556.4,"Достигната проектна кота в метри – 2,5",Министерство на транспорта и съобщенията/Държавно предприятие „Пристанищна инфраструктура“,
179,NP-25.001-0164,"Строително-монтажни работи за укрепване и рехабилитация на кейови стени к.м. № 1, 2, 3, 6, 7, 8, 10, 11, 12, 13 в Пристанище Бургас",,1304.2,4356.2,Дължина на рехабилитиран кейов фронт в метри – 310,Министерство на транспорта и съобщенията/Държавно предприятие „Пристанищна инфраструктура“,
180,NP-25.001-0153,Обновяване и оптимизиране на Географската информационна система за управление на пристанищната инфраструктура,,119.2,,Оптимизирана и модернизирана ГИС на ДП „Пристанищна инфраструктура“ – 1,Министерство на транспорта и съобщенията/Държавно предприятие „Пристанищна инфраструктура“,
181,NP-25.001-0156,"Изпълнение на инженеринг (проектиране и изграждане) на яхтени зони в градовете Варна и Бургас и сервизна зона в град Варна, с две обособени позиции",,4758.8,1211.7,1. Брой изградени яхтени зони – 2 2. Брой изградени сервизни зони – 1,Министерство на транспорта и съобщенията/Държавно предприятие „Пристанищна инфраструктура“,
182,NP-25.001-0157,"Реконструкция на сгради – Магазия 2 и Магазия 3, без промяна на кота било, пристанищен терминал Варна-изток",518.7,3126.4,,"Реконструирани магазии, 2 бр., с РЗП – 4,964",Министерство на транспорта и съобщенията/Държавно предприятие „Пристанищна инфраструктура“,
183,NP-25.001-0155,Модернизация на техническите съоръжения и разширяване обхвата на речната информационна система в българската част на р. Дунав – БУЛРИС,4228.8,650.3,,Оптимизирана и модернизирана БУЛРИС на ДП „Пристанищна инфраструктура“ – 1,Министерство на транспорта и съобщенията/Държавно предприятие „Пристанищна инфраструктура“,
184,NP-25.001-0161,"Ремонт и реконструкция на сграда на Приморски 5, гр. Варна",,464.2,4125.3,"Преустроена РЗП – кв. м – 5,420",Министерство на транспорта и съобщенията/Държавно предприятие „Пристанищна инфраструктура“,
185,NP-25.121-0003,"Годишна програма за поддържане, ремонт, реконструкция, цялостно обновяване или създаване на нови спортни обекти и/или спорни съоръжения в държавни и общински училища въз основа на съвместна годишна програма на министъра на младежта и спорта и министъра на образованието и науката по чл. 14, ал. 3, т. 2 от Закона за хазарта",2249.7,2249.7,2249.7,Брой обновени и изградени спортни обекти (физкултурни салони) – 3,Министерство на младежта и спорта,
186,NP-25.121-0005,"Програма за финансово подпомагане на изграждането и обновяването на спортни обекти – държавна и общинска собственост, за 2024 г.",1683.0,3112.9,,Брой изградени спортни обекти (физкултурни салони) – 26,Министерство на младежта и спорта,
187,NP-25.121-0004,Национална програма за споделено финансиране на инвестиционни спортни проекти за 2024 г.,155.1,1751.9,,Брой изградени спортни обекти (физкултурни салони) – 17,Министерство на младежта и спорта,
188,NP-25.121-0006,Национална програма за споделено финансиране на инвестиционни спортни обекти 2025 г.,274.8,,4864.8,Брой изградени спортни обекти (физкултурни салони) – 31,Министерство на младежта и спорта,
189,NP-25.001-0168,Център за киберсигурност и споделени информационни ресурси,2377.5,1086.8,278.2,Изграждане на част от трети етап от Център за киберсигурност и споделени информационни ресурси в срок до края на 2028 г.,Държавна агенция „Национална сигурност“,
190,NP-25.001-0169,Придобиване на автомобилна техника за специализиран транспорт с цел осъвременяване на автомобилния парк на НСО,709.0,641.2,706.8,–,Национална служба за охрана,
191,NP-25.141-0020,"Ремонт на покриви в СБ Българово, СБ Долна махала, СБ Белозем, СБ Голямо Дряново и СБ Първомай",927.0,,,Процент за завършените работи по инвестиционния проект в СБ Българово – 100,Държавна агенция „Държавен резерв и военновременни запаси“,
192,NP-25.141-0021,"Ремонт на покриви в СБ Силистра, СБ Търговище, СБ Дончево, СБ Генерал Тошево, СБ Ясен, СБ Славяново, СБ Ресен, СБ Образцов чифлик, СБ Иваново, СБ Дебелец и СБ Ботевград",1642.1,,,"Процент за завършените работи по инвестиционния проект в СБ Силистра, СБ Търговище, СБ Дончево, СБ Генерал Тошево, СБ Ясен, СБ Славяново, СБ Ресен, СБ Образцов чифлик, СБ Иваново, СБ Дебелец и СБ Ботевград – 100",Държавна агенция „Държавен резерв и военновременни запаси“,
193,NP-25.141-0022,Аварийно изграждане на ограда в ЗБ Козаревец,273.4,,,Процент на завършените работи по аварийното изграждане на ограда в ЗБ Козаревец – 100,Държавна агенция „Държавен резерв и военновременни запаси“,
194,NP-25.001-0174,Ремонт на складове в бази на ДА ДРВВЗ,,5013.1,5013.1,Процент на завършените работи по ремонта на складове в бази на ДА ДРВВЗ – 100,Държавна агенция „Държавен резерв и военновременни запаси“,
195,NP-25.141-0003,Ремонт и поддръжка на инсталации в петролни бази,123.0,,,"Процент на завършените работи по ремонта и поддръжката ПБ Сливен, ПБ Поликраище, ПБ Първомай и ПБ Антон – 100",Държавна агенция „Държавен резерв и военновременни запаси“,
196,NP-25.001-0172,Изпълнение на довършителни работи и въвеждане в експлоатация на зърнобаза Генерал Тошево,2107.6,,,Процент на завършените дейности и довършителните работи и въвеждане в експлоатация на зърнобаза Генерал Тошево – 100,Държавна агенция „Държавен резерв и военновременни запаси“,
197,NP-25.003-0141,Придобиване на специализирано оборудване за лаборатория за електромагнитна съвместимост (ЕМС),1533.0,2500.0,2000.0,Брой проведени тестове за оценка на електромагнитната съвместимост – 20,Комисия за регулиране на съобщенията,
198,NP-25.003-0142,Разширяване и оптимизиране на функционалните и технологичните възможности на Националната система за мониторинг на радиочестотния спектър за граждански нужди (НСМРЧС),1547.0,2000.0,2530.0,Брой извършени контролни проверки по отношение на ползване или проблеми при ползване на радиочестотен спектър – 100,Комисия за регулиране на съобщенията,
199,NP-25.003-0019,Реставрация и консервация на фасадите на Паметника на свободата на връх Шипка,3151.5,1741.1,1388.1,Извършени дейности по реставрация и консервация – 100 %,Министерство на културата,**
