code,name_bg
01,"Заплати, възнаграждения и други плащания за персонала - нетна сума за изплащане"
02,Удържани данъци и осигурителни вноски от заплати и възнаграждения на персонала
03,Плащания за други удръжки от възнаграждения за персонала
05,Осигурителни вноски за сметка на осигурителя
10,Издръжка
18,Други разходи
20,Разходи за лихви
30,Текущи субсидии за предприятия
40,"Стипендии, пенсии, помощи и текущи трансфери за домакинства"
50,"Плащания за дълготрайни активи, основен ремонт и капиталови трансфери"
60,Трансфери за бюджетни и извънбюджетни сметки
70,"Възмездно финансиране – придобиване на дялове и акции, предоставени кредити и временна финансова помощ"
80,Погашения по банкови заеми
88,Средства на разпореждане
89,Друго финансиране
90,Възстановени приходи
91,Теглене на BGN в брой
92,Закупуване на валута в брой
93,"Закупуване на валута в брой, по сметка и за директен превод"
95,Преводи чрез директен дебит и по инициатива на БНБ
96,Преводи по нареждане на титуляра с други платежни документи
97,Операции по откриване/закриване на депозити
98,Други операции в БНБ
