code,name_bg,payments,amount_eur,first_date,last_date
001,Народно събрание,2756,39900977.58,2022-07-01,2026-06-30
002,Администрация на президента,325,4053036.87,2022-07-14,2026-06-22
003,Министерски съвет,6849,291102355.07,2022-07-01,2026-06-29
004,Конституционен съд,122,15941642.08,2022-07-06,2026-06-29
005,Сметна палата,495,5255615.90,2022-07-04,2026-06-30
006,Висш съдебен съвет,15367,281290318.96,2022-07-04,2026-06-29
010,Министерство на финансите,13302,527789786.71,2022-07-04,2026-06-30
011,Министерство на външните работи,1758,48262604.93,2022-07-01,2026-06-29
012,Министерство на отбраната,30505,1773428137.51,2022-07-05,2026-06-30
013,Министерство на вътрешните работи,30471,1142899668.87,2022-07-01,2026-06-30
014,Министерство на правосъдието,9458,250333323.64,2022-07-04,2026-06-29
015,Министерство на труда и социалната,135394,6348277644.32,2022-07-04,2026-06-30
016,Министерство на здравеопазването,29697,1672988387.39,2022-07-01,2026-06-30
017,Министерство на образованието мла,41290,2626149529.90,2022-07-04,2026-06-30
018,Министерство на културата,26800,311214928.57,2022-07-01,2026-06-30
019,Минстерство на околната среда и вод,6057,299546181.85,2022-07-04,2026-06-29
020,Министерство на икономиката и индустрията,3295,271695892.57,2022-07-01,2026-06-30
021,Министерство на регионалното развит,16768,6089920855.30,2022-07-01,2026-06-30
022,Министерство на земеделието и храните,11550,576219960.24,2022-07-04,2026-06-30
023,Министерство на транспорта,5055,2452511224.03,2022-07-05,2026-06-30
024,Министерство на енергетиката,3107,1269105934.36,2022-07-04,2026-06-24
025,Министерство на младежта и спорта,10014,301869930.35,2022-07-04,2026-06-29
032,К-я за разкриване и обявяване на документи на ДС и РС на БНА,120,1343538.42,2022-07-06,2026-06-11
033,Комисия за защита от дискриминация,192,1270139.36,2022-07-07,2026-06-30
034,Комисия за защита на личните данни,159,1976967.66,2022-07-05,2026-06-04
037,КПКОНПИ,495,4765449.83,2022-07-04,2026-06-29
040,Омбудсман,163,1722667.87,2022-07-05,2026-06-15
041,Национален статистически институт,1066,18440554.71,2022-07-04,2026-06-30
042,Комисия за защита на конкуренцията,165,2143048.56,2022-07-14,2026-06-09
043,Комисия за регулиране на съобщеният,606,288111945.58,2022-07-07,2026-06-30
044,Съвет за електронни медии,135,883695.39,2022-07-05,2026-06-02
045,КОМИСИЯ ЗА ЕНЕРГ.И ВОДНО РЕГУЛИРАНЕ,342,9473919.06,2022-07-15,2026-06-18
046,Агенция за ядрено регулиране,533,3433484.89,2022-07-06,2026-06-29
047,Комисия за финансов надзор,421,8415376.26,2022-07-06,2026-06-19
048,ДКСИ,248,2907013.18,2022-07-07,2026-06-23
053,"ДА ""Държавен резерв и военновременни запаси""",1597,460834950.74,2022-07-06,2026-06-25
055,НОИ - ДОО,41843,49912972947.02,2022-07-01,2026-06-30
056,НЗОК,572518,17830119948.93,2022-07-01,2026-06-30
061,Българска национална телевизия,2920,84017986.75,2022-07-08,2026-06-29
062,Българско национално радио,1558,46334711.58,2022-07-08,2026-06-29
063,Българска телеграфна агенция,660,10114405.11,2022-07-04,2026-06-30
071,Министерство на туризма,4193,171896543.12,2022-07-01,2026-06-30
074,Министерство на иновациите и растежа,1291,94015295.36,2022-07-05,2026-06-29
075,Министерство на електронното управление,1580,183531928.46,2022-07-06,2026-06-30
082,Централна избирателна комисия,536,76048152.54,2022-07-05,2026-06-29
083,Комисия за публичен надзор над регистрираните одитори,89,426714.46,2022-07-07,2026-06-02
084,ДЪРЖАВЕН ФОНД ЗЕМЕДЕЛИЕ,24146,1607645860.13,2022-07-01,2026-06-30
085,Национално бюро за контрол на специалните разузнавателни средства,39,184481.65,2022-07-22,2025-12-16
119,Предприятие за управление на дейностите по опазване на околната среда,2481,3853307871.07,2022-07-07,2026-06-29
122,ДФ Земеделие-Разплащателна агенция,428030,5859441568.27,2022-07-05,2026-06-30
124,"Фонд ""Сигурност на електроенергийната система""",14873,8061129537.91,2022-07-01,2026-06-30
128,"ДЪРЖАВНО ПРЕДПРИЯТИЕ ""ДЪРЖАВНА ПЕТРОЛНА КОМПАНИЯ""",1,22502.43,2023-10-25,2023-10-25
129,"Държавно предприятие ""Управление и стопанисване на язовири""",341,10379311.96,2022-07-01,2026-06-30
133,Селскостопанска академия,5573,85629981.28,2022-07-06,2026-06-29
134,"Държавно предприятие ""Научно-производствен център""",292,1789275.15,2022-07-05,2026-04-27
422,СТОЛИЧНА ОБЩИНА,80600,3690170180.20,2022-07-01,2026-06-30
444,ЦБ - субсидии за общини,48440,16650699980.26,2022-07-01,2026-06-30
488,Централен Бюджет - Други трансфери за общини,10,121291.46,2024-03-22,2026-05-22
522,МЗХ - ЧУЖДИ СРЕДСТВА,748,6331791.86,2024-08-22,2026-06-29
579,"МРРБ-чужди средства-""Български ВиК холдинг"" ЕАД",591,482885564.81,2022-07-06,2026-06-29
581,"МТИТС-чужди средства-НК ""Железопътна инфраструктура""",12082,1606182980.08,2022-07-01,2026-06-29
582,"МТИТС - чужди средства - ""БДЖ-Пътнически превози"" ЕООД",3767,598956785.36,2022-07-01,2026-06-26
666,Централен бюджет - безлихвени заеми,2046,172490924.69,2022-07-01,2026-06-05
735,Фонд Гарантирани вземания на работници и служители към НОИ,342,59364546.57,2022-07-06,2026-06-29
745,Учителски пенсионен фонд,831,361414385.21,2022-07-07,2026-06-30
801,СУ Климент Охридски,6225,159945106.85,2022-07-01,2026-06-30
802,"Пловдивски университет ""Паисий Хилендарски""",1454,34112490.26,2022-07-01,2026-06-30
803,"Университет ""Проф. д-р Асен Златаров"" - Бургас",841,14142476.96,2022-07-11,2026-06-24
804,"Великотърновски университе ""Св. св. Кирил и Методий""",1050,18317614.18,2022-07-07,2026-06-26
805,"Югозападен университет ""Неофит Рилски"" - Благоевград",1319,34395280.67,2022-07-01,2026-06-26
806,"Шуменски университет ""Епископ Константин Преславски""",680,13404101.74,2022-07-05,2026-06-26
811,"Русенски университет ""Ангел Кънчев""",965,35074102.99,2022-07-06,2026-06-25
812,Технически университет - София,4207,90660781.79,2022-07-04,2026-06-30
814,Технически университет - Варна,949,26072440.93,2022-07-01,2026-06-25
815,Технически университет - Габрово,488,8609503.45,2022-07-05,2026-06-30
816,Университет по архитектура строите,1130,19577907.68,2022-07-05,2026-06-30
817,Минно-геоложки университет,615,10251445.60,2022-07-05,2026-06-24
818,Лесотехнически университет,1244,13707478.34,2022-07-06,2026-06-30
819,Химико-технологичен и металургичен,1010,20622215.65,2022-07-04,2026-06-30
821,Университет по хранителни технологии - Пловдив,683,13826674.45,2022-07-01,2026-06-26
822,Аграрен университет - Пловдив,552,8280610.83,2022-07-01,2026-06-19
823,Тракийски университет - Стара Загора,2911,49129549.52,2022-07-01,2026-06-30
831,Медицински университет,3833,92909529.46,2022-07-05,2026-06-29
832,Медицински университет - Пловдив,3318,82658218.57,2022-07-01,2026-06-29
833,"Медицински университет ""Проф. д-р Параскев Ив. Стоянов"" - Варна",2849,56970787.51,2022-07-05,2026-06-29
835,Медицински университет - Плевен,1834,38387708.46,2022-07-01,2026-06-29
841,УНСС,2483,55706226.29,2022-07-01,2026-06-29
842,Икономически университет - Варна,834,11310614.08,2022-07-08,2026-06-26
843,"Стопанска академия ""Димитър А. Ценов"" - Свищов",483,9448124.60,2022-07-05,2026-06-26
851,"Национална музикална академия ""П.Владигеров""",433,9655997.96,2022-07-08,2026-06-29
852,Национална академия за театрално и филмово изкуство,363,5449624.64,2022-07-06,2026-06-26
853,Национална художествена академия,437,10274193.76,2022-07-05,2026-06-25
854,"Академия за музикално, танцово и изобразително изкуство ""Проф. Асен Диамандиев"" - Пловдив",266,14983540.27,2022-07-06,2026-06-24
859,"Национална спортна академия ""В. Левски""",1883,33321405.64,2022-07-04,2026-06-25
867,"Висше строително училище ""Л. Каравелов""",274,2312268.21,2022-07-06,2026-06-16
868,"Висше транспортно училище ""Т. Каблешков""",543,9111662.28,2022-07-05,2026-06-11
871,Университет по библиотекознание и информационни технологии,314,7592995.65,2022-07-04,2026-06-24
872,Висше училище по телекомуникации и пощи,324,9938797.73,2022-07-13,2026-06-29
881,"Военна академия ""Г. С. Раковски""",316,4617470.79,2022-07-12,2026-06-24
882,"Национален военен университет ""Васил Левски"" - Велико Търново",1108,29309021.54,2022-07-05,2026-06-22
883,"Висше военноморско училище ""Н. Й. Вапцаров"" - Варна",1324,65362164.73,2022-07-01,2026-06-23
884,"Висше военновъздушно училище ""Георги Бенковски"" - гр. Долна Митрополия",372,10956709.73,2022-07-14,2026-06-29
890,Българска Академия на Науките,12079,186650337.87,2022-07-04,2026-06-29
980,"НФ-Авансово финансиране за проекти по КФ, ЕФРР, ЕСФ",126,341112340.07,2022-08-18,2026-06-30
981,НФ - Кохезионен фонд,2,229153.34,2023-04-04,2025-10-28
983,НФ - МВУ,35593,3582192243.58,2022-09-02,2026-06-30
986,Национален фонд - Трансгранично сътрудничество,351,37472112.75,2022-07-01,2026-06-18
987,НФ-средства от ЕС,43124,5655334917.22,2022-07-01,2026-06-30
989,НФ - ДРУГИ МЕЖДУНАРОДНИ ПРОГРАМИ,1178,128083226.37,2022-07-04,2026-06-16
