activity,function,group,name,status
101,1,Изпълнителни и законодателни органи,Централни държавни органи,
103,1,Изпълнителни и законодателни органи,Централни държавни органи по образованието,
104,1,Изпълнителни и законодателни органи,Централни държавни органи по здравеопазването,
105,1,Изпълнителни и законодателни органи,Централни държавни органи по социалното осигуряване,
106,1,Изпълнителни и законодателни органи,Централни държавни органи по регионалното развитие и благоустройство,
107,1,Изпълнителни и законодателни органи,Централни държавни органи по културата и спорта,
108,1,Изпълнителни и законодателни органи,Централни държавни органи по икономическите дейности и услуги,
111,1,Изпълнителни и законодателни органи,Контролни органи,
115,1,Изпълнителни и законодателни органи,"Управление, контрол и регулиране на външните работи",
116,1,Изпълнителни и законодателни органи,"Посолства, консулства, представителства и мисии в чужбина",
117,1,Изпълнителни и законодателни органи,Държавни и общински служби и дейности по изборите,
121,1,Изпълнителни и законодателни органи,Областни администрации,
122,1,Изпълнителни и законодателни органи,Общинска администрация,
123,1,Изпълнителни и законодателни органи,Общински съвети,
125,1,Изпълнителни и законодателни органи,Членове на Европейския парламент от Република България,
128,1,Изпълнителни и законодателни органи,"Международни програми и споразумения, дарения и помощи от чужбина",
139,1,Изпълнителни и законодателни органи,Други изпълнителни и законодателни органи,
141,1,Общи служби,"Статистически институт, служби и дейности, социологически проучвания и анкети",
142,1,Общи служби,Общоикономическо и социално програмиране и прогнозиране,
143,1,Общи служби,Регистрация и контрол на чуждестранните инвестиции,
144,1,Общи служби,Служби и дейности за връзки с българите в чужбина,
145,1,Общи служби,Служби и дейности за подпомагане на бежанците,
146,1,Общи служби,Управление и администриране на получена чуждестранна помощ,
147,1,Общи служби,Управление на държавния резерв и военновременните запаси,
148,1,Общи служби,Управление на гражд.администрация и административнообслужване на населението,
149,1,Общи служби,Други общи служби,
151,1,Общи служби,Ликвидационна комисия за закрити бюджетни организации,
158,1,Общи служби,"Международни програми и споразумения, дарения и помощи от чужбина",
161,1,Наука,Организация и управление на научните изследвания и дейности,
162,1,Наука,Научноизследователско дело,
163,1,Наука,Научноизследователски институти и центрове,
168,1,Наука,"Международни програми и споразумения, дарения и помощи от чужбина",
179,1,Наука,Други дейности на науката,
201,2,Отбрана,Дейности по отбраната,
205,2,Отбрана,Участие на Република България в НАТО,
206,2,Отбрана,Мироопазващи мисии в чужбина,
207,2,Отбрана,Отбранително-мобилизационна подготовка,
215,2,Отбрана,Приложни научни изследвания в областта на отбраната,
218,2,Отбрана,"Международни програми и споразумения, дарения и помощи от чужбина",
219,2,Отбрана,Други дейности по отбраната,
221,2,"Полиция, вътрешен ред и сигурност",Полиция и вътрешен ред,
222,2,"Полиция, вътрешен ред и сигурност",Национална служба за охрана,
223,2,"Полиция, вътрешен ред и сигурност","Държавна агенция ""Разузнаване""",
224,2,"Полиция, вътрешен ред и сигурност",Противопожарна охрана,
225,2,"Полиция, вътрешен ред и сигурност",Приложни научни изследвания в областта на вътрешния ред и сигурност,
228,2,"Полиция, вътрешен ред и сигурност","Международни програми и споразумения, дарения и помощи от чужбина",
239,2,"Полиция, вътрешен ред и сигурност",Други дейности по вътрешната сигурност,
241,2,Съдебна власт,Висш съдебен съвет,
242,2,Съдебна власт,Върховен административен съд,
243,2,Съдебна власт,Върховен касационен съд,
244,2,Съдебна власт,Прокуратура,
245,2,Съдебна власт,Национална следствена служба,
246,2,Съдебна власт,Съдилища,
247,2,Съдебна власт,Окръжни следствени служби,
248,2,Съдебна власт,Инспекторат към Висшия съдебен съвет,
249,2,Съдебна власт,Национален институт на правосъдието,
258,2,Съдебна власт,"Международни програми и споразумения, дарения и помощи от чужбина",
259,2,Съдебна власт,Други дейности на съдебната власт,
261,2,Администрация на затворите,Места за лишаване от свобода,
268,2,Администрация на затворите,"Международни програми и споразумения, дарения и помощи от чужбина",
279,2,Администрация на затворите,Други дейности на администрацията на затворите,
281,2,"Защита на населението, управление и дейности при стихийни бедствия и аварии",Неотложна дейност по защита на населението и националното стопанство,
282,2,"Защита на населението, управление и дейности при стихийни бедствия и аварии","Отбранително-мобилизационна подготовка, поддържане на запаси и мощности",
283,2,"Защита на населението, управление и дейности при стихийни бедствия и аварии",Превантивна дейност за намаляване на вредните последствия от бедствия и аварии,
284,2,"Защита на населението, управление и дейности при стихийни бедствия и аварии",Ликвидиране на последици от стихийни бедствия и производствени аварии,
285,2,"Защита на населението, управление и дейности при стихийни бедствия и аварии",Доброволни формирования за защита при бедствия,
288,2,"Защита на населението, управление и дейности при стихийни бедствия и аварии","Международни програми и споразумения, дарения и помощи от чужбина",
289,2,"Защита на населението, управление и дейности при стихийни бедствия и аварии",Други дейности за защита на населението при стихийни бедствия и аварии,
301,3,,"Управление, контрол, регулиране и лицензиране на дейности по образованието",
311,3,,Детски градини,
312,3,,Специални групи в детски градини за деца със СОП,
314,3,,Полудневни детски градини,
315,3,,Сезонни детски градини,
318,3,,Подготвителна група в училище,
321,3,,Специални училища и центрове за специална образователна подкрепа,
322,3,,"Неспециализирани училища, без професионални гимназии",
323,3,,Училища по културата и училища по изкуствата,
324,3,,Спортни училища,
325,3,,Български училища в чужбина,
326,3,,Професионални гимназии и паралелки за професионална подготовка,
327,3,,Училища в места за лишаване от свобода,
331,3,,"Домове за отглеждане и възпитание на деца, лишени от родителска грижа",
332,3,,Общежития,
333,3,,Ученически почивни лагери,
334,3,,Повишаване на квалификацията,
335,3,,Ученически спортни школи,closed
336,3,,Столове,
337,3,,Център за подкрепа за личностно развитие,
338,3,,Ресурсно подпомагане,
341,3,,"Академии, университети и висши училища",
349,3,,Приложни научни изследвания в областта на образованието,
359,3,,Други дейности за децата,
369,3,,Други дейности за младежта,
388,3,,"Международни програми и споразумения, дарения и помощи от чужбина",
389,3,,Други дейности по образованието,
401,4,,"Управление, контрол и регулиране на дейности по здравеопазването",
412,4,,Многопрофилни болници за активно лечение,
413,4,,Общински болници,
414,4,,Детски болници,
415,4,,Домове за медико-социални грижи,
416,4,,Болници за белодробни болести,
417,4,,Акушеро-гинекологични болници,
418,4,,Психиатрични болници,
419,4,,Центрове за психично здраве,
420,4,,Болница по офталмология,
423,4,,Болница за долекуване и рехабилитация,
424,4,,Медицински центрове/специализирани болници за пневмо-фтизиатрични заболявания,
425,4,,Диспансери за психични заболявания,
426,4,,Центрове за кожно-венерически заболявания,
427,4,,Комплексни онкологични центрове/специализирани болници за онкологични заболявания,
429,4,,Центрове за спешна медицинска помощ,
430,4,,Регионални инспекции за опазване и контрол на общественото здравеопазване,
431,4,,"Детски ясли, детски кухни и яслени групи в детска градина",
432,4,,Детски ясли за деца лишени от родителски грижи,
433,4,,Рехабилитация,
436,4,,Национални центрове,
437,4,,Здравен кабинет в детски градини и училища,
438,4,,Дневни психо-рехабилитационни програми,
442,4,,Център за наркомания,
447,4,,Субституиращи и поддържащи програми,
448,4,,Центрове за комплексно обслужване на деца с увреждания и хронични заболявания,
450,4,,Преобразувани лечебни заведения,
451,4,,Плащания за първична извънболнична медицинска помощ,
452,4,,Плащания за специализирана извънболнична медицинска помощ,
453,4,,Плащания за дентална помощ,
454,4,,Плащания за медико-диагностична дейност,
455,4,,"Плащания за лекарствени продукти, медицински изделия и диетични храни за специални медицински цели за домашно лечение на територията на страната",
456,4,,Плащания за болнична медицинска помощ,
457,4,,Плащания за медицински изделия прилагани в болничната медицинска помощ,
458,4,,Плащания за лекарствени продукти в условия на болнична медицинска помощ,
459,4,,Други здравноосигурителни плащания,
465,4,,Приложни научни изследвания в областта на здравеопазването,
467,4,,Национални програми,
468,4,,"Международни програми и споразумения, дарения и помощи от чужбина",
469,4,,Други дейности по здравеопазването,
501,5,Пенсии,Пенсии,
511,5,Социални помощи и обезщетения,Помощи по Закона за семейни помощи за деца,
512,5,Социални помощи и обезщетения,Помощи по Закона за социално подпомагане,
513,5,Социални помощи и обезщетения,Помощи по Закона за хората с увреждания,
514,5,Социални помощи и обезщетения,Помощи за диагностика и лечение на социално слаби лица,
515,5,Социални помощи и обезщетения,Помощи по Закона за закрила на детето,
516,5,Социални помощи и обезщетения,Помощи по Закона за ветераните от войните на Република България,
517,5,Социални помощи и обезщетения,Помощи по Закона за военноинвалидите и военнопострадалите,
518,5,Социални помощи и обезщетения,"Социални помощи и обезщетения по международни програми, помощи и дарения",
519,5,Социални помощи и обезщетения,Други помощи и обезщетения,
521,5,"Програми, дейности и служби по социалното осигуряване, подпомагане и заетостта",Служби по социалното осигуряване (ДОО и др.),
522,5,"Програми, дейности и служби по социалното осигуряване, подпомагане и заетостта",Дирекции за социално подпомагане,
524,5,"Програми, дейности и служби по социалното осигуряване, подпомагане и заетостта",Домашен социален патронаж,
525,5,"Програми, дейности и служби по социалното осигуряване, подпомагане и заетостта","Клубове на пенсионера, инвалида и др.",
526,5,"Програми, дейности и служби по социалното осигуряване, подпомагане и заетостта",Центрове за обществена подкрепа,
527,5,"Програми, дейности и служби по социалното осигуряване, подпомагане и заетостта","Звена ""Майка и бебе""",
528,5,"Програми, дейности и служби по социалното осигуряване, подпомагане и заетостта",Център за работа с деца на улицата,
529,5,"Програми, дейности и служби по социалното осигуряване, подпомагане и заетостта",Кризисен център,
530,5,"Програми, дейности и служби по социалното осигуряване, подпомагане и заетостта",Център за настаняване от семеен тип,
531,5,"Програми, дейности и служби по социалното осигуряване, подпомагане и заетостта",Дейности за предотвратяване на трудови злополуки и професионални болести,
532,5,"Програми, дейности и служби по социалното осигуряване, подпомагане и заетостта",Програми за временна заетост,
533,5,"Програми, дейности и служби по социалното осигуряване, подпомагане и заетостта",Други програми и дейности за осигуряване на заетост,
534,5,"Програми, дейности и служби по социалното осигуряване, подпомагане и заетостта",Наблюдавани жилища,
535,5,"Програми, дейности и служби по социалното осигуряване, подпомагане и заетостта",Преходни жилища,
536,5,"Програми, дейности и служби по социалното осигуряване, подпомагане и заетостта","Домове за отглеждане и възпитание на деца от 3 до 6 години, вкл. лишени от родителски грижи",
537,5,"Програми, дейности и служби по социалното осигуряване, подпомагане и заетостта","Домове за отглеждане и възпитание на деца от 1-ви до 13-ти клас вкл., лишени от родителски грижи",
538,5,"Програми, дейности и служби по социалното осигуряване, подпомагане и заетостта",Програми за закрила на детето,
540,5,"Програми, дейности и служби по социалното осигуряване, подпомагане и заетостта",Домове за стари хора,
541,5,"Програми, дейности и служби по социалното осигуряване, подпомагане и заетостта",Домове за пълнолетни лица с увреждания,
542,5,"Програми, дейности и служби по социалното осигуряване, подпомагане и заетостта",Домове за възрастни хора с психични разстройства,
543,5,"Програми, дейности и служби по социалното осигуряване, подпомагане и заетостта",Домове за възрастни хора с физически увреждания,
544,5,"Програми, дейности и служби по социалното осигуряване, подпомагане и заетостта",Домове за възрастни хора със сетивни увреждания,
545,5,"Програми, дейности и служби по социалното осигуряване, подпомагане и заетостта",Социални услуги в домашна среда,
546,5,"Програми, дейности и служби по социалното осигуряване, подпомагане и заетостта",Домове за деца,
547,5,"Програми, дейности и служби по социалното осигуряване, подпомагане и заетостта",Център за временно настаняване,
548,5,"Програми, дейности и служби по социалното осигуряване, подпомагане и заетостта",Дневни центрове за стари хора,
549,5,"Програми, дейности и служби по социалното осигуряване, подпомагане и заетостта",Дневни центрове за деца с увреждания,
550,5,"Програми, дейности и служби по социалното осигуряване, подпомагане и заетостта",Центрове за социална рехабилитация и интеграция,
551,5,"Програми, дейности и служби по социалното осигуряване, подпомагане и заетостта",Дневни центрове за лица с увреждания,
552,5,"Програми, дейности и служби по социалното осигуряване, подпомагане и заетостта",Домове за възрастни хора с деменция,
553,5,"Програми, дейности и служби по социалното осигуряване, подпомагане и заетостта",Приюти,
554,5,"Програми, дейности и служби по социалното осигуряване, подпомагане и заетостта",Защитени жилища,
556,5,"Програми, дейности и служби по социалното осигуряване, подпомагане и заетостта",Приложни научни изследвания в областта на социалното осигуряване и подпомагане,
558,5,"Програми, дейности и служби по социалното осигуряване, подпомагане и заетостта","Международни програми и споразумения, дарения и помощи от чужбина",
559,5,"Програми, дейности и служби по социалното осигуряване, подпомагане и заетостта","Други служби и дейности по социалното осигуряване, подпомагане и заетостта",
561,5,"Програми, дейности и служби по социалното осигуряване, подпомагане и заетостта",Асистентска подкрепа,
562,5,"Програми, дейности и служби по социалното осигуряване, подпомагане и заетостта",Асистенти за лична помощ,
588,5,"Програми, дейности и служби по социалното осигуряване, подпомагане и заетостта","Международни програми и споразумения, дарения и помощи от чужбина",
589,5,"Програми, дейности и служби по социалното осигуряване, подпомагане и заетостта","Други служби и дейности по социалното осигуряване, подпомагане и заетостта",
601,6,"Жилищно строителство, благоустройство, комунално стопанство","Управление, контрол и регулиране на дейностите по жил. строителство и териториално развитие",
602,6,"Жилищно строителство, благоустройство, комунално стопанство","Служби по кадастър, геодезия и регистрация на недвижимата собственост",
603,6,"Жилищно строителство, благоустройство, комунално стопанство",Водоснабдяване и канализация,
604,6,"Жилищно строителство, благоустройство, комунално стопанство",Осветление на улици и площади,
605,6,"Жилищно строителство, благоустройство, комунално стопанство",Минерални води и бани,
606,6,"Жилищно строителство, благоустройство, комунално стопанство","Изграждане, ремонт и поддържане на уличната мрежа",
618,6,"Жилищно строителство, благоустройство, комунално стопанство","Международни програми и споразумения, дарения и помощи от чужбина",
619,6,"Жилищно строителство, благоустройство, комунално стопанство","Други дейности по жилищното строителство, благоустройството и регионалното развитие",
621,6,Опазване на околната среда,"Управление, контрол и регулиране на дейностите по опазване на околната среда",
622,6,Опазване на околната среда,Озеленяване,
623,6,Опазване на околната среда,Чистота,
624,6,Опазване на околната среда,Геозащита,
625,6,Опазване на околната среда,Приложни и научни изследвания в областта на опазване на околната среда,
626,6,Опазване на околната среда,Пречистване на отпадъчните води от населените места,
627,6,Опазване на околната среда,Управление на дейностите по отпадъците,
628,6,Опазване на околната среда,"Международни програми и споразумения, дарения и помощи от чужбина",
629,6,Опазване на околната среда,Други дейности по опазване на околната среда,
701,7,Почивни дейности,Дейности по почивното дело и социалния отдих,
708,7,Почивни дейности,"Международни програми и споразумения, дарения и помощи от чужбина",
711,7,Физическа култура и спорт,"Управление, контрол и регулиране на дейностите по спорта",
712,7,Физическа култура и спорт,Детски и специализирани спортни школи,
713,7,Физическа култура и спорт,Спорт за всички,
714,7,Физическа култура и спорт,Спортни бази за спорт за всички,
718,7,Физическа култура и спорт,"Международни програми и споразумения, дарения и помощи от чужбина",
719,7,Физическа култура и спорт,Други дейности по спорта и физическата култура,
721,7,Туризъм,"Управление, контрол и регулиране на дейностите по туризма",
722,7,Туризъм,Туристически бази,
723,7,Туризъм,Специализирани спортно-туристически школи,
728,7,Туризъм,"Международни програми и споразумения, дарения и помощи от чужбина",
729,7,Туризъм,Други дейности по туризма,
731,7,Култура,"Управление, контрол и регулиране на дейностите по културата",
732,7,Култура,Културни дейности,
733,7,Култура,Български културни институти в чужбина,
735,7,Култура,Театри,
736,7,Култура,Оперно - филхармонични дружества и опери,
737,7,Култура,Оркестри и ансамбли,
738,7,Култура,Читалища,
739,7,Култура,"Музеи, худ. галерии, паметници на културата и етногр. комплекси с национален и регионален характер",
740,7,Култура,"Музеи, художествени галерии, паметници на културата и етнографски комплекси с местен характер",
741,7,Култура,Радиотранслационни възли,
742,7,Култура,Радио,
743,7,Култура,Телевизия,
744,7,Култура,Филмотечно и фонотечно дело,
745,7,Култура,Обредни домове и зали,
746,7,Култура,Зоопаркове,
747,7,Култура,Държавен архив и териториални архиви,
748,7,Култура,Подпомагане развитието на културата,
751,7,Култура,Библиотеки с национален и регионален характер,
752,7,Култура,Градски библиотеки,
755,7,Култура,Приложни и научни изследвания в областта на опазване на културата,
758,7,Култура,"Международни програми и споразумения, дарения и помощи от чужбина",
759,7,Култура,Други дейности по културата,
761,7,Религиозно дело,Контрол и регулиране на дейностите по религиозно дело,
762,7,Религиозно дело,Субсидии и други разходи за дейности по религиозно дело,
768,7,Религиозно дело,"Международни програми и споразумения, дарения и помощи от чужбина",
801,8,"Минно дело, горива и енергия","Управление, контрол и регулиране на минното дело и дейностите по енергетиката",
802,8,"Минно дело, горива и енергия","Изследвания, измервания и анализи на горивата и енергията",
803,8,"Минно дело, горива и енергия",Безопасност и съхраняване на радиоактивни отпадъци,
804,8,"Минно дело, горива и енергия",Извеждане на ядрени съоръжения от експлоатация,
805,8,"Минно дело, горива и енергия","Приложни и научни изследвания в областта на минното дело, горивата и енергията",
807,8,"Минно дело, горива и енергия","Международни програми и споразумения, дарения и помощи от чужбина",
808,8,"Минно дело, горива и енергия",Други дейности по минното дело,
809,8,"Минно дело, горива и енергия",Други дейности по горивата и енергията,
811,8,"Селско стопанство, горско стопанство, лов и риболов","Управление, контрол и регулиране на дейностите по растениевъдство",
813,8,"Селско стопанство, горско стопанство, лов и риболов",Областни земеделски служби,
814,8,"Селско стопанство, горско стопанство, лов и риболов","Управление, контрол и регулиране на дейностите по горското стопанство",
815,8,"Селско стопанство, горско стопанство, лов и риболов","Управление, контрол и регулиране на дейностите по лова и риболова",
816,8,"Селско стопанство, горско стопанство, лов и риболов",Машинно-изпитателни центрове и контролно технически инспекции,
817,8,"Селско стопанство, горско стопанство, лов и риболов",Ветеринарно-медицински служби,
821,8,"Селско стопанство, горско стопанство, лов и риболов",Други служби по поземлената реформа,
824,8,"Селско стопанство, горско стопанство, лов и риболов",Национални доплащания и съфинансиране към директните плащания за земеделски производители,
825,8,"Селско стопанство, горско стопанство, лов и риболов",Приложни и научни изследвания в областта на земеделието и горите,
826,8,"Селско стопанство, горско стопанство, лов и риболов",Рибарство,
827,8,"Селско стопанство, горско стопанство, лов и риболов",Развитие на селските райони,
828,8,"Селско стопанство, горско стопанство, лов и риболов","Международни програми и споразумения, дарения и помощи от чужбина",
829,8,"Селско стопанство, горско стопанство, лов и риболов","Други дейности по селско и горско стопанство, лов и риболов",
831,8,Транспорт и съобщения,"Управление, контрол и регулиране на дейностите по транспорта и пътищата",
832,8,Транспорт и съобщения,"Служби и дейности по поддържане, ремонт и изграждане на пътищата",
833,8,Транспорт и съобщения,"Проучвания, измервания и анализи на пътната мрежа",
834,8,Транспорт и съобщения,Дейности по автомобилния транспорт,
835,8,Транспорт и съобщения,Дейности по железопътния транспорт,
836,8,Транспорт и съобщения,Дейности по въздушния транспорт,
837,8,Транспорт и съобщения,Дейности по водния транспорт,
838,8,Транспорт и съобщения,"Управление, контрол и регулиране на дейностите по комуникациите",
839,8,Транспорт и съобщения,Пощи и далекосъобщения,
845,8,Транспорт и съобщения,Приложни и научни изследвания в областта на транспорта и съобщенията,
848,8,Транспорт и съобщения,"Международни програми и споразумения, дарения и помощи от чужбина",
849,8,Транспорт и съобщения,"Други дейности по транспорта, пътищата, пощите и далекосъобщенията",
851,8,Промишленост и строителство,"Управление, контрол и регулиране на дейностите по промишлеността",
852,8,Промишленост и строителство,"Управление, контрол и регулиране на дейностите по строителството",
853,8,Промишленост и строителство,"Международни програми и споразумения, дарения и помощи от чужбина",
855,8,Промишленост и строителство,Приложни и научни изследвания в областта на промишлеността и строителството,
858,8,Промишленост и строителство,Други дейности по промишлеността,
859,8,Промишленост и строителство,Други дейности по строителството,
861,8,Туризъм,"Управление, контрол и регулиране на дейностите по туризма",
862,8,Туризъм,Туристически бази,
863,8,Туризъм,Специализирани спортно-туристически школи,
864,8,Туризъм,"Международни програми и споразумения, дарения и помощи от чужбина",
865,8,Туризъм,Други дейности по туризма,
866,8,Други дейности по икономиката,Общински пазари и тържища,
867,8,Други дейности по икономиката,Реклама и маркетинг,
868,8,Други дейности по икономиката,Информационно-изчислителни центрове,
869,8,Други дейности по икономиката,Издателска дейност и печатни бази,
871,8,Други дейности по икономиката,"Помощни стопанства, столове и други спомагателни дейности",
872,8,Други дейности по икономиката,"Дворци, резиденции и стопанства",
873,8,Други дейности по икономиката,Оздравителни програми за предприятия в изолация и ликвидация,
874,8,Други дейности по икономиката,Ликвидиране на последици от стихийни бедствия и производствени аварии,
875,8,Други дейности по икономиката,Органи и дейности по приватизация,
876,8,Други дейности по икономиката,Органи по стандартизация и метрология,
877,8,Други дейности по икономиката,Патентно дело,
878,8,Други дейности по икономиката,Приюти за безстопанствени животни,
885,8,Други дейности по икономиката,Приложни и научни изследвания в други дейности по икономиката,
888,8,Други дейности по икономиката,Структурни реформи,
897,8,Други дейности по икономиката,"Международни програми и споразумения, дарения и помощи от чужбина",
898,8,Други дейности по икономиката,Други дейности по икономиката,
910,9,,Разходи за лихви,
997,9,,Други разходи некласифицирани по другите функции,
998,9,,Резерв,
