programme,name
98112,"КФ - ОП ""Околна среда"""
98212,"ЕФРР - ОП ""Региони в растеж"""
98213,"ЕФРР - ОП ""Наука и образование за интелигентен растеж"""
98215,"ЕФРР - ОП ""Околна среда"""
98222,ЕФРР - Програма за околна среда
98225,ЕФРР - Програма за техническа помощ
98226,ЕФРР - Програма за развитие на регионите
98227,"ЕФРР - Програма за научни изследвания, иновации и дигитализация за интелигентна трансформация"
98301,"ЕСФ - ОП ""ЧОВЕШКИ РЕСУРСИ"""
98311,"ЕСФ - ОП ""Развитие на човешките ресурси"""
98312,"ЕСФ - ОП ""Добро управление"""
98313,"ЕСФ - ОП ""Наука и образование за интелигентен растеж"""
98315,"ОП ""Фонд за европейско подпомагане на най-нуждаещите се лица"""
98321,ЕСФ+ - Програма за образование
98322,ЕСФ+ - Програма за техническа помощ
98323,ЕСФ+ - Програма за развитие на човешките ресурси
98324,ЕСФ+ - Програма за храни и/или основно материално подпомагане
99001,Разходи по Плана за възстановяване и устойчивост на РБ
