form,programme,activity,paragraph,code,plan,plan_state,plan_local,plan_topup,actual_state,actual_local,actual_topup,actual
budget,,1117,01,0101,425157,347475,0,77682,346575,0,77682,424257
budget,,1117,01,0102,235766,207885,0,27881,202117,0,27881,229998
budget,,1117,02,0201,6592884,6538569,0,54315,6537944,0,54315,6592259
budget,,1117,02,0202,1534535,1389065,0,145470,1381958,0,145470,1527428
budget,,1117,05,0551,1460850,1414319,0,46531,1413631,0,46531,1460162
budget,,1117,05,0560,579066,562985,0,16081,562808,0,16081,578889
budget,,1117,05,0580,299597,297154,0,2443,296184,0,2443,298627
budget,,1117,10,1011,268545,267916,0,629,268190,0,629,268819
budget,,1117,10,1015,967967,959973,0,7994,972241,0,7994,980235
budget,,1117,10,1016,14758,14758,0,0,14757,0,0,14757
budget,,1117,10,1020,960106,956881,0,3225,951847,0,3119,954966
budget,,1117,10,1051,40,40,0,0,40,0,0,40
budget,,1117,19,1901,105,0,0,105,0,0,105,105
budget,,1117,52,5201,7800,0,0,7800,0,0,7800,7800
budget,,1117,52,5203,1055,0,0,1055,0,0,1055,1055
budget,,1122,01,0101,58892348,27695356,0,31196992,27599901,0,22213997,49813898
budget,,1122,01,0102,43607210,22824248,0,20782962,22775625,0,16544901,39320526
budget,,1122,02,0201,2810640,1874353,0,936287,1849660,0,321200,2170860
budget,,1122,02,0202,1818096,1177386,0,640710,1131939,0,383773,1515712
budget,,1122,02,0205,1761096,1082301,0,678795,876002,0,678795,1554797
budget,,1122,02,0208,3035054,2319045,0,716009,2263475,0,487767,2751242
budget,,1122,02,0209,551173,430372,0,120801,430377,0,120766,551143
budget,,1122,05,0551,14493565,9277240,0,5216325,9115740,0,4073912,13189652
budget,,1122,05,0560,6366685,3650106,0,2716579,3596350,0,1599194,5195544
budget,,1122,05,0580,2820129,1797394,0,1022735,1795026,0,986745,2781771
budget,,1122,10,1011,148818,0,148818,0,0,148276,0,148276
budget,,1122,10,1012,886,0,886,0,0,786,0,786
budget,,1122,10,1013,134825,0,134825,0,0,133085,0,133085
budget,,1122,10,1014,35438,0,35438,0,0,7044,0,7044
budget,,1122,10,1015,3517486,0,3517486,0,0,3139365,0,3139365
budget,,1122,10,1016,3358966,0,3358966,0,0,3094675,0,3094675
budget,,1122,10,1020,12035368,0,12035368,0,0,11165782,0,11165782
budget,,1122,10,1030,1449984,0,1449984,0,0,473053,0,473053
budget,,1122,10,1051,50674,0,50674,0,0,26574,0,26574
budget,,1122,10,1052,213446,0,213446,0,0,212704,0,212704
budget,,1122,10,1062,267275,0,267275,0,0,243995,0,243995
budget,,1122,10,1069,360305,0,360305,0,0,344783,0,344783
budget,,1122,10,1091,3693,0,3693,0,0,0,0,0
budget,,1122,10,1092,5948321,0,5948321,0,0,5936242,0,5936242
budget,,1122,10,1098,1577,0,1577,0,0,1577,0,1577
budget,,1122,19,1901,930722,0,930722,0,0,735012,0,735012
budget,,1122,19,1981,432754,0,432754,0,0,272414,0,272414
budget,,1122,42,4214,80000,0,80000,0,0,80000,0,80000
budget,,1122,42,4219,2863,0,2863,0,0,2863,0,2863
budget,,1122,46,4600,479955,0,479955,0,0,479955,0,479955
budget,,1122,51,5100,753703,0,753703,0,0,378519,0,378519
budget,,1122,52,5201,1261228,0,1261228,0,0,668976,0,668976
budget,,1122,52,5202,2848653,0,2848653,0,0,546840,0,546840
budget,,1122,52,5203,608535,0,608535,0,0,432754,0,432754
budget,,1122,52,5204,13886,0,13886,0,0,13886,0,13886
budget,,1122,52,5205,38611,0,38611,0,0,38611,0,38611
budget,,1122,52,5206,13332,0,13332,0,0,13332,0,13332
budget,,1122,52,5219,14995,0,14995,0,0,14995,0,14995
budget,,1122,53,5301,4571766,0,4571766,0,0,1795177,0,1795177
budget,,1123,01,0101,176259,0,176259,0,0,160077,0,160077
budget,,1123,02,0201,3390795,0,3390795,0,0,3390795,0,3390795
budget,,1123,02,0202,336423,0,336423,0,0,336423,0,336423
budget,,1123,02,0205,2612,0,2612,0,0,2612,0,2612
budget,,1123,02,0208,11629,0,11629,0,0,11629,0,11629
budget,,1123,02,0209,741,0,741,0,0,741,0,741
budget,,1123,05,0551,216215,0,216215,0,0,216215,0,216215
budget,,1123,05,0560,89368,0,89368,0,0,89368,0,89368
budget,,1123,05,0580,46175,0,46175,0,0,46175,0,46175
budget,,1123,10,1011,16750,0,16750,0,0,16750,0,16750
budget,,1123,10,1015,54857,0,54857,0,0,54857,0,54857
budget,,1123,10,1016,193621,0,193621,0,0,193621,0,193621
budget,,1123,10,1020,240868,0,240868,0,0,240868,0,240868
budget,,1123,10,1052,5436,0,5436,0,0,3423,0,3423
budget,,1123,19,1901,1700,0,1700,0,0,1700,0,1700
budget,,1123,45,4500,1637446,0,1637446,0,0,1637446,0,1637446
budget,,1123,46,4600,2000,0,2000,0,0,0,0,0
budget,,1123,52,5201,10046,0,10046,0,0,10046,0,10046
budget,,1123,53,5301,7359,0,7359,0,0,7359,0,7359
budget,,2239,01,0101,32560,0,32560,0,0,0,0,0
budget,,2239,02,0202,1512426,1512426,0,0,1406928,0,0,1406928
budget,,2239,05,0551,79132,74411,4721,0,65077,0,0,65077
budget,,2239,05,0560,48223,46660,1563,0,39442,0,0,39442
budget,,2239,05,0580,21781,21781,0,0,19748,0,0,19748
budget,,2239,10,1011,26111,25292,819,0,25291,819,0,26110
budget,,2239,10,1012,110,110,0,0,110,0,0,110
budget,,2239,10,1014,1718,1718,0,0,1718,0,0,1718
budget,,2239,10,1015,695455,680170,15285,0,637255,7425,0,644680
budget,,2239,10,1016,311538,305263,6275,0,264575,6275,0,270850
budget,,2239,10,1020,7665085,3114575,4550510,0,1781538,4320465,0,6102003
budget,,2239,10,1030,325246,300405,24841,0,273820,24841,0,298661
budget,,2239,10,1051,8829,8829,0,0,7250,0,0,7250
budget,,2239,10,1062,658,658,0,0,658,0,0,658
budget,,2239,10,1092,41,41,0,0,41,0,0,41
budget,,2239,10,1098,133,133,0,0,100,0,0,100
budget,,2239,19,1901,132,132,0,0,132,0,0,132
budget,,2239,51,5100,93044,93044,0,0,90914,0,0,90914
budget,,2239,52,5201,45433,14485,30948,0,14483,30948,0,45431
budget,,2239,52,5202,362806,0,362806,0,0,362806,0,362806
budget,,2239,52,5203,2181642,101346,2080296,0,101286,1977014,0,2078300
budget,,2239,52,5204,194400,14400,180000,0,14400,0,0,14400
budget,,2239,52,5205,10341,10341,0,0,10290,0,0,10290
budget,,2282,01,0101,3685811,3685811,0,0,3036988,0,0,3036988
budget,,2282,02,0201,4947,4947,0,0,4947,0,0,4947
budget,,2282,02,0205,97261,97261,0,0,97060,0,0,97060
budget,,2282,02,0208,24328,24328,0,0,23738,0,0,23738
budget,,2282,02,0209,6835,6835,0,0,6835,0,0,6835
budget,,2282,05,0551,498798,498798,0,0,411648,0,0,411648
budget,,2282,05,0560,181583,181583,0,0,153697,0,0,153697
budget,,2282,05,0580,43582,43582,0,0,41988,0,0,41988
budget,,2282,10,1011,36059,36059,0,0,32723,0,0,32723
budget,,2282,10,1012,334,334,0,0,334,0,0,334
budget,,2282,10,1013,30992,30992,0,0,9565,0,0,9565
budget,,2282,10,1015,94437,94437,0,0,67549,0,0,67549
budget,,2282,10,1016,94626,94626,0,0,87761,0,0,87761
budget,,2282,10,1020,265346,265346,0,0,130117,0,0,130117
budget,,2282,10,1030,54487,54487,0,0,2988,0,0,2988
budget,,2282,10,1062,25,25,0,0,25,0,0,25
budget,,2282,10,1091,36193,36193,0,0,0,0,0,0
budget,,2282,10,1092,1,1,0,0,1,0,0,1
budget,,2282,52,5201,18956,18956,0,0,18738,0,0,18738
budget,,2282,52,5203,2949,2949,0,0,2949,0,0,2949
budget,,2283,10,1015,39460,39460,0,0,39460,0,0,39460
budget,,2283,10,1020,2329607,2306897,22710,0,413449,22704,0,436153
budget,,2283,10,1030,350989,245989,105000,0,244872,95801,0,340673
budget,,2283,52,5203,260767,260767,0,0,256907,0,0,256907
budget,,2283,52,5204,639000,639000,0,0,263472,0,0,263472
budget,,2284,10,1015,48808,48808,0,0,48808,0,0,48808
budget,,2284,10,1020,2119339,2111623,7716,0,1403445,0,0,1403445
budget,,2284,10,1030,948539,948539,0,0,861389,0,0,861389
budget,,2284,42,4219,52615,0,52615,0,0,64645,0,64645
budget,,2284,52,5203,260924,260924,0,0,260924,0,0,260924
budget,,2284,52,5205,30000,30000,0,0,29310,0,0,29310
budget,,2285,02,0202,6774,6774,0,0,6774,0,0,6774
budget,,2285,05,0551,338,338,0,0,338,0,0,338
budget,,2285,05,0560,220,220,0,0,220,0,0,220
budget,,2285,05,0580,114,114,0,0,114,0,0,114
budget,,2285,10,1013,88816,88816,0,0,0,0,0,0
budget,,2285,10,1020,181584,126584,0,55000,1650,0,0,1650
budget,,2285,10,1062,13248,13248,0,0,13248,0,0,13248
budget,,2285,46,4600,240,240,0,0,240,0,0,240
budget,,3311,01,0101,168453540,167671252,0,782288,167291760,0,736343,168028103
budget,,3311,02,0202,240998,239331,0,1667,239331,0,1667,240998
budget,,3311,02,0205,4312796,4312150,0,646,4316408,0,646,4317054
budget,,3311,02,0208,6892733,6892733,0,0,6871329,0,0,6871329
budget,,3311,02,0209,1096990,1096990,0,0,1097949,0,0,1097949
budget,,3311,05,0551,20581546,20470238,0,111308,20339558,0,103405,20442963
budget,,3311,05,0552,4312907,4306166,0,6741,4282298,0,6741,4289039
budget,,3311,05,0560,8426556,8392885,0,33671,8378386,0,31466,8409852
budget,,3311,05,0580,4131294,4123584,0,7710,4131758,0,7710,4139468
budget,,3311,10,1011,19392000,19313134,0,78866,18355758,0,78866,18434624
budget,,3311,10,1012,6864,6492,0,372,6141,0,372,6513
budget,,3311,10,1013,1112569,1097702,0,14867,1079049,0,14867,1093916
budget,,3311,10,1014,181436,179867,0,1569,160447,0,1569,162016
budget,,3311,10,1015,7788730,7485868,116768,186094,6480558,116768,181094,6778420
budget,,3311,10,1016,10851052,10785909,0,65143,10663832,0,65143,10728975
budget,,3311,10,1020,13893141,13677571,20746,194824,13706136,22246,187324,13915706
budget,,3311,10,1030,6214272,4675228,1128776,410268,4633496,1058814,410268,6102578
budget,,3311,10,1051,20355,20355,0,0,12397,0,0,12397
budget,,3311,10,1052,20108,20108,0,0,20108,0,0,20108
budget,,3311,10,1062,405769,405769,0,0,397991,0,0,397991
budget,,3311,10,1091,282307,282307,0,0,178078,0,0,178078
budget,,3311,10,1092,51090,51090,0,0,49146,0,0,49146
budget,,3311,10,1098,962891,945087,0,17804,1050,0,0,1050
budget,,3311,19,1901,31103,31103,0,0,32706,0,0,32706
budget,,3311,19,1981,10873,10873,0,0,4400,0,0,4400
budget,,3311,29,2991,7492,7492,0,0,7492,0,0,7492
budget,,3311,43,4301,1671456,1671456,0,0,1671456,0,0,1671456
budget,,3311,51,5100,2548896,293063,2255833,0,290327,1898190,0,2188517
budget,,3311,52,5201,804678,759540,28996,16142,733380,28996,16142,778518
budget,,3311,52,5202,38667465,12775667,25043344,848454,12571213,24081489,848454,37501156
budget,,3311,52,5203,3194519,2652051,444124,98344,2642717,439394,98344,3180455
budget,,3311,52,5204,7983,7983,0,0,7983,0,0,7983
budget,,3311,52,5205,1957746,1084762,847518,25466,1084756,88548,25466,1198770
budget,,3311,52,5219,302106,249091,53015,0,245366,52980,0,298346
budget,,3311,53,5301,33566,33566,0,0,33566,0,0,33566
budget,,3311,53,5309,2064,2064,0,0,2064,0,0,2064
budget,,3312,01,0101,2369349,2302323,67026,0,2234460,62485,0,2296945
budget,,3312,02,0205,33010,33010,0,0,33351,0,0,33351
budget,,3312,02,0209,6778,6778,0,0,6778,0,0,6778
budget,,3312,05,0551,269740,261935,7805,0,248570,6959,0,255529
budget,,3312,05,0552,79697,76815,2882,0,71023,2490,0,73513
budget,,3312,05,0560,112481,109264,3217,0,106868,2961,0,109829
budget,,3312,05,0580,58507,56781,1726,0,56900,1726,0,58626
budget,,3312,10,1011,105718,105718,0,0,105125,0,0,105125
budget,,3312,10,1012,26,26,0,0,26,0,0,26
budget,,3312,10,1013,4375,4375,0,0,3715,0,0,3715
budget,,3312,10,1014,2519,2519,0,0,2277,0,0,2277
budget,,3312,10,1015,106032,106032,0,0,87726,0,0,87726
budget,,3312,10,1016,90257,90257,0,0,90257,0,0,90257
budget,,3312,10,1020,228053,227219,834,0,218225,0,0,218225
budget,,3312,10,1030,87564,87564,0,0,87564,0,0,87564
budget,,3312,10,1051,2921,2921,0,0,600,0,0,600
budget,,3312,10,1062,2654,2654,0,0,2654,0,0,2654
budget,,3312,10,1091,23712,21429,2283,0,17440,1619,0,19059
budget,,3312,10,1098,214512,214512,0,0,0,0,0,0
budget,,3312,52,5201,23176,23176,0,0,23176,0,0,23176
budget,,3312,52,5203,89133,89133,0,0,89133,0,0,89133
budget,,3318,01,0101,5066751,5066751,0,0,4993479,0,0,4993479
budget,,3318,02,0201,672,672,0,0,672,0,0,672
budget,,3318,02,0202,2162,2162,0,0,2162,0,0,2162
budget,,3318,02,0205,138448,138448,0,0,137990,0,0,137990
budget,,3318,02,0208,49270,49270,0,0,50504,0,0,50504
budget,,3318,02,0209,22455,22455,0,0,22455,0,0,22455
budget,,3318,05,0551,649388,649388,0,0,623504,0,0,623504
budget,,3318,05,0552,194135,194135,0,0,193539,0,0,193539
budget,,3318,05,0560,250183,250183,0,0,242500,0,0,242500
budget,,3318,05,0580,91347,91347,0,0,86828,0,0,86828
budget,,3318,10,1011,685221,685221,0,0,569286,0,0,569286
budget,,3318,10,1013,10884,10884,0,0,12436,0,0,12436
budget,,3318,10,1014,50301,50301,0,0,49512,0,0,49512
budget,,3318,10,1015,621996,621996,0,0,614147,0,0,614147
budget,,3318,10,1016,760897,760897,0,0,721957,0,0,721957
budget,,3318,10,1020,1297514,1297514,0,0,1187153,0,0,1187153
budget,,3318,10,1030,212134,212134,0,0,209847,0,0,209847
budget,,3318,10,1062,3428,3428,0,0,2901,0,0,2901
budget,,3318,10,1091,2545,2545,0,0,1808,0,0,1808
budget,,3318,10,1092,22,22,0,0,22,0,0,22
budget,,3318,10,1098,162158,162158,0,0,776,0,0,776
budget,,3318,19,1901,37,37,0,0,37,0,0,37
budget,,3318,43,4301,1786,1786,0,0,1786,0,0,1786
budget,,3322,01,0101,334340919,334340919,0,0,331522319,0,0,331522319
budget,,3322,01,0102,21426,0,21426,0,0,21426,0,21426
budget,,3322,02,0201,92618,87969,0,4649,87969,0,4649,92618
budget,,3322,02,0202,1314401,1314401,0,0,1273503,0,0,1273503
budget,,3322,02,0205,9524392,9524392,0,0,9513201,0,0,9513201
budget,,3322,02,0208,13944531,13944531,0,0,13862307,0,0,13862307
budget,,3322,02,0209,3101374,3101374,0,0,3106932,0,0,3106932
budget,,3322,05,0551,39737175,39736077,1098,0,39069217,1097,0,39070314
budget,,3322,05,0552,12151414,12151414,0,0,12048334,0,0,12048334
budget,,3322,05,0560,16192372,16191933,439,0,16116616,439,0,16117055
budget,,3322,05,0580,8509749,8509475,274,0,8491090,274,0,8491364
budget,,3322,10,1011,9660108,9660108,0,0,8203474,0,0,8203474
budget,,3322,10,1012,19964,19836,0,128,18344,0,128,18472
budget,,3322,10,1013,631238,631238,0,0,549857,0,0,549857
budget,,3322,10,1014,1058949,1057884,0,1065,804546,0,1065,805611
budget,,3322,10,1015,11150829,11018472,0,132357,9343522,0,132357,9475879
budget,,3322,10,1016,10969881,10939701,0,30180,9382108,0,30180,9412288
budget,,3322,10,1020,26147770,25466915,335772,345083,21889889,323820,250667,22464376
budget,,3322,10,1030,13115404,12237477,0,877927,11483471,138172,531413,12153056
budget,,3322,10,1051,143208,143208,0,0,136681,0,0,136681
budget,,3322,10,1052,356532,356532,0,0,350407,0,0,350407
budget,,3322,10,1053,28659,28659,0,0,28659,0,0,28659
budget,,3322,10,1062,682938,681415,0,1523,660282,0,1523,661805
budget,,3322,10,1069,5646,5646,0,0,68,0,0,68
budget,,3322,10,1091,197255,197255,0,0,38521,0,0,38521
budget,,3322,10,1092,111881,111881,0,0,110551,0,0,110551
budget,,3322,10,1098,6798187,6798187,0,0,112951,0,0,112951
budget,,3322,19,1901,115445,115445,0,0,115445,0,0,115445
budget,,3322,19,1981,285,285,0,0,285,0,0,285
budget,,3322,40,4000,4356076,4356076,0,0,3652183,0,0,3652183
budget,,3322,42,4219,9409,9409,0,0,9409,0,0,9409
budget,,3322,43,4301,16880769,16880769,0,0,16841849,0,0,16841849
budget,,3322,45,4500,700,700,0,0,700,0,0,700
budget,,3322,46,4600,450,450,0,0,450,0,0,450
budget,,3322,51,5100,10182743,3718139,0,6464604,3064986,0,5939765,9004751
budget,,3322,52,5201,2432257,2432257,0,0,2431999,0,0,2431999
budget,,3322,52,5202,21437210,12233462,0,9203748,11864180,0,8830450,20694630
budget,,3322,52,5203,4623278,2758014,0,1865264,2746111,0,334966,3081077
budget,,3322,52,5205,999741,998653,0,1088,998653,0,1088,999741
budget,,3322,52,5219,1900873,1776373,0,124500,1776373,0,124500,1900873
budget,,3322,53,5301,116015,116015,0,0,116015,0,0,116015
budget,,3322,53,5309,4038,4038,0,0,4038,0,0,4038
budget,,3324,01,0101,6681053,6681053,0,0,6666332,0,0,6666332
budget,,3324,02,0202,23070,23070,0,0,23070,0,0,23070
budget,,3324,02,0205,235163,235163,0,0,235163,0,0,235163
budget,,3324,02,0208,227571,227571,0,0,227571,0,0,227571
budget,,3324,02,0209,14857,14857,0,0,14857,0,0,14857
budget,,3324,05,0551,740341,740341,0,0,740341,0,0,740341
budget,,3324,05,0552,253091,253091,0,0,253091,0,0,253091
budget,,3324,05,0560,314172,314172,0,0,314172,0,0,314172
budget,,3324,05,0580,163419,163419,0,0,163419,0,0,163419
budget,,3324,10,1011,124238,124238,0,0,99955,0,0,99955
budget,,3324,10,1012,30374,30374,0,0,30374,0,0,30374
budget,,3324,10,1013,12673,12673,0,0,12673,0,0,12673
budget,,3324,10,1014,42434,42434,0,0,42434,0,0,42434
budget,,3324,10,1015,194179,194179,0,0,186321,0,0,186321
budget,,3324,10,1016,73182,73182,0,0,73182,0,0,73182
budget,,3324,10,1020,513264,513264,0,0,513264,0,0,513264
budget,,3324,10,1030,185524,185524,0,0,185524,0,0,185524
budget,,3324,10,1051,3251,3251,0,0,3251,0,0,3251
budget,,3324,10,1052,6328,6328,0,0,6328,0,0,6328
budget,,3324,10,1062,8414,8414,0,0,8414,0,0,8414
budget,,3324,10,1069,3,3,0,0,3,0,0,3
budget,,3324,10,1092,4,4,0,0,4,0,0,4
budget,,3324,10,1098,4088,4088,0,0,0,0,0,0
budget,,3324,19,1901,210,210,0,0,210,0,0,210
budget,,3324,19,1981,99,99,0,0,99,0,0,99
budget,,3324,40,4000,134123,134123,0,0,129155,0,0,129155
budget,,3324,51,5100,375584,375584,0,0,375584,0,0,375584
budget,,3324,52,5201,131998,131998,0,0,131998,0,0,131998
budget,,3324,52,5203,151777,151777,0,0,151777,0,0,151777
budget,,3324,52,5205,10674,10674,0,0,10674,0,0,10674
budget,,3326,01,0101,14223784,14223784,0,0,14112419,0,0,14112419
budget,,3326,02,0202,74350,74350,0,0,74414,0,0,74414
budget,,3326,02,0205,331524,331524,0,0,330083,0,0,330083
budget,,3326,02,0208,227704,227704,0,0,227704,0,0,227704
budget,,3326,02,0209,35015,35015,0,0,35015,0,0,35015
budget,,3326,05,0551,1791135,1791135,0,0,1755063,0,0,1755063
budget,,3326,05,0552,481529,481529,0,0,474940,0,0,474940
budget,,3326,05,0560,725869,725869,0,0,712101,0,0,712101
budget,,3326,05,0580,255172,255172,0,0,248592,0,0,248592
budget,,3326,10,1011,3215,3215,0,0,3215,0,0,3215
budget,,3326,10,1013,5385,5385,0,0,5385,0,0,5385
budget,,3326,10,1014,42238,42238,0,0,40606,0,0,40606
budget,,3326,10,1015,1643733,1643733,0,0,1601066,0,0,1601066
budget,,3326,10,1016,727186,727186,0,0,657627,0,0,657627
budget,,3326,10,1020,2444928,2444928,0,0,2418475,0,0,2418475
budget,,3326,10,1030,814162,814162,0,0,814162,0,0,814162
budget,,3326,10,1051,13864,13864,0,0,9864,0,0,9864
budget,,3326,10,1052,4385,4385,0,0,2885,0,0,2885
budget,,3326,10,1062,10816,10816,0,0,9611,0,0,9611
budget,,3326,10,1091,5218,5218,0,0,0,0,0,0
budget,,3326,10,1092,1,1,0,0,1,0,0,1
budget,,3326,10,1098,153759,153759,0,0,86,0,0,86
budget,,3326,19,1981,131,131,0,0,131,0,0,131
budget,,3326,40,4000,279197,279197,0,0,256830,0,0,256830
budget,,3326,52,5201,174460,174460,0,0,174460,0,0,174460
budget,,3326,52,5203,153393,153393,0,0,153393,0,0,153393
budget,,3326,52,5205,53919,53919,0,0,53919,0,0,53919
budget,,3332,01,0101,437634,437634,0,0,437634,0,0,437634
budget,,3332,02,0205,13311,13311,0,0,13312,0,0,13312
budget,,3332,02,0209,378,378,0,0,378,0,0,378
budget,,3332,05,0551,50852,50852,0,0,50852,0,0,50852
budget,,3332,05,0552,14210,14210,0,0,14210,0,0,14210
budget,,3332,05,0560,20265,20265,0,0,20265,0,0,20265
budget,,3332,05,0580,7721,7721,0,0,7721,0,0,7721
budget,,3332,10,1013,3825,3825,0,0,3825,0,0,3825
budget,,3332,10,1015,15081,15081,0,0,15081,0,0,15081
budget,,3332,10,1016,56503,56503,0,0,56503,0,0,56503
budget,,3332,10,1020,18926,18926,0,0,18926,0,0,18926
budget,,3332,10,1030,3968,3968,0,0,3968,0,0,3968
budget,,3332,52,5203,8412,8412,0,0,8412,0,0,8412
budget,,3337,01,0101,3417223,3294666,0,122557,3261445,0,122329,3383774
budget,,3337,02,0201,83580,0,0,83580,0,0,83580,83580
budget,,3337,02,0202,1196,0,0,1196,0,0,1196,1196
budget,,3337,02,0205,89506,9823,0,79683,9823,0,79683,89506
budget,,3337,02,0208,118849,112445,0,6404,112445,0,6404,118849
budget,,3337,02,0209,17158,15418,0,1740,15418,0,1740,17158
budget,,3337,05,0551,422876,395823,0,27053,388225,0,27053,415278
budget,,3337,05,0552,102377,97037,0,5340,97037,0,5340,102377
budget,,3337,05,0560,171358,160325,0,11033,155609,0,11033,166642
budget,,3337,05,0580,76966,72436,0,4530,69265,0,4531,73796
budget,,3337,10,1013,22880,10000,12880,0,0,9880,0,9880
budget,,3337,10,1015,91740,35340,56400,0,22953,47416,0,70369
budget,,3337,10,1016,501582,20000,481582,0,1905,471582,0,473487
budget,,3337,10,1020,602114,287631,314483,0,28662,282320,0,310982
budget,,3337,10,1030,230868,30000,200868,0,876,192868,0,193744
budget,,3337,10,1051,16449,12000,4449,0,1601,1713,0,3314
budget,,3337,10,1052,3000,2000,1000,0,453,0,0,453
budget,,3337,10,1062,3194,0,3194,0,0,3000,0,3000
budget,,3337,10,1069,132,0,132,0,0,132,0,132
budget,,3337,10,1091,13000,10000,3000,0,0,0,0,0
budget,,3337,10,1098,354,354,0,0,300,0,0,300
budget,,3337,19,1901,2130,0,2130,0,0,2130,0,2130
budget,,3337,46,4600,360,0,360,0,0,360,0,360
budget,,3337,52,5201,31123,22768,8355,0,22768,8355,0,31123
budget,,3337,52,5203,13722,4650,9072,0,4650,9072,0,13722
budget,,3337,52,5205,4168,4168,0,0,4168,0,0,4168
budget,,3338,01,0101,18009119,18009119,0,0,17841614,0,0,17841614
budget,,3338,02,0205,433763,433763,0,0,431351,0,0,431351
budget,,3338,02,0208,47988,47988,0,0,51013,0,0,51013
budget,,3338,02,0209,114540,114540,0,0,114619,0,0,114619
budget,,3338,05,0551,2341519,2341519,0,0,2318034,0,0,2318034
budget,,3338,05,0552,715462,715462,0,0,705793,0,0,705793
budget,,3338,05,0560,907348,907348,0,0,897796,0,0,897796
budget,,3338,05,0580,402972,402972,0,0,398709,0,0,398709
budget,,3338,10,1011,92445,92445,0,0,92163,0,0,92163
budget,,3338,10,1012,550,550,0,0,550,0,0,550
budget,,3338,10,1013,16038,16038,0,0,15708,0,0,15708
budget,,3338,10,1014,54702,54702,0,0,53475,0,0,53475
budget,,3338,10,1015,3218128,3218128,0,0,3081143,0,0,3081143
budget,,3338,10,1016,1854424,1854424,0,0,1804618,0,0,1804618
budget,,3338,10,1020,4396964,4396964,0,0,4097551,0,0,4097551
budget,,3338,10,1030,582949,582949,0,0,552775,0,0,552775
budget,,3338,10,1051,2428,2428,0,0,2428,0,0,2428
budget,,3338,10,1062,412,412,0,0,412,0,0,412
budget,,3338,10,1091,24416,24416,0,0,9711,0,0,9711
budget,,3338,10,1098,517934,517934,0,0,433,0,0,433
budget,,3338,52,5201,88517,88517,0,0,88517,0,0,88517
budget,,3338,52,5203,64453,64453,0,0,64453,0,0,64453
budget,,3338,52,5205,44783,44783,0,0,44783,0,0,44783
budget,,3338,52,5219,15272,15272,0,0,15272,0,0,15272
budget,,3388,02,0201,8763,8763,0,0,8763,0,0,8763
budget,,3388,05,0551,1001,1001,0,0,1001,0,0,1001
budget,,3388,05,0552,377,377,0,0,377,0,0,377
budget,,3388,05,0560,421,421,0,0,421,0,0,421
budget,,3388,05,0580,245,245,0,0,245,0,0,245
budget,,3388,10,1015,5594,5594,0,0,5594,0,0,5594
budget,,3388,10,1020,19373,19352,21,0,3556,0,0,3556
budget,,3388,10,1052,430,430,0,0,430,0,0,430
budget,,3388,40,4000,3061,3061,0,0,3061,0,0,3061
budget,,3389,01,0101,992295,0,992295,0,0,762037,0,762037
budget,,3389,02,0202,34370,5155,29215,0,5155,29215,0,34370
budget,,3389,02,0205,14534,0,14534,0,0,14357,0,14357
budget,,3389,02,0208,24008,0,24008,0,0,24008,0,24008
budget,,3389,02,0209,2968,0,2968,0,0,2968,0,2968
budget,,3389,05,0551,125078,0,125078,0,0,93002,0,93002
budget,,3389,05,0552,729,0,729,0,0,729,0,729
budget,,3389,05,0560,46620,0,46620,0,0,35966,0,35966
budget,,3389,05,0580,16247,0,16247,0,0,16035,0,16035
budget,,3389,10,1013,2294,0,2294,0,0,1016,0,1016
budget,,3389,10,1014,17216597,17216597,0,0,16540879,0,0,16540879
budget,,3389,10,1015,28237,13567,14670,0,14935,13438,0,28373
budget,,3389,10,1016,8202,2270,5932,0,2270,5932,0,8202
budget,,3389,10,1020,907913,681281,226632,0,517390,217219,0,734609
budget,,3389,10,1051,27590,0,27590,0,0,27590,0,27590
budget,,3389,10,1091,3790,0,3790,0,0,0,0,0
budget,,3389,10,1098,648123,647793,330,0,33860,69,0,33929
budget,,3389,19,1901,77,0,77,0,0,77,0,77
budget,,3389,40,4000,368838,368838,0,0,358645,0,0,358645
budget,,3389,42,4219,9073349,9073349,0,0,9058493,0,0,9058493
budget,,3389,43,4301,25084,25084,0,0,22275,0,0,22275
budget,,3389,52,5201,1166,0,1166,0,0,1166,0,1166
budget,,3389,52,5202,8340,0,8340,0,0,8340,0,8340
budget,,4412,43,4302,18814760,0,18814760,0,0,18814760,0,18814760
budget,,4412,43,4309,646384,0,646384,0,0,109772,0,109772
budget,,4412,51,5100,2743963,0,2743963,0,0,1177541,0,1177541
budget,,4412,52,5203,5379852,0,5379852,0,0,554152,0,554152
budget,,4412,55,5501,22620,0,22620,0,0,22620,0,22620
budget,,4431,01,0101,37305904,30768622,0,6537282,28833910,0,6346037,35179947
budget,,4431,02,0202,2350,0,0,2350,0,0,2350,2350
budget,,4431,02,0205,926444,737497,2010,186937,463849,0,133182,597031
budget,,4431,02,0208,779064,742770,0,36294,714753,0,36294,751047
budget,,4431,02,0209,139059,117689,0,21370,117689,0,20820,138509
budget,,4431,05,0551,4800276,3972956,0,827320,3647087,0,780084,4427171
budget,,4431,05,0552,15617,15133,0,484,15133,0,484,15617
budget,,4431,05,0560,1804669,1485853,0,318816,1380381,0,307928,1688309
budget,,4431,05,0580,623702,510588,0,113114,480637,0,123473,604110
budget,,4431,10,1011,2900278,733076,2167202,0,610937,1979421,0,2590358
budget,,4431,10,1012,19123,5593,13530,0,5593,6509,0,12102
budget,,4431,10,1013,607974,23411,583163,1400,19268,493949,-40,513177
budget,,4431,10,1015,1281094,897317,383777,0,460723,334298,0,795021
budget,,4431,10,1016,1154117,781835,372282,0,667115,278082,0,945197
budget,,4431,10,1020,1334932,828120,508212,-1400,777105,358460,0,1135565
budget,,4431,10,1030,470735,351481,119254,0,258519,37149,0,295668
budget,,4431,10,1051,4665,1065,3600,0,1065,391,0,1456
budget,,4431,10,1062,35255,22215,13040,0,23759,12925,0,36684
budget,,4431,10,1091,10687,10687,0,0,0,0,0,0
budget,,4431,10,1092,4719,0,4719,0,0,4719,0,4719
budget,,4431,10,1098,230273,138761,91512,0,12473,8705,0,21178
budget,,4431,19,1901,4599,3700,899,0,3700,899,0,4599
budget,,4431,19,1981,1431,0,1431,0,0,1431,0,1431
budget,,4431,51,5100,186233,44419,141814,0,44419,141806,0,186225
budget,,4431,52,5201,25451,9393,16058,0,9393,16058,0,25451
budget,,4431,52,5202,14571827,10962745,3609082,0,3938729,613784,0,4552513
budget,,4431,52,5203,63112,39723,23389,0,39723,23389,0,63112
budget,,4431,52,5205,499045,24977,474068,0,24977,168341,0,193318
budget,,4431,52,5219,117168,34357,82811,0,34357,82811,0,117168
budget,,4437,01,0101,17785639,14725440,0,3060199,13988101,0,2905712,16893813
budget,,4437,02,0205,431082,354300,0,76782,219615,0,41756,261371
budget,,4437,02,0208,314936,314936,0,0,313489,0,0,313489
budget,,4437,02,0209,99876,81841,0,18035,81841,0,18035,99876
budget,,4437,05,0551,2382813,1952958,0,429855,1807233,0,426936,2234169
budget,,4437,05,0560,872159,716412,0,155747,658138,0,155747,813885
budget,,4437,05,0580,241873,207374,0,34499,199710,0,34499,234209
budget,,4437,10,1012,824646,824646,0,0,160887,0,0,160887
budget,,4437,10,1013,233799,233799,0,0,151111,0,0,151111
budget,,4437,10,1015,12299,12299,0,0,4098,0,0,4098
budget,,4437,10,1020,152688,152688,0,0,44833,0,0,44833
budget,,4437,10,1091,17687,17687,0,0,0,0,0,0
budget,,4437,10,1098,23649,23649,0,0,0,0,0,0
budget,,4469,01,0101,1220476,784665,0,435811,778387,0,358752,1137139
budget,,4469,02,0202,46794,21400,0,25394,21400,0,25394,46794
budget,,4469,02,0205,20202,12260,0,7942,10482,0,7942,18424
budget,,4469,02,0208,25335,237,0,25098,237,0,25098,25335
budget,,4469,02,0209,7344,5555,0,1789,5555,0,1789,7344
budget,,4469,05,0551,153459,97869,0,55590,88334,0,44511,132845
budget,,4469,05,0560,57822,38353,0,19469,36152,0,18660,54812
budget,,4469,05,0580,24768,16553,0,8215,16553,0,8215,24768
budget,,4469,10,1013,21520,12000,9520,0,9681,0,0,9681
budget,,4469,10,1014,4000,0,4000,0,0,0,0,0
budget,,4469,10,1015,75747,34216,41531,0,33281,33343,0,66624
budget,,4469,10,1016,68173,10000,58173,0,9342,58173,0,67515
budget,,4469,10,1020,1407216,1148231,258985,0,108002,94310,0,202312
budget,,4469,10,1030,1088882,2000,1086882,0,0,0,0,0
budget,,4469,10,1051,4431,2931,1500,0,2931,160,0,3091
budget,,4469,10,1062,1767,1000,767,0,298,767,0,1065
budget,,4469,10,1098,44318,5878,38440,0,0,0,0,0
budget,,4469,19,1981,4810,1300,3510,0,1234,3510,0,4744
budget,,4469,40,4000,23800,0,23800,0,0,23800,0,23800
budget,,4469,42,4219,13179621,13179621,0,0,13125978,0,0,13125978
budget,,4469,43,4309,173180,0,173180,0,0,173180,0,173180
budget,,4469,51,5100,1320468,0,1320468,0,0,584332,0,584332
budget,,4469,52,5201,4140,4140,0,0,4140,0,0,4140
budget,,4469,52,5202,447615,0,447615,0,0,13420,0,13420
budget,,4469,52,5203,1454963,0,1454963,0,0,129963,0,129963
budget,,4469,52,5205,1783,0,1783,0,0,1783,0,1783
budget,,4469,55,5501,948441,0,948441,0,0,948441,0,948441
budget,,5524,01,0101,4090371,0,4090371,0,0,4084687,0,4084687
budget,,5524,02,0205,77000,0,77000,0,0,75011,0,75011
budget,,5524,02,0208,81836,0,81836,0,0,81836,0,81836
budget,,5524,02,0209,20151,0,20151,0,0,20151,0,20151
budget,,5524,05,0551,486631,0,486631,0,0,482176,0,482176
budget,,5524,05,0560,203766,0,203766,0,0,203766,0,203766
budget,,5524,05,0580,104545,0,104545,0,0,104545,0,104545
budget,,5524,10,1011,1770000,0,1770000,0,0,1725630,0,1725630
budget,,5524,10,1012,1508,0,1508,0,0,1508,0,1508
budget,,5524,10,1013,22000,0,22000,0,0,18917,0,18917
budget,,5524,10,1015,141728,0,141728,0,0,83201,0,83201
budget,,5524,10,1016,315877,0,315877,0,0,315877,0,315877
budget,,5524,10,1020,126500,0,126500,0,0,106636,0,106636
budget,,5524,10,1051,1000,0,1000,0,0,0,0,0
budget,,5524,10,1062,22000,0,22000,0,0,16733,0,16733
budget,,5524,10,1069,1600,0,1600,0,0,1442,0,1442
budget,,5524,10,1092,51,0,51,0,0,51,0,51
budget,,5524,19,1901,16,0,16,0,0,16,0,16
budget,,5524,19,1981,3984,0,3984,0,0,3644,0,3644
budget,,5525,01,0101,1755588,0,1755588,0,0,1637879,0,1637879
budget,,5525,02,0202,197193,0,197193,0,0,162468,0,162468
budget,,5525,02,0205,46615,0,46615,0,0,46615,0,46615
budget,,5525,02,0208,17690,0,17690,0,0,17690,0,17690
budget,,5525,02,0209,11694,0,11694,0,0,11694,0,11694
budget,,5525,05,0551,231284,0,231284,0,0,196314,0,196314
budget,,5525,05,0560,88317,0,88317,0,0,82769,0,82769
budget,,5525,05,0580,45469,0,45469,0,0,45421,0,45421
budget,,5525,10,1011,1938,0,1938,0,0,1937,0,1937
budget,,5525,10,1012,375,0,375,0,0,375,0,375
budget,,5525,10,1013,10350,0,10350,0,0,0,0,0
budget,,5525,10,1015,56165,0,56165,0,0,52992,0,52992
budget,,5525,10,1016,130377,0,130377,0,0,99917,0,99917
budget,,5525,10,1020,178433,0,178433,0,0,157348,0,157348
budget,,5525,10,1030,105679,0,105679,0,0,107,0,107
budget,,5525,10,1051,2000,0,2000,0,0,20,0,20
budget,,5525,10,1062,131,0,131,0,0,131,0,131
budget,,5525,10,1091,28009,0,28009,0,0,0,0,0
budget,,5525,19,1981,427,0,427,0,0,427,0,427
budget,,5525,52,5202,163000,0,163000,0,0,131984,0,131984
budget,,5525,52,5203,3830,0,3830,0,0,3830,0,3830
budget,,5525,52,5205,1114,0,1114,0,0,1114,0,1114
budget,,5526,01,0101,733676,733676,0,0,516583,0,0,516583
budget,,5526,02,0202,17928,17928,0,0,17928,0,0,17928
budget,,5526,02,0205,13294,13294,0,0,13294,0,0,13294
budget,,5526,02,0208,78,78,0,0,78,0,0,78
budget,,5526,02,0209,5129,5129,0,0,5129,0,0,5129
budget,,5526,05,0551,89453,89453,0,0,61930,0,0,61930
budget,,5526,05,0560,35460,35460,0,0,25057,0,0,25057
budget,,5526,05,0580,17676,17676,0,0,11539,0,0,11539
budget,,5526,10,1011,14413,14413,0,0,413,0,0,413
budget,,5526,10,1012,4000,4000,0,0,0,0,0,0
budget,,5526,10,1013,5850,5850,0,0,275,0,0,275
budget,,5526,10,1015,90860,90860,0,0,22881,0,0,22881
budget,,5526,10,1016,120000,120000,0,0,24081,0,0,24081
budget,,5526,10,1020,147287,147287,0,0,30070,0,0,30070
budget,,5526,10,1030,10000,10000,0,0,0,0,0,0
budget,,5526,10,1051,2000,2000,0,0,0,0,0,0
budget,,5526,10,1062,1000,1000,0,0,0,0,0,0
budget,,5526,10,1091,10434,10434,0,0,0,0,0,0
budget,,5526,45,4500,7150718,7058210,90000,2508,6401851,54886,2508,6459245
budget,,5527,45,4500,201410,201410,0,0,201410,0,0,201410
budget,,5528,45,4500,2239977,2238723,0,1254,2196760,0,1254,2198014
budget,,5529,01,0101,157323,133323,0,24000,106854,0,20892,127746
budget,,5529,02,0201,15439,0,0,15439,0,0,15439,15439
budget,,5529,02,0202,121484,56034,0,65450,56034,0,65450,121484
budget,,5529,02,0205,3691,3059,0,632,3059,0,632,3691
budget,,5529,02,0209,460,460,0,0,460,0,0,460
budget,,5529,05,0551,24328,15805,0,8523,14949,0,8523,23472
budget,,5529,05,0560,10971,7206,0,3765,7206,0,3765,10971
budget,,5529,05,0580,3760,2643,0,1117,2319,0,1117,3436
budget,,5529,10,1011,37123,22773,0,14350,22773,0,14350,37123
budget,,5529,10,1012,251,251,0,0,251,0,0,251
budget,,5529,10,1013,552,552,0,0,552,0,0,552
budget,,5529,10,1014,543,543,0,0,543,0,0,543
budget,,5529,10,1015,8351,5483,0,2868,5483,0,2868,8351
budget,,5529,10,1016,21035,9173,0,11862,9173,0,11862,21035
budget,,5529,10,1020,8947,5827,0,3120,5827,0,3120,8947
budget,,5529,10,1030,27493,0,0,27493,0,0,27493,27493
budget,,5529,42,4202,32400,32400,0,0,10492,0,0,10492
budget,,5529,45,4500,809178,553648,255530,0,510514,252530,0,763044
budget,,5530,01,0101,5052933,4794646,0,258287,4446050,0,225597,4671647
budget,,5530,02,0202,71527,71527,0,0,71527,0,0,71527
budget,,5530,02,0205,107059,100754,0,6305,100754,0,6304,107058
budget,,5530,02,0208,41214,39882,0,1332,39882,0,1332,41214
budget,,5530,02,0209,27740,27065,0,675,27065,0,675,27740
budget,,5530,05,0551,619628,588390,0,31238,518527,0,26997,545524
budget,,5530,05,0560,240300,228001,0,12299,216969,0,11232,228201
budget,,5530,05,0580,108446,102042,0,6404,91152,0,6226,97378
budget,,5530,10,1011,467354,446299,0,21055,333597,0,21055,354652
budget,,5530,10,1012,104840,101679,0,3161,47902,0,3161,51063
budget,,5530,10,1013,74607,72142,0,2465,21659,0,0,21659
budget,,5530,10,1014,12167,12167,0,0,7839,0,0,7839
budget,,5530,10,1015,428279,417826,0,10453,351034,0,10453,361487
budget,,5530,10,1016,383843,370103,6037,7703,232370,6037,7347,245754
budget,,5530,10,1020,456619,432302,850,23467,328460,850,20383,349693
budget,,5530,10,1030,127341,127341,0,0,76225,0,0,76225
budget,,5530,10,1051,2332,2332,0,0,192,0,0,192
budget,,5530,10,1062,3694,3694,0,0,2839,0,0,2839
budget,,5530,10,1091,61491,59236,0,2255,0,0,0,0
budget,,5530,19,1901,124,124,0,0,124,0,0,124
budget,,5530,19,1981,3218,3218,0,0,3218,0,0,3218
budget,,5530,42,4202,278640,278640,0,0,109516,0,0,109516
budget,,5530,43,4309,84706,0,84706,0,0,75000,0,75000
budget,,5530,45,4500,1752156,1750902,0,1254,1720110,0,1254,1721364
budget,,5530,52,5201,3276,3276,0,0,3276,0,0,3276
budget,,5530,52,5203,1700,0,0,1700,0,0,1700,1700
budget,,5530,52,5205,2332,0,0,2332,0,0,2332,2332
budget,,5532,02,0201,622168,622168,0,0,579132,0,0,579132
budget,,5532,02,0208,85,85,0,0,85,0,0,85
budget,,5532,02,0209,1224,1224,0,0,1224,0,0,1224
budget,,5532,05,0551,71084,71084,0,0,67694,0,0,67694
budget,,5532,05,0560,29344,29344,0,0,27913,0,0,27913
budget,,5532,05,0580,17006,17006,0,0,16186,0,0,16186
budget,,5532,10,1015,220,220,0,0,0,0,0,0
budget,,5532,10,1020,2712,2712,0,0,0,0,0,0
budget,,5534,45,4500,82002,82002,0,0,67921,0,0,67921
budget,,5535,01,0101,384618,326150,0,58468,293926,0,44451,338377
budget,,5535,02,0205,11469,10353,0,1116,10353,0,1116,11469
budget,,5535,02,0209,2350,1418,0,932,1418,0,932,2350
budget,,5535,05,0551,44133,37596,0,6537,36271,0,5441,41712
budget,,5535,05,0560,18165,15586,0,2579,14905,0,2167,17072
budget,,5535,05,0580,7648,6350,0,1298,5883,0,1247,7130
budget,,5535,10,1011,38288,7934,0,30354,7934,0,30354,38288
budget,,5535,10,1012,1182,412,0,770,304,0,770,1074
budget,,5535,10,1013,4394,1290,0,3104,675,0,110,785
budget,,5535,10,1014,264,0,0,264,0,0,264,264
budget,,5535,10,1015,4774,606,0,4168,606,0,2764,3370
budget,,5535,10,1016,46774,11917,0,34857,11917,0,26136,38053
budget,,5535,10,1020,31794,5476,0,26318,5426,0,19175,24601
budget,,5535,10,1091,480,0,0,480,0,0,0,0
budget,,5535,42,4202,26582,26582,0,0,11970,0,0,11970
budget,,5538,02,0202,405434,405434,0,0,405434,0,0,405434
budget,,5538,05,0551,17754,17754,0,0,17754,0,0,17754
budget,,5538,05,0560,13119,13119,0,0,13119,0,0,13119
budget,,5538,05,0580,5233,5233,0,0,5233,0,0,5233
budget,,5538,42,4202,188685,188685,0,0,188685,0,0,188685
budget,,5540,01,0101,4737680,4737680,0,0,4542119,0,0,4542119
budget,,5540,02,0202,11196,11196,0,0,11196,0,0,11196
budget,,5540,02,0205,68828,68828,0,0,68828,0,0,68828
budget,,5540,02,0208,66519,66519,0,0,66519,0,0,66519
budget,,5540,02,0209,23505,23505,0,0,23505,0,0,23505
budget,,5540,05,0551,576117,576117,0,0,558515,0,0,558515
budget,,5540,05,0560,232683,232683,0,0,229069,0,0,229069
budget,,5540,05,0580,110115,110115,0,0,93166,0,0,93166
budget,,5540,10,1011,1998284,1998284,0,0,880524,0,0,880524
budget,,5540,10,1012,8985,8985,0,0,7563,0,0,7563
budget,,5540,10,1013,75260,75260,0,0,49095,0,0,49095
budget,,5540,10,1015,263527,259032,0,4495,133281,0,0,133281
budget,,5540,10,1016,2224129,2224129,0,0,861982,0,0,861982
budget,,5540,10,1020,810319,780080,0,30239,301683,0,0,301683
budget,,5540,10,1030,173291,173291,0,0,8509,0,0,8509
budget,,5540,10,1062,20000,20000,0,0,4218,0,0,4218
budget,,5540,10,1091,108156,108156,0,0,0,0,0,0
budget,,5540,19,1981,265,265,0,0,265,0,0,265
budget,,5540,45,4500,3692929,3691675,0,1254,3691675,0,1254,3692929
budget,,5540,51,5100,1526654,0,1526654,0,0,1450321,0,1450321
budget,,5540,52,5205,5600,0,0,5600,0,0,5600,5600
budget,,5541,01,0101,2029090,1978958,0,50132,1968662,0,39794,2008456
budget,,5541,02,0202,20575,20575,0,0,20575,0,0,20575
budget,,5541,02,0205,40608,39854,0,754,39854,0,754,40608
budget,,5541,02,0208,49626,49626,0,0,49626,0,0,49626
budget,,5541,02,0209,9874,9404,0,470,9404,0,470,9874
budget,,5541,05,0551,256898,250902,0,5996,250902,0,4742,255644
budget,,5541,05,0560,102472,99958,0,2514,99958,0,2484,102442
budget,,5541,05,0580,36763,35428,0,1335,29444,0,1069,30513
budget,,5541,10,1011,361594,349757,0,11837,291794,0,8469,300263
budget,,5541,10,1012,9208,8960,0,248,7268,0,248,7516
budget,,5541,10,1013,28592,27892,0,700,27892,0,0,27892
budget,,5541,10,1014,500,500,0,0,0,0,0,0
budget,,5541,10,1015,121780,119375,0,2405,119375,0,2405,121780
budget,,5541,10,1016,431329,375109,0,56220,328906,0,56220,385126
budget,,5541,10,1020,418787,404496,0,14291,355104,0,3806,358910
budget,,5541,10,1030,1548,0,0,1548,0,0,1548,1548
budget,,5541,10,1051,2802,2802,0,0,2802,0,0,2802
budget,,5541,10,1062,5596,5339,0,257,5339,0,257,5596
budget,,5541,10,1091,340,0,0,340,0,0,0,0
budget,,5541,19,1981,222,222,0,0,222,0,0,222
budget,,5541,45,4500,2264670,2264670,0,0,2228968,0,0,2228968
budget,,5541,52,5203,2500,0,0,2500,0,0,2309,2309
budget,,5547,01,0101,1406329,1406329,0,0,1269508,0,0,1269508
budget,,5547,02,0205,26788,26788,0,0,26788,0,0,26788
budget,,5547,02,0208,22922,22922,0,0,22922,0,0,22922
budget,,5547,02,0209,4183,4183,0,0,4183,0,0,4183
budget,,5547,05,0551,169564,169564,0,0,162943,0,0,162943
budget,,5547,05,0560,68468,68468,0,0,63068,0,0,63068
budget,,5547,05,0580,28193,28193,0,0,19034,0,0,19034
budget,,5547,10,1011,1769,1769,0,0,1769,0,0,1769
budget,,5547,10,1012,1604,1604,0,0,364,0,0,364
budget,,5547,10,1013,50269,50269,0,0,9472,0,0,9472
budget,,5547,10,1015,83229,83229,0,0,21430,0,0,21430
budget,,5547,10,1016,891779,891779,0,0,589885,0,0,589885
budget,,5547,10,1020,396117,396117,0,0,303092,0,0,303092
budget,,5547,10,1062,5950,5950,0,0,4310,0,0,4310
budget,,5547,10,1091,15014,15014,0,0,0,0,0,0
budget,,5547,19,1981,22,22,0,0,22,0,0,22
budget,,5550,01,0101,1667126,1667126,0,0,1580479,0,0,1580479
budget,,5550,02,0202,24739,24739,0,0,24739,0,0,24739
budget,,5550,02,0205,41359,41359,0,0,41359,0,0,41359
budget,,5550,02,0208,19881,19881,0,0,19881,0,0,19881
budget,,5550,02,0209,8687,8687,0,0,8687,0,0,8687
budget,,5550,05,0551,200282,200282,0,0,185922,0,0,185922
budget,,5550,05,0560,82640,82640,0,0,78947,0,0,78947
budget,,5550,05,0580,44553,44553,0,0,41898,0,0,41898
budget,,5550,10,1011,155,0,0,155,0,0,155,155
budget,,5550,10,1013,6837,6561,0,276,450,0,276,726
budget,,5550,10,1014,400,0,0,400,0,0,400,400
budget,,5550,10,1015,43241,27485,0,15756,26572,0,15756,42328
budget,,5550,10,1016,50364,43453,0,6911,37555,0,6911,44466
budget,,5550,10,1020,104725,84639,0,20086,79849,0,19456,99305
budget,,5550,10,1030,6000,6000,0,0,0,0,0,0
budget,,5550,10,1051,4767,4767,0,0,979,0,0,979
budget,,5550,10,1062,3071,2230,0,841,2230,0,555,2785
budget,,5550,10,1091,2959,2959,0,0,0,0,0,0
budget,,5550,19,1981,126,63,0,63,0,0,63,63
budget,,5550,45,4500,3666465,3666465,0,0,3284103,0,0,3284103
budget,,5551,01,0101,2369021,2369021,0,0,1927530,0,0,1927530
budget,,5551,02,0202,70904,70904,0,0,70904,0,0,70904
budget,,5551,02,0205,45178,45178,0,0,45178,0,0,45178
budget,,5551,02,0208,21070,21070,0,0,21070,0,0,21070
budget,,5551,02,0209,13958,13958,0,0,13958,0,0,13958
budget,,5551,05,0551,299940,299940,0,0,228930,0,0,228930
budget,,5551,05,0560,107838,107838,0,0,96207,0,0,96207
budget,,5551,05,0580,52817,52817,0,0,42280,0,0,42280
budget,,5551,10,1011,48967,48967,0,0,16254,0,0,16254
budget,,5551,10,1012,3019,3019,0,0,1025,0,0,1025
budget,,5551,10,1013,17519,17519,0,0,2776,0,0,2776
budget,,5551,10,1014,1000,1000,0,0,0,0,0,0
budget,,5551,10,1015,253315,252688,0,627,145734,0,627,146361
budget,,5551,10,1016,520905,520905,0,0,81938,0,0,81938
budget,,5551,10,1020,813584,813584,0,0,135624,0,0,135624
budget,,5551,10,1030,64000,64000,0,0,3156,0,0,3156
budget,,5551,10,1051,7000,7000,0,0,0,0,0,0
budget,,5551,10,1062,11830,11830,0,0,4932,0,0,4932
budget,,5551,10,1091,51130,51130,0,0,0,0,0,0
budget,,5551,19,1981,32,32,0,0,32,0,0,32
budget,,5551,45,4500,8670205,8668951,0,1254,7762892,0,1254,7764146
budget,,5551,52,5203,3171,0,0,3171,0,0,3171,3171
budget,,5551,52,5205,17783,0,0,17783,0,0,17783,17783
budget,,5554,01,0101,838272,723717,0,114555,675985,0,108847,784832
budget,,5554,02,0202,32582,32582,0,0,32582,0,0,32582
budget,,5554,02,0205,16740,13888,0,2852,13888,0,2852,16740
budget,,5554,02,0208,3276,3276,0,0,3276,0,0,3276
budget,,5554,02,0209,604,559,0,45,559,0,45,604
budget,,5554,05,0551,105703,91945,0,13758,84607,0,12426,97033
budget,,5554,05,0560,42108,37784,0,4324,35860,0,4178,40038
budget,,5554,05,0580,17441,15410,0,2031,14951,0,1670,16621
budget,,5554,10,1011,76903,49814,0,27089,40622,0,27089,67711
budget,,5554,10,1012,2027,1786,0,241,1286,0,241,1527
budget,,5554,10,1013,6695,5422,0,1273,4124,0,0,4124
budget,,5554,10,1015,30886,25857,0,5029,18858,0,5029,23887
budget,,5554,10,1016,74101,50283,0,23818,30568,0,23335,53903
budget,,5554,10,1020,52706,46302,0,6404,31972,0,6006,37978
budget,,5554,10,1030,192,192,0,0,192,0,0,192
budget,,5554,10,1051,835,835,0,0,835,0,0,835
budget,,5554,10,1062,346,346,0,0,346,0,0,346
budget,,5554,10,1091,5255,4435,0,820,0,0,0,0
budget,,5554,19,1901,558,558,0,0,558,0,0,558
budget,,5554,45,4500,222664,222664,0,0,222665,0,0,222665
budget,,5561,01,0101,1188680,1188680,0,0,819327,0,0,819327
budget,,5561,02,0201,4997617,4997617,0,0,4948897,0,0,4948897
budget,,5561,02,0202,360004,360004,0,0,360003,0,0,360003
budget,,5561,02,0205,40056,40056,0,0,40056,0,0,40056
budget,,5561,02,0208,60136,60136,0,0,60136,0,0,60136
budget,,5561,02,0209,16726,16726,0,0,16725,0,0,16725
budget,,5561,05,0551,771405,771405,0,0,708909,0,0,708909
budget,,5561,05,0560,296495,296495,0,0,289187,0,0,289187
budget,,5561,05,0580,140412,140412,0,0,144569,0,0,144569
budget,,5561,10,1011,301,301,0,0,301,0,0,301
budget,,5561,10,1012,42,42,0,0,42,0,0,42
budget,,5561,10,1013,20177,20177,0,0,1085,0,0,1085
budget,,5561,10,1014,2000,2000,0,0,0,0,0,0
budget,,5561,10,1015,400707,400707,0,0,95918,0,0,95918
budget,,5561,10,1016,20076,20076,0,0,20076,0,0,20076
budget,,5561,10,1020,12797674,12797674,0,0,248410,0,0,248410
budget,,5561,10,1030,50724,50724,0,0,50724,0,0,50724
budget,,5561,10,1051,1608,1608,0,0,108,0,0,108
budget,,5561,10,1052,153,153,0,0,153,0,0,153
budget,,5561,10,1062,3663,3663,0,0,3663,0,0,3663
budget,,5561,10,1091,6333,6333,0,0,0,0,0,0
budget,,5561,10,1098,138553,138553,0,0,0,0,0,0
budget,,5561,52,5201,4552,4552,0,0,4552,0,0,4552
budget,,5561,52,5203,2810,2810,0,0,2810,0,0,2810
budget,,5561,53,5301,7736,7736,0,0,7736,0,0,7736
budget,,5562,02,0201,94565153,94565153,0,0,94414023,0,0,94414023
budget,,5562,02,0202,1049868,1049868,0,0,1049867,0,0,1049867
budget,,5562,02,0205,865,865,0,0,865,0,0,865
budget,,5562,02,0208,997494,299548,0,697946,270410,0,688212,958622
budget,,5562,02,0209,71757,71757,0,0,71472,0,0,71472
budget,,5562,05,0551,11667080,11667080,0,0,11664355,0,0,11664355
budget,,5562,05,0560,4565818,4565818,0,0,4565814,0,0,4565814
budget,,5562,05,0580,1693381,1693381,0,0,1693373,0,0,1693373
budget,,5562,10,1011,1000,1000,0,0,384,0,0,384
budget,,5562,10,1013,480,480,0,0,480,0,0,480
budget,,5562,10,1015,210858,210858,0,0,126920,0,0,126920
budget,,5562,10,1016,14988,14988,0,0,14988,0,0,14988
budget,,5562,10,1020,568481,568481,0,0,116394,0,0,116394
budget,,5562,10,1098,7455,7455,0,0,0,0,0,0
budget,,5562,19,1901,37,37,0,0,37,0,0,37
budget,,5562,52,5201,29433,29433,0,0,29433,0,0,29433
budget,,5562,52,5203,9252,9252,0,0,9252,0,0,9252
budget,,5562,52,5205,2132,2132,0,0,2132,0,0,2132
budget,,5589,01,0101,943706,0,943706,0,0,689556,0,689556
budget,,5589,02,0201,3725,3725,0,0,3507,0,0,3507
budget,,5589,02,0202,6483819,0,6483819,0,0,6418113,0,6418113
budget,,5589,02,0205,16642,0,16642,0,0,16642,0,16642
budget,,5589,02,0208,4342,0,4342,0,0,4342,0,4342
budget,,5589,02,0209,6062,0,6062,0,0,6062,0,6062
budget,,5589,05,0551,385754,434,385320,0,434,225392,0,225826
budget,,5589,05,0560,200032,179,199853,0,179,130285,0,130464
budget,,5589,05,0580,71213,105,71108,0,105,66732,0,66837
budget,,5589,10,1011,244774,0,244774,0,0,117883,0,117883
budget,,5589,10,1013,9525,0,9525,0,0,0,0,0
budget,,5589,10,1014,6250,0,6250,0,0,0,0,0
budget,,5589,10,1015,196885,0,196885,0,0,59560,0,59560
budget,,5589,10,1016,159082,0,159082,0,0,159082,0,159082
budget,,5589,10,1020,2236485,0,2236485,0,0,1323177,0,1323177
budget,,5589,10,1030,2618913,1513462,105451,1000000,481164,100005,0,581169
budget,,5589,10,1051,3520,0,3520,0,0,360,0,360
budget,,5589,10,1052,5000,0,5000,0,0,0,0,0
budget,,5589,10,1062,11000,0,11000,0,0,3905,0,3905
budget,,5589,10,1091,9472,0,9472,0,0,0,0,0
budget,,5589,19,1901,3058,0,3058,0,0,3058,0,3058
budget,,5589,19,1981,74835,0,74835,0,0,74835,0,74835
budget,,5589,42,4219,92209890,92209890,0,0,86887514,0,0,86887514
budget,,5589,51,5100,254814,254814,0,0,0,0,0,0
budget,,5589,52,5203,1052153,0,1052153,0,0,40642,0,40642
budget,,5589,52,5204,80859,0,80859,0,0,71718,0,71718
budget,,6601,01,0101,776018,0,776018,0,0,679038,0,679038
budget,,6601,02,0202,1000,0,1000,0,0,1000,0,1000
budget,,6601,02,0205,18147,0,18147,0,0,16235,0,16235
budget,,6601,02,0208,6384,0,6384,0,0,6384,0,6384
budget,,6601,02,0209,5839,0,5839,0,0,5839,0,5839
budget,,6601,05,0551,101518,0,101518,0,0,85996,0,85996
budget,,6601,05,0560,41189,0,41189,0,0,37223,0,37223
budget,,6601,05,0580,16061,0,16061,0,0,16061,0,16061
budget,,6601,10,1013,4896,0,4896,0,0,2729,0,2729
budget,,6601,10,1015,23850,0,23850,0,0,19740,0,19740
budget,,6601,10,1016,28106,0,28106,0,0,27797,0,27797
budget,,6601,10,1020,1929536,0,1929536,0,0,907749,0,907749
budget,,6601,10,1091,6081,0,6081,0,0,0,0,0
budget,,6601,52,5203,1510,0,1510,0,0,1510,0,1510
budget,,6603,10,1015,31018,0,31018,0,0,-1492,0,-1492
budget,,6603,10,1016,415803,0,415803,0,0,287558,0,287558
budget,,6603,10,1020,3683671,0,3683671,0,0,3515650,0,3515650
budget,,6603,10,1030,427828,0,427828,0,0,388008,0,388008
budget,,6603,19,1901,650,0,650,0,0,-15286953,0,-15286953
budget,,6603,51,5100,59999,0,59999,0,0,59999,0,59999
budget,,6603,52,5206,38392270,0,38392270,0,0,27003033,0,27003033
budget,,6604,02,0202,41275,0,41275,0,0,41275,0,41275
budget,,6604,10,1016,12246181,0,12246181,0,0,11973135,0,11973135
budget,,6604,10,1020,15077656,0,15077656,0,0,15023377,0,15023377
budget,,6604,10,1030,1058301,0,1058301,0,0,966807,0,966807
budget,,6604,51,5100,1638431,0,1638431,0,0,1588087,0,1588087
budget,,6604,52,5206,2180656,0,2180656,0,0,1957096,0,1957096
budget,,6605,01,0101,36999,0,36999,0,0,36990,0,36990
budget,,6605,02,0205,980,0,980,0,0,980,0,980
budget,,6605,02,0209,102,0,102,0,0,102,0,102
budget,,6605,05,0551,4682,0,4682,0,0,4671,0,4671
budget,,6605,05,0560,1854,0,1854,0,0,1854,0,1854
budget,,6605,05,0580,625,0,625,0,0,625,0,625
budget,,6605,10,1016,35598,0,35598,0,0,35592,0,35592
budget,,6605,10,1020,517779,0,517779,0,0,112398,0,112398
budget,,6606,01,0101,442,0,442,0,0,442,0,442
budget,,6606,01,0102,99236,0,99236,0,0,99236,0,99236
budget,,6606,02,0202,5050,0,5050,0,0,5050,0,5050
budget,,6606,05,0551,5705,0,5705,0,0,5705,0,5705
budget,,6606,05,0560,2017,0,2017,0,0,2017,0,2017
budget,,6606,05,0580,1742,0,1742,0,0,1742,0,1742
budget,,6606,10,1015,11480,0,11480,0,0,11480,0,11480
budget,,6606,10,1016,287860,0,287860,0,0,248201,0,248201
budget,,6606,10,1020,7328452,0,7328452,0,0,7125836,0,7125836
budget,,6606,10,1030,57960830,0,57960830,0,0,56856372,0,56856372
budget,,6606,19,1901,95740,0,95740,0,0,220,0,220
budget,,6606,51,5100,76956490,0,76956490,0,0,61461452,0,61461452
budget,,6606,52,5201,2624830,0,2624830,0,0,2624830,0,2624830
budget,,6606,52,5206,56693858,0,56693858,0,0,45526076,0,45526076
budget,,6619,01,0101,3742618,0,3742618,0,0,3596931,0,3596931
budget,,6619,02,0202,41657,0,41657,0,0,26904,0,26904
budget,,6619,02,0205,73037,0,73037,0,0,72091,0,72091
budget,,6619,02,0208,46927,0,46927,0,0,46072,0,46072
budget,,6619,02,0209,18115,0,18115,0,0,18215,0,18215
budget,,6619,05,0551,474949,0,474949,0,0,384998,0,384998
budget,,6619,05,0560,184986,0,184986,0,0,161025,0,161025
budget,,6619,05,0580,77815,0,77815,0,0,77612,0,77612
budget,,6619,10,1013,8166,0,8166,0,0,1008,0,1008
budget,,6619,10,1015,148949,0,148949,0,0,136633,0,136633
budget,,6619,10,1016,168781,0,168781,0,0,167119,0,167119
budget,,6619,10,1020,3105694,0,3105694,0,0,1010097,0,1010097
budget,,6619,10,1030,1370393,0,1370393,0,0,737998,0,737998
budget,,6619,10,1051,12964,0,12964,0,0,2560,0,2560
budget,,6619,10,1052,17795,0,17795,0,0,8795,0,8795
budget,,6619,10,1062,7201,0,7201,0,0,1538,0,1538
budget,,6619,10,1091,59845,0,59845,0,0,11524,0,11524
budget,,6619,19,1901,17490,0,17490,0,0,17263,0,17263
budget,,6619,19,1981,712,0,712,0,0,955,0,955
budget,,6619,46,4600,8224,0,8224,0,0,8224,0,8224
budget,,6619,51,5100,1635498,0,1635498,0,0,1196673,0,1196673
budget,,6619,52,5201,8415,0,8415,0,0,8415,0,8415
budget,,6619,52,5203,999,0,999,0,0,999,0,999
budget,,6619,52,5205,8981,0,8981,0,0,8981,0,8981
budget,,6619,52,5206,971504,0,971504,0,0,631579,0,631579
budget,,6619,53,5301,25664,0,25664,0,0,25664,0,25664
budget,,6619,55,5504,16178004,0,16178004,0,0,854970,0,854970
budget,,6621,02,0202,5550,0,5550,0,0,5550,0,5550
budget,,6621,10,1011,1065,0,1065,0,0,1065,0,1065
budget,,6621,10,1015,1627,0,1627,0,0,1627,0,1627
budget,,6621,10,1020,3822957,0,3822957,0,0,2611801,0,2611801
budget,,6621,10,1030,172036,0,172036,0,0,170995,0,170995
budget,,6621,10,1062,7215,0,7215,0,0,1575,0,1575
budget,,6621,19,1901,50,0,50,0,0,50,0,50
budget,,6621,51,5100,101568,0,101568,0,0,101568,0,101568
budget,,6621,52,5203,3882304,0,3882304,0,0,0,0,0
budget,,6621,52,5206,198432,0,198432,0,0,0,0,0
budget,,6622,01,0101,3343984,0,3343984,0,0,3106467,0,3106467
budget,,6622,02,0201,97036,0,97036,0,0,97036,0,97036
budget,,6622,02,0202,40588,0,40588,0,0,8311,0,8311
budget,,6622,02,0205,49183,0,49183,0,0,49183,0,49183
budget,,6622,02,0208,56000,0,56000,0,0,53194,0,53194
budget,,6622,02,0209,8145,0,8145,0,0,8145,0,8145
budget,,6622,05,0551,518661,0,518661,0,0,405562,0,405562
budget,,6622,05,0560,193683,0,193683,0,0,157494,0,157494
budget,,6622,05,0580,66262,0,66262,0,0,66262,0,66262
budget,,6622,10,1012,1850,0,1850,0,0,1850,0,1850
budget,,6622,10,1013,21788,0,21788,0,0,21788,0,21788
budget,,6622,10,1015,1084870,0,1084870,0,0,955671,0,955671
budget,,6622,10,1016,851405,0,851405,0,0,510473,0,510473
budget,,6622,10,1020,28120039,0,28120039,0,0,27613749,0,27613749
budget,,6622,10,1030,698243,0,698243,0,0,737636,0,737636
budget,,6622,10,1051,291,0,291,0,0,291,0,291
budget,,6622,10,1052,4200,0,4200,0,0,4086,0,4086
budget,,6622,10,1062,15404,0,15404,0,0,15404,0,15404
budget,,6622,10,1092,1000,0,1000,0,0,1,0,1
budget,,6622,19,1901,31994,0,31994,0,0,31071,0,31071
budget,,6622,19,1981,1400,0,1400,0,0,977,0,977
budget,,6622,51,5100,1669350,0,1669350,0,0,1145682,0,1145682
budget,,6622,52,5203,433122,0,433122,0,0,431189,0,431189
budget,,6622,52,5204,697827,0,697827,0,0,697827,0,697827
budget,,6622,52,5205,26504,0,26504,0,0,26504,0,26504
budget,,6622,52,5206,10613530,0,10613530,0,0,8117945,0,8117945
budget,,6622,52,5219,129532,0,129532,0,0,81862,0,81862
budget,,6623,01,0101,11099739,0,11099739,0,0,10991155,0,10991155
budget,,6623,02,0202,2442576,0,2442576,0,0,2419727,0,2419727
budget,,6623,02,0205,245635,0,245635,0,0,242726,0,242726
budget,,6623,02,0208,329123,0,329123,0,0,329439,0,329439
budget,,6623,02,0209,64329,0,64329,0,0,64329,0,64329
budget,,6623,05,0551,1479709,0,1479709,0,0,1399513,0,1399513
budget,,6623,05,0560,598755,0,598755,0,0,585205,0,585205
budget,,6623,05,0580,292402,0,292402,0,0,292402,0,292402
budget,,6623,10,1011,20173,0,20173,0,0,12293,0,12293
budget,,6623,10,1012,220,0,220,0,0,220,0,220
budget,,6623,10,1013,159005,0,159005,0,0,110375,0,110375
budget,,6623,10,1015,895101,0,895101,0,0,830207,0,830207
budget,,6623,10,1016,481809,0,481809,0,0,467823,0,467823
budget,,6623,10,1020,158151394,0,158151394,0,0,143177519,0,143177519
budget,,6623,10,1030,572623,0,572623,0,0,557147,0,557147
budget,,6623,10,1051,8020,0,8020,0,0,834,0,834
budget,,6623,10,1052,14222,0,14222,0,0,13857,0,13857
budget,,6623,10,1062,77669,0,77669,0,0,68205,0,68205
budget,,6623,10,1091,4786,0,4786,0,0,0,0,0
budget,,6623,10,1092,50089,0,50089,0,0,21576,0,21576
budget,,6623,19,1901,2100,0,2100,0,0,526,0,526
budget,,6623,19,1981,7677,0,7677,0,0,6455,0,6455
budget,,6623,19,1991,0,0,0,0,0,6,0,6
budget,,6623,51,5100,75645,0,75645,0,0,75645,0,75645
budget,,6623,52,5201,32993,0,32993,0,0,32993,0,32993
budget,,6623,52,5203,1286007,0,1286007,0,0,233631,0,233631
budget,,6623,52,5204,349719,0,349719,0,0,349719,0,349719
budget,,6623,52,5205,4095,0,4095,0,0,4095,0,4095
budget,,6623,52,5206,39282,0,39282,0,0,39282,0,39282
budget,,6623,53,5301,20638,0,20638,0,0,20638,0,20638
budget,,6627,01,0101,10423042,0,10423042,0,0,10290062,0,10290062
budget,,6627,02,0202,72042,0,72042,0,0,72042,0,72042
budget,,6627,02,0205,173240,0,173240,0,0,173240,0,173240
budget,,6627,02,0208,353528,0,353528,0,0,353528,0,353528
budget,,6627,02,0209,57830,0,57830,0,0,57830,0,57830
budget,,6627,05,0551,1251994,0,1251994,0,0,1144167,0,1144167
budget,,6627,05,0560,512114,0,512114,0,0,456278,0,456278
budget,,6627,05,0580,295021,0,295021,0,0,295021,0,295021
budget,,6627,10,1011,281413,0,281413,0,0,281412,0,281412
budget,,6627,10,1012,4500,0,4500,0,0,1746,0,1746
budget,,6627,10,1013,138372,0,138372,0,0,110832,0,110832
budget,,6627,10,1014,4500,0,4500,0,0,0,0,0
budget,,6627,10,1015,4495976,0,4495976,0,0,4415746,0,4415746
budget,,6627,10,1016,6818401,0,6818401,0,0,6809440,0,6809440
budget,,6627,10,1020,21569403,0,21569403,0,0,18179776,0,18179776
budget,,6627,10,1030,1148603,0,1148603,0,0,1105209,0,1105209
budget,,6627,10,1051,3614,0,3614,0,0,2273,0,2273
budget,,6627,10,1052,7972,0,7972,0,0,3972,0,3972
budget,,6627,10,1062,1141135,0,1141135,0,0,1037946,0,1037946
budget,,6627,10,1069,2401,0,2401,0,0,2401,0,2401
budget,,6627,10,1091,40278,0,40278,0,0,0,0,0
budget,,6627,10,1098,240,0,240,0,0,240,0,240
budget,,6627,19,1901,5240,0,5240,0,0,4181,0,4181
budget,,6627,19,1981,4261,0,4261,0,0,4017,0,4017
budget,,6627,46,4600,220,0,220,0,0,220,0,220
budget,,6627,52,5201,13640,0,13640,0,0,13640,0,13640
budget,,6627,52,5203,9698911,0,9698911,0,0,6488659,0,6488659
budget,,6627,52,5204,3601530,0,3601530,0,0,2768953,0,2768953
budget,,6627,52,5205,24499,0,24499,0,0,24499,0,24499
budget,,6627,52,5206,23538567,0,23538567,0,0,2917834,0,2917834
budget,,6627,52,5219,1808520,0,1808520,0,0,212520,0,212520
budget,,6627,53,5301,91920,0,91920,0,0,57120,0,57120
budget,,6629,10,1015,207177,0,207177,0,0,106149,0,106149
budget,,6629,10,1020,4895488,0,4895488,0,0,4343017,0,4343017
budget,,6629,19,1901,50000,0,50000,0,0,22350,0,22350
budget,,6629,52,5202,287290,0,287290,0,0,219721,0,219721
budget,,6629,52,5206,129442,0,129442,0,0,129442,0,129442
budget,,6629,53,5309,1077738,0,1077738,0,0,690831,0,690831
budget,,6629,54,5400,17521344,0,17521344,0,0,13378815,0,13378815
budget,,7701,01,0101,534709,0,534709,0,0,533352,0,533352
budget,,7701,02,0202,135000,0,135000,0,0,71224,0,71224
budget,,7701,02,0205,19000,0,19000,0,0,17012,0,17012
budget,,7701,02,0208,18000,0,18000,0,0,10309,0,10309
budget,,7701,02,0209,8000,0,8000,0,0,4733,0,4733
budget,,7701,05,0551,88430,0,88430,0,0,62996,0,62996
budget,,7701,05,0560,25665,0,25665,0,0,25283,0,25283
budget,,7701,05,0580,16085,0,16085,0,0,16085,0,16085
budget,,7701,10,1015,74774,0,74774,0,0,74774,0,74774
budget,,7701,10,1016,26264,0,26264,0,0,21897,0,21897
budget,,7701,10,1020,427692,0,427692,0,0,427509,0,427509
budget,,7701,10,1030,22395,0,22395,0,0,22395,0,22395
budget,,7701,10,1051,1080,0,1080,0,0,1080,0,1080
budget,,7701,10,1052,46484,0,46484,0,0,46484,0,46484
budget,,7701,10,1062,3571,0,3571,0,0,3571,0,3571
budget,,7701,10,1098,1023,0,1023,0,0,1023,0,1023
budget,,7701,19,1901,2530,0,2530,0,0,2530,0,2530
budget,,7701,19,1981,1193,0,1193,0,0,1193,0,1193
budget,,7701,52,5201,12969,0,12969,0,0,12969,0,12969
budget,,7701,52,5203,4048,0,4048,0,0,4048,0,4048
budget,,7701,52,5205,7560,0,7560,0,0,7560,0,7560
budget,,7713,10,1014,3901,3901,0,0,3901,0,0,3901
budget,,7713,10,1015,725818,725818,0,0,744169,0,0,744169
budget,,7713,10,1020,443101,443101,0,0,414748,0,0,414748
budget,,7713,10,1062,13013,13013,0,0,13014,0,0,13014
budget,,7713,10,1098,7269,7269,0,0,0,0,0,0
budget,,7713,43,4301,80040,80040,0,0,46240,0,0,46240
budget,,7713,45,4500,670,670,0,0,0,0,0,0
budget,,7713,52,5203,44709,44709,0,0,44709,0,0,44709
budget,,7713,52,5205,43439,43439,0,0,43439,0,0,43439
budget,,7714,01,0101,290200,0,290200,0,0,231027,0,231027
budget,,7714,02,0201,1665,0,1665,0,0,1655,0,1655
budget,,7714,02,0202,169260,0,169260,0,0,169259,0,169259
budget,,7714,02,0205,3722,0,3722,0,0,3224,0,3224
budget,,7714,02,0208,2298,0,2298,0,0,2298,0,2298
budget,,7714,02,0209,1248,0,1248,0,0,1248,0,1248
budget,,7714,05,0551,42222,0,42222,0,0,37532,0,37532
budget,,7714,05,0560,17298,0,17298,0,0,15467,0,15467
budget,,7714,05,0580,7250,0,7250,0,0,6813,0,6813
budget,,7714,10,1011,15172,0,15172,0,0,15172,0,15172
budget,,7714,10,1012,41,0,41,0,0,41,0,41
budget,,7714,10,1013,3205,0,3205,0,0,1556,0,1556
budget,,7714,10,1014,4477,0,4477,0,0,4477,0,4477
budget,,7714,10,1015,283070,0,283070,0,0,293528,0,293528
budget,,7714,10,1016,653,0,653,0,0,653,0,653
budget,,7714,10,1020,3342399,-440,3342839,0,0,2926137,0,2926137
budget,,7714,10,1030,11495,0,11495,0,0,11495,0,11495
budget,,7714,10,1051,3311,440,2871,0,0,3311,0,3311
budget,,7714,10,1062,16,0,16,0,0,16,0,16
budget,,7714,10,1091,2525,0,2525,0,0,0,0,0
budget,,7714,40,4000,42350,0,42350,0,0,42280,0,42280
budget,,7714,42,4219,320,0,320,0,0,320,0,320
budget,,7714,43,4301,5580,0,5580,0,0,4020,0,4020
budget,,7714,45,4500,1730605,0,1730605,0,0,1730605,0,1730605
budget,,7714,51,5100,2605283,0,2605283,0,0,1394173,0,1394173
budget,,7714,52,5201,629,0,629,0,0,629,0,629
budget,,7714,52,5203,5193,0,5193,0,0,5193,0,5193
budget,,7714,52,5205,1008,0,1008,0,0,1008,0,1008
budget,,7714,52,5206,952292,0,952292,0,0,745187,0,745187
budget,,7714,52,5219,362661,0,362661,0,0,96003,0,96003
budget,,7735,01,0101,6938033,0,6938033,0,0,6896781,0,6896781
budget,,7735,01,0102,28547,0,28547,0,0,28547,0,28547
budget,,7735,02,0201,307050,0,307050,0,0,285181,0,285181
budget,,7735,02,0202,875604,22125,853479,0,15750,853382,0,869132
budget,,7735,02,0205,235629,0,235629,0,0,230564,0,230564
budget,,7735,02,0208,134871,0,134871,0,0,134871,0,134871
budget,,7735,02,0209,15651,0,15651,0,0,15548,0,15548
budget,,7735,05,0551,839266,0,839266,0,0,832299,0,832299
budget,,7735,05,0560,343424,0,343424,0,0,342296,0,342296
budget,,7735,05,0580,169977,0,169977,0,0,168972,0,168972
budget,,7735,10,1012,472,0,472,0,0,472,0,472
budget,,7735,10,1013,9288,0,9288,0,0,8223,0,8223
budget,,7735,10,1014,800,0,800,0,0,584,0,584
budget,,7735,10,1015,305794,2633,303161,0,3456,303116,0,306572
budget,,7735,10,1016,121483,0,121483,0,0,120597,0,120597
budget,,7735,10,1020,1458408,103341,1355067,0,60131,1369036,0,1429167
budget,,7735,10,1030,23000,0,23000,0,0,22634,0,22634
budget,,7735,10,1051,43790,0,43790,0,0,43438,0,43438
budget,,7735,10,1052,10919,0,10919,0,0,4943,0,4943
budget,,7735,10,1062,49036,0,49036,0,0,48969,0,48969
budget,,7735,10,1069,1957,0,1957,0,0,1957,0,1957
budget,,7735,10,1091,2287,0,2287,0,0,1150,0,1150
budget,,7735,10,1092,131,0,131,0,0,131,0,131
budget,,7735,19,1901,974,0,974,0,0,403,0,403
budget,,7735,19,1981,1652,0,1652,0,0,1436,0,1436
budget,,7735,51,5100,750414,0,750414,0,0,502733,0,502733
budget,,7735,52,5201,13115,0,13115,0,0,13115,0,13115
budget,,7735,52,5203,7982353,17708,7964645,0,17708,50052,0,67760
budget,,7735,52,5205,4464,0,4464,0,0,4464,0,4464
budget,,7735,53,5301,3787,0,3787,0,0,3787,0,3787
budget,,7738,10,1030,512390,0,0,512390,0,0,256132,256132
budget,,7738,45,4500,11970170,11970170,0,0,11960379,0,0,11960379
budget,,7738,51,5100,1614536,0,0,1614536,0,0,907301,907301
budget,,7739,01,0101,3873307,3492447,0,380860,3492447,0,380860,3873307
budget,,7739,02,0201,24336,0,0,24336,0,0,24336,24336
budget,,7739,02,0202,439616,211457,0,228159,211457,0,228159,439616
budget,,7739,02,0205,58246,31932,0,26314,31932,0,26314,58246
budget,,7739,02,0208,42094,20997,0,21097,20997,0,21097,42094
budget,,7739,02,0209,4221,2833,0,1388,2833,0,1388,4221
budget,,7739,05,0551,450587,359323,0,91264,359323,0,91264,450587
budget,,7739,05,0560,177284,154865,0,22419,154865,0,22419,177284
budget,,7739,05,0580,82097,74167,0,7930,74167,0,7930,82097
budget,,7739,10,1013,22050,22050,0,0,22050,0,0,22050
budget,,7739,10,1015,294985,110514,0,184471,110514,0,184471,294985
budget,,7739,10,1016,257484,65116,0,192368,65116,0,192368,257484
budget,,7739,10,1020,2165430,1261471,0,903959,765549,0,903959,1669508
budget,,7739,10,1030,14180,0,0,14180,0,0,11177,11177
budget,,7739,10,1051,7233,1182,0,6051,1182,0,6051,7233
budget,,7739,10,1052,32517,11498,0,21019,11498,0,21019,32517
budget,,7739,10,1062,8417,0,0,8417,0,0,8417,8417
budget,,7739,10,1092,400,400,0,0,400,0,0,400
budget,,7739,52,5201,9215,9215,0,0,9215,0,0,9215
budget,,7739,52,5203,27538,17558,0,9980,17558,0,9980,27538
budget,,7739,52,5219,103210,2210,0,101000,2210,0,101000,103210
budget,,7739,53,5301,14159,14159,0,0,14269,0,0,14269
budget,,7740,01,0101,1248669,0,1248669,0,0,1231641,0,1231641
budget,,7740,02,0201,93918,0,93918,0,0,93107,0,93107
budget,,7740,02,0202,117314,0,117314,0,0,117314,0,117314
budget,,7740,02,0205,44290,0,44290,0,0,44290,0,44290
budget,,7740,02,0208,59007,0,59007,0,0,59007,0,59007
budget,,7740,02,0209,45240,0,45240,0,0,45240,0,45240
budget,,7740,05,0551,178366,0,178366,0,0,157017,0,157017
budget,,7740,05,0560,75901,0,75901,0,0,68695,0,68695
budget,,7740,05,0580,30863,0,30863,0,0,30863,0,30863
budget,,7740,10,1013,28000,0,28000,0,0,0,0,0
budget,,7740,10,1014,8000,0,8000,0,0,289,0,289
budget,,7740,10,1015,83844,0,83844,0,0,83844,0,83844
budget,,7740,10,1016,240000,0,240000,0,0,193381,0,193381
budget,,7740,10,1020,939171,0,939171,0,0,643866,0,643866
budget,,7740,10,1030,30000,0,30000,0,0,25565,0,25565
budget,,7740,10,1051,5727,0,5727,0,0,5727,0,5727
budget,,7740,10,1052,4000,0,4000,0,0,510,0,510
budget,,7740,10,1062,59453,0,59453,0,0,59453,0,59453
budget,,7740,10,1069,11132,0,11132,0,0,11132,0,11132
budget,,7740,10,1098,5147,0,5147,0,0,0,0,0
budget,,7740,19,1901,1328,0,1328,0,0,1328,0,1328
budget,,7740,51,5100,276776,0,276776,0,0,246774,0,246774
budget,,7740,52,5201,19803,0,19803,0,0,19803,0,19803
budget,,7740,52,5203,2869,0,2869,0,0,2869,0,2869
budget,,7740,52,5205,7035,0,7035,0,0,7035,0,7035
budget,,7745,01,0101,4302242,0,4302242,0,0,4290274,0,4290274
budget,,7745,02,0201,1391,0,1391,0,0,1391,0,1391
budget,,7745,02,0202,151722,0,151722,0,0,151722,0,151722
budget,,7745,02,0205,76907,0,76907,0,0,76907,0,76907
budget,,7745,02,0208,327724,0,327724,0,0,327724,0,327724
budget,,7745,02,0209,15423,0,15423,0,0,15423,0,15423
budget,,7745,05,0551,552875,0,552875,0,0,509681,0,509681
budget,,7745,05,0560,217856,0,217856,0,0,217621,0,217621
budget,,7745,05,0580,109301,0,109301,0,0,109301,0,109301
budget,,7745,10,1013,7562,0,7562,0,0,6879,0,6879
budget,,7745,10,1015,271399,0,271399,0,0,271399,0,271399
budget,,7745,10,1016,339257,0,339257,0,0,337868,0,337868
budget,,7745,10,1020,2958367,0,2958367,0,0,2948657,0,2948657
budget,,7745,10,1030,134139,0,134139,0,0,134139,0,134139
budget,,7745,10,1051,3562,0,3562,0,0,3562,0,3562
budget,,7745,10,1062,27056,0,27056,0,0,27056,0,27056
budget,,7745,10,1091,13392,0,13392,0,0,12856,0,12856
budget,,7745,10,1092,12104,0,12104,0,0,12104,0,12104
budget,,7745,19,1901,30344,0,30344,0,0,30344,0,30344
budget,,7745,19,1981,2330,0,2330,0,0,2330,0,2330
budget,,7745,42,4214,40000,0,40000,0,0,27412,0,27412
budget,,7745,46,4600,500,0,500,0,0,467,0,467
budget,,7745,52,5201,2993,0,2993,0,0,2993,0,2993
budget,,7745,52,5203,2153,0,2153,0,0,2153,0,2153
budget,,7745,52,5206,298624,0,298624,0,0,0,0,0
budget,,7745,52,5219,227063,0,227063,0,0,43601,0,43601
budget,,7745,53,5301,113928,0,113928,0,0,113928,0,113928
budget,,7746,01,0101,1466004,0,1466004,0,0,1466004,0,1466004
budget,,7746,02,0202,25390,0,25390,0,0,25390,0,25390
budget,,7746,02,0205,32877,0,32877,0,0,32877,0,32877
budget,,7746,02,0208,7531,0,7531,0,0,7531,0,7531
budget,,7746,02,0209,8893,0,8893,0,0,8893,0,8893
budget,,7746,05,0551,199231,0,199231,0,0,199231,0,199231
budget,,7746,05,0560,82539,0,82539,0,0,82539,0,82539
budget,,7746,05,0580,36322,0,36322,0,0,36322,0,36322
budget,,7746,10,1011,960922,0,960922,0,0,960922,0,960922
budget,,7746,10,1012,24899,0,24899,0,0,24899,0,24899
budget,,7746,10,1013,539,0,539,0,0,539,0,539
budget,,7746,10,1014,1460,0,1460,0,0,1460,0,1460
budget,,7746,10,1015,21366,0,21366,0,0,106905,0,106905
budget,,7746,10,1016,849774,0,849774,0,0,798472,0,798472
budget,,7746,10,1020,540294,0,540294,0,0,540295,0,540295
budget,,7746,10,1030,69739,0,69739,0,0,69739,0,69739
budget,,7746,10,1051,5000,0,5000,0,0,990,0,990
budget,,7746,10,1052,25000,0,25000,0,0,16495,0,16495
budget,,7746,10,1062,32160,0,32160,0,0,29311,0,29311
budget,,7746,10,1069,300,0,300,0,0,63,0,63
budget,,7746,10,1098,1138,0,1138,0,0,547,0,547
budget,,7746,19,1901,400,0,400,0,0,393,0,393
budget,,7746,19,1981,200,0,200,0,0,134,0,134
budget,,7746,46,4600,44000,0,44000,0,0,24237,0,24237
budget,,7746,51,5100,651356,0,651356,0,0,304304,0,304304
budget,,7746,52,5201,1598,0,1598,0,0,1598,0,1598
budget,,7746,52,5203,138497,0,138497,0,0,138496,0,138496
budget,,7746,52,5205,11832,0,11832,0,0,11832,0,11832
budget,,7751,01,0101,2746152,2746152,0,0,2746152,0,0,2746152
budget,,7751,02,0201,93910,93910,0,0,93910,0,0,93910
budget,,7751,02,0202,80348,80348,0,0,73994,0,0,73994
budget,,7751,02,0205,30875,30875,0,0,31763,0,0,31763
budget,,7751,02,0208,89800,89800,0,0,110637,0,0,110637
budget,,7751,02,0209,16070,16070,0,0,15274,0,0,15274
budget,,7751,05,0551,426760,426760,0,0,347699,0,0,347699
budget,,7751,05,0560,108960,108960,0,0,141999,0,0,141999
budget,,7751,05,0580,63560,63560,0,0,69012,0,0,69012
budget,,7751,10,1014,107528,79528,0,28000,68996,0,28000,96996
budget,,7751,10,1015,133219,111219,0,22000,164620,0,22000,186620
budget,,7751,10,1016,167809,167809,0,0,200127,0,0,200127
budget,,7751,10,1020,378495,378495,0,0,226397,0,0,226397
budget,,7751,10,1030,177398,147398,0,30000,163100,0,30000,193100
budget,,7751,10,1051,1800,1800,0,0,3349,0,0,3349
budget,,7751,10,1062,5820,5820,0,0,4336,0,0,4336
budget,,7751,10,1091,48540,48540,0,0,57069,0,0,57069
budget,,7751,19,1981,1800,1800,0,0,1712,0,0,1712
budget,,7751,52,5201,52864,52864,0,0,10387,0,0,10387
budget,,7751,53,5301,5136,5136,0,0,5136,0,0,5136
budget,,7759,01,0101,6131251,0,6131251,0,0,5846120,0,5846120
budget,,7759,02,0201,113313,0,113313,0,0,119386,0,119386
budget,,7759,02,0202,555354,57280,498074,0,46680,444267,0,490947
budget,,7759,02,0205,64757,0,64757,0,0,82924,0,82924
budget,,7759,02,0208,25275,0,25275,0,0,25818,0,25818
budget,,7759,02,0209,25728,0,25728,0,0,34941,0,34941
budget,,7759,05,0551,817150,1544,815606,0,154,723546,0,723700
budget,,7759,05,0560,282347,391,281956,0,53,285490,0,285543
budget,,7759,05,0580,225747,0,225747,0,0,211463,0,211463
budget,,7759,10,1011,10979,0,10979,0,0,7736,0,7736
budget,,7759,10,1013,14056,0,14056,0,0,11125,0,11125
budget,,7759,10,1014,5429,0,5429,0,0,5429,0,5429
budget,,7759,10,1015,603538,10617,592921,0,2472,645007,0,647479
budget,,7759,10,1016,336288,0,336288,0,0,339749,0,339749
budget,,7759,10,1020,7562996,64104,7498892,0,28693,6555763,0,6584456
budget,,7759,10,1030,178226,5000,173226,0,4999,120499,0,125498
budget,,7759,10,1051,19679,0,19679,0,0,23247,0,23247
budget,,7759,10,1052,43131,0,43131,0,0,25528,0,25528
budget,,7759,10,1062,55677,0,55677,0,0,49475,0,49475
budget,,7759,10,1069,8186,0,8186,0,0,8431,0,8431
budget,,7759,10,1091,57860,0,57860,0,0,62910,0,62910
budget,,7759,10,1092,1,0,1,0,0,1,0,1
budget,,7759,10,1098,167,0,167,0,0,167,0,167
budget,,7759,19,1901,0,0,0,0,0,2660,0,2660
budget,,7759,19,1981,728,0,728,0,0,728,0,728
budget,,7759,42,4214,1513100,0,1513100,0,0,15500,0,15500
budget,,7759,51,5100,4384149,0,4384149,0,0,4364589,0,4364589
budget,,7759,52,5201,13048,0,13048,0,0,13048,0,13048
budget,,7759,52,5203,92862,19987,72875,0,19987,64545,0,84532
budget,,7759,52,5205,10816,4357,6459,0,4357,6459,0,10816
budget,,7759,52,5219,980,0,980,0,0,980,0,980
budget,,7759,53,5301,9600,0,9600,0,0,9600,0,9600
budget,,8829,01,0101,841557,0,841557,0,0,813472,0,813472
budget,,8829,02,0202,24021,0,24021,0,0,6255,0,6255
budget,,8829,02,0205,12446,0,12446,0,0,13066,0,13066
budget,,8829,02,0208,37910,0,37910,0,0,37910,0,37910
budget,,8829,02,0209,1525,0,1525,0,0,905,0,905
budget,,8829,05,0551,107642,0,107642,0,0,97714,0,97714
budget,,8829,05,0560,42751,0,42751,0,0,40085,0,40085
budget,,8829,05,0580,17567,0,17567,0,0,17567,0,17567
budget,,8829,10,1013,51507,0,51507,0,0,20195,0,20195
budget,,8829,10,1015,74520,0,74520,0,0,74520,0,74520
budget,,8829,10,1016,128170,0,128170,0,0,50250,0,50250
budget,,8829,10,1020,695960,0,695960,0,0,299576,0,299576
budget,,8829,10,1030,30000,0,30000,0,0,0,0,0
budget,,8829,10,1051,8000,0,8000,0,0,40,0,40
budget,,8829,10,1062,32000,0,32000,0,0,24548,0,24548
budget,,8829,10,1091,11434,0,11434,0,0,0,0,0
budget,,8829,10,1098,32508,0,32508,0,0,0,0,0
budget,,8829,19,1901,12870,0,12870,0,0,5729,0,5729
budget,,8829,19,1981,6000,0,6000,0,0,748,0,748
budget,,8829,52,5203,11868,0,11868,0,0,11868,0,11868
budget,,8829,52,5205,1220,0,1220,0,0,1220,0,1220
budget,,8829,53,5301,21264,0,21264,0,0,12600,0,12600
budget,,8832,10,1020,11777329,0,11777329,0,0,10011931,0,10011931
budget,,8849,10,1020,1227663,0,1227663,0,0,1089703,0,1089703
budget,,8849,10,1092,681223,0,681223,0,0,0,0,0
budget,,8849,10,1098,20000,0,20000,0,0,0,0,0
budget,,8849,42,4219,47600000,0,47600000,0,0,44603957,0,44603957
budget,,8849,43,4301,253706385,89650545,164055840,0,89650545,150838637,0,240489182
budget,,8849,51,5100,4695000,0,4695000,0,0,2499080,0,2499080
budget,,8849,52,5204,120000,0,120000,0,0,0,0,0
budget,,8849,52,5206,146885000,0,146885000,0,0,89312266,0,89312266
budget,,8849,55,5501,20928969,0,20928969,0,0,0,0,0
budget,,8875,01,0101,1976642,0,1976642,0,0,1680282,0,1680282
budget,,8875,02,0202,385000,0,385000,0,0,377241,0,377241
budget,,8875,02,0205,52000,0,52000,0,0,34806,0,34806
budget,,8875,02,0208,80000,0,80000,0,0,29311,0,29311
budget,,8875,02,0209,8858,0,8858,0,0,8858,0,8858
budget,,8875,05,0551,323575,0,323575,0,0,193173,0,193173
budget,,8875,05,0560,150530,0,150530,0,0,77862,0,77862
budget,,8875,05,0580,38425,0,38425,0,0,38425,0,38425
budget,,8875,10,1011,9000,0,9000,0,0,4538,0,4538
budget,,8875,10,1015,54937,0,54937,0,0,45034,0,45034
budget,,8875,10,1016,90000,0,90000,0,0,56482,0,56482
budget,,8875,10,1020,803692,0,803692,0,0,575479,0,575479
budget,,8875,10,1030,20000,0,20000,0,0,1989,0,1989
budget,,8875,10,1051,348,0,348,0,0,0,0,0
budget,,8875,10,1052,35652,0,35652,0,0,35652,0,35652
budget,,8875,10,1062,11000,0,11000,0,0,5436,0,5436
budget,,8875,19,1901,5271,0,5271,0,0,794,0,794
budget,,8875,19,1981,4729,0,4729,0,0,4729,0,4729
budget,,8875,52,5205,2562,0,2562,0,0,2562,0,2562
budget,,8875,52,5206,6086253,0,6086253,0,0,0,0,0
budget,,8875,53,5301,8501,0,8501,0,0,8501,0,8501
budget,,8875,53,5309,29000,0,29000,0,0,29000,0,29000
budget,,8878,01,0101,1096253,0,1096253,0,0,1095575,0,1095575
budget,,8878,02,0202,284870,0,284870,0,0,272891,0,272891
budget,,8878,02,0205,27770,0,27770,0,0,27770,0,27770
budget,,8878,02,0209,6430,0,6430,0,0,6430,0,6430
budget,,8878,05,0551,171416,0,171416,0,0,136924,0,136924
budget,,8878,05,0560,66603,0,66603,0,0,61680,0,61680
budget,,8878,05,0580,29778,0,29778,0,0,29778,0,29778
budget,,8878,10,1013,35000,0,35000,0,0,6803,0,6803
budget,,8878,10,1015,842344,0,842344,0,0,842344,0,842344
budget,,8878,10,1016,208090,0,208090,0,0,169679,0,169679
budget,,8878,10,1020,925464,0,925464,0,0,925464,0,925464
budget,,8878,10,1051,1222,0,1222,0,0,0,0,0
budget,,8878,10,1052,10000,0,10000,0,0,0,0,0
budget,,8878,10,1062,8000,0,8000,0,0,3289,0,3289
budget,,8878,10,1091,5280,0,5280,0,0,0,0,0
budget,,8878,10,1092,70360,0,70360,0,0,45403,0,45403
budget,,8878,19,1901,9040,0,9040,0,0,9040,0,9040
budget,,8878,19,1981,1800,0,1800,0,0,1116,0,1116
budget,,8878,52,5202,58080,0,58080,0,0,55800,0,55800
budget,,8878,52,5203,2140,0,2140,0,0,2140,0,2140
budget,,8878,52,5204,435677,0,435677,0,0,0,0,0
budget,,8878,52,5219,56209,0,56209,0,0,0,0,0
budget,,8898,01,0101,1764708,0,1764708,0,0,1683777,0,1683777
budget,,8898,02,0201,177500,0,177500,0,0,167416,0,167416
budget,,8898,02,0202,16200,0,16200,0,0,9182,0,9182
budget,,8898,02,0205,42421,0,42421,0,0,42420,0,42420
budget,,8898,02,0208,35544,0,35544,0,0,37287,0,37287
budget,,8898,02,0209,7143,0,7143,0,0,7143,0,7143
budget,,8898,05,0551,229024,0,229024,0,0,214862,0,214862
budget,,8898,05,0560,90237,0,90237,0,0,86179,0,86179
budget,,8898,05,0580,43100,0,43100,0,0,41416,0,41416
budget,,8898,10,1011,694,0,694,0,0,694,0,694
budget,,8898,10,1013,8761,0,8761,0,0,6604,0,6604
budget,,8898,10,1015,37859,0,37859,0,0,26648,0,26648
budget,,8898,10,1016,8921,0,8921,0,0,6633,0,6633
budget,,8898,10,1020,199339,0,199339,0,0,137329,0,137329
budget,,8898,10,1052,4400,0,4400,0,0,2678,0,2678
budget,,8898,10,1091,9457,0,9457,0,0,0,0,0
budget,,8898,52,5201,2000,0,2000,0,0,0,0,0
budget,,8898,52,5203,2687,0,2687,0,0,2687,0,2687
budget,,9910,10,1092,1593499,0,1593499,0,0,1593638,0,1593638
budget,,9910,22,2221,3174,0,3174,0,0,3174,0,3174
budget,,9910,27,2700,17628165,0,17628165,0,0,17628165,0,17628165
budget,,9910,29,2910,2527,0,2527,0,0,2527,0,2527
budget,,9910,29,2991,1822,0,1822,0,0,1669,0,1669
budget,,9997,98,9800,104851,23361,81490,0,0,0,0,0
ksf,98112,6621,01,0101,5127,0,5127,0,0,5127,0,5127
ksf,98112,6621,02,0208,1914,0,1914,0,0,1914,0,1914
ksf,98112,6621,05,0551,534,0,534,0,0,534,0,534
ksf,98112,6621,05,0560,223,0,223,0,0,223,0,223
ksf,98112,6621,05,0580,129,0,129,0,0,129,0,129
ksf,98112,8849,55,5501,47496,0,47496,0,0,47496,0,47496
ksf,98213,3311,01,0101,137905,137905,0,0,137905,0,0,137905
ksf,98213,3311,02,0209,576,576,0,0,576,0,0,576
ksf,98213,3311,05,0551,17727,17727,0,0,17727,0,0,17727
ksf,98213,3311,05,0552,5395,5395,0,0,5395,0,0,5395
ksf,98213,3311,05,0560,7455,7455,0,0,7455,0,0,7455
ksf,98213,3311,05,0580,3206,3206,0,0,3206,0,0,3206
ksf,98213,3311,10,1091,977,977,0,0,977,0,0,977
ksf,98213,3322,01,0101,8505,0,8505,0,0,8505,0,8505
ksf,98213,3322,05,0551,971,0,971,0,0,971,0,971
ksf,98213,3322,05,0552,366,0,366,0,0,366,0,366
ksf,98213,3322,05,0560,408,0,408,0,0,408,0,408
ksf,98213,3322,05,0580,238,0,238,0,0,238,0,238
ksf,98213,3322,10,1020,34517,34517,0,0,34517,0,0,34517
ksf,98213,3322,10,1098,1141,1141,0,0,0,0,0,0
ksf,98213,3322,52,5201,13965,13965,0,0,13965,0,0,13965
ksf,98213,3326,10,1015,223,0,223,0,0,223,0,223
ksf,98226,1122,01,0102,37950,0,37950,0,0,37950,0,37950
ksf,98226,3322,01,0102,8655,0,8655,0,0,8655,0,8655
ksf,98226,3322,05,0551,89,0,89,0,0,89,0,89
ksf,98226,3322,05,0560,36,0,36,0,0,36,0,36
ksf,98226,3322,05,0580,22,0,22,0,0,22,0,22
ksf,98226,5589,10,1020,430542,0,430542,0,0,0,0,0
ksf,98226,7735,01,0102,8269,0,8269,0,0,8269,0,8269
ksf,98226,7735,05,0551,69,0,69,0,0,69,0,69
ksf,98226,7735,05,0560,27,0,27,0,0,27,0,27
ksf,98226,7735,05,0580,16,0,16,0,0,16,0,16
ksf,98312,1122,01,0101,271,0,271,0,0,271,0,271
ksf,98312,1122,01,0102,480,0,480,0,0,480,0,480
ksf,98312,1122,05,0551,76,0,76,0,0,76,0,76
ksf,98312,1122,05,0560,31,0,31,0,0,31,0,31
ksf,98312,1122,05,0580,19,0,19,0,0,19,0,19
ksf,98312,1122,10,1016,451,0,451,0,0,451,0,451
ksf,98312,1122,10,1020,2357,0,2357,0,0,2357,0,2357
ksf,98313,3311,10,1015,0,0,0,0,0,3353,0,3353
ksf,98313,3322,01,0101,79545,77065,2480,0,77065,54095,0,131160
ksf,98313,3322,02,0205,0,0,0,0,0,1205,0,1205
ksf,98313,3322,02,0209,0,0,0,0,0,280,0,280
ksf,98313,3322,05,0551,8622,8567,55,0,8567,5931,0,14498
ksf,98313,3322,05,0552,3516,3125,391,0,3125,1796,0,4921
ksf,98313,3322,05,0560,3753,3634,119,0,3634,2458,0,6092
ksf,98313,3322,05,0580,2174,2101,73,0,2101,1422,0,3523
ksf,98313,3322,10,1013,0,0,0,0,0,160,0,160
ksf,98313,3322,10,1015,20466,16803,3663,0,16803,717,0,17520
ksf,98313,3322,10,1020,0,0,0,0,0,1432,0,1432
ksf,98313,3322,10,1098,58169,0,58169,0,0,0,0,0
ksf,98313,3322,52,5201,10293,0,10293,0,0,10293,0,10293
ksf,98313,3326,10,1020,2266,2266,0,0,1577,0,0,1577
ksf,98315,5524,02,0202,1232,0,1232,0,0,1232,0,1232
ksf,98315,5524,05,0551,76,0,76,0,0,76,0,76
ksf,98315,5524,05,0560,44,0,44,0,0,44,0,44
ksf,98315,5524,05,0580,26,0,26,0,0,26,0,26
ksf,98315,5524,10,1011,32305,0,32305,0,0,32305,0,32305
ksf,98315,5524,10,1020,2250,0,2250,0,0,2250,0,2250
ksf,98315,5589,10,1011,0,0,0,0,0,39242,0,39242
ksf,98315,5589,10,1020,0,0,0,0,0,2747,0,2747
ksf,98321,3311,01,0101,166343,11937,154406,0,11937,154406,0,166343
ksf,98321,3311,02,0205,1641,0,1641,0,0,1641,0,1641
ksf,98321,3311,02,0209,1014,0,1014,0,0,1014,0,1014
ksf,98321,3311,05,0551,18374,1339,17035,0,1339,17035,0,18374
ksf,98321,3311,05,0552,5753,0,5753,0,0,5753,0,5753
ksf,98321,3311,05,0560,8434,575,7859,0,575,7859,0,8434
ksf,98321,3311,05,0580,4294,328,3966,0,328,3966,0,4294
ksf,98321,3311,10,1014,267,0,267,0,0,267,0,267
ksf,98321,3311,10,1015,7717,0,7717,0,0,9579,0,9579
ksf,98321,3311,10,1020,209,209,0,0,209,0,0,209
ksf,98321,3311,10,1098,3358,0,3358,0,0,0,0,0
ksf,98321,3322,01,0101,585045,209593,375452,0,209593,374051,0,583644
ksf,98321,3322,02,0202,3000,3000,0,0,3000,3146,0,6146
ksf,98321,3322,02,0205,3778,261,3517,0,261,3517,0,3778
ksf,98321,3322,02,0208,637,637,0,0,637,0,0,637
ksf,98321,3322,02,0209,2250,133,2117,0,133,1954,0,2087
ksf,98321,3322,05,0551,62729,21743,40986,0,21743,40452,0,62195
ksf,98321,3322,05,0552,15878,4519,11359,0,4519,11215,0,15734
ksf,98321,3322,05,0560,25434,8942,16492,0,8942,16514,0,25456
ksf,98321,3322,05,0580,11827,4946,6881,0,4946,6919,0,11865
ksf,98321,3322,10,1014,2157,0,2157,0,0,2157,0,2157
ksf,98321,3322,10,1015,507904,242479,265425,0,242479,154048,0,396527
ksf,98321,3322,10,1020,242908,4205,238703,0,4205,109496,0,113701
ksf,98321,3322,10,1030,392858,216172,176686,0,216172,176686,0,392858
ksf,98321,3322,10,1098,5704,852,4852,0,0,0,0,0
ksf,98321,3322,52,5201,605596,250108,355488,0,250108,355488,0,605596
ksf,98321,3322,52,5203,10320,6000,4320,0,6000,4320,0,10320
ksf,98321,3322,52,5205,6290,0,6290,0,0,6290,0,6290
ksf,98321,3322,52,5219,22475,0,22475,0,0,22475,0,22475
ksf,98321,3322,53,5301,10082,5082,5000,0,5082,5000,0,10082
ksf,98321,3324,10,1015,334,334,0,0,334,0,0,334
ksf,98321,3324,10,1062,66,0,66,0,0,66,0,66
ksf,98321,3324,10,1098,6162,0,6162,0,0,0,0,0
ksf,98321,3326,01,0101,6581,1761,4820,0,1761,4820,0,6581
ksf,98321,3326,02,0202,40,40,0,0,40,0,0,40
ksf,98321,3326,05,0551,586,204,382,0,204,382,0,586
ksf,98321,3326,05,0552,217,73,144,0,73,144,0,217
ksf,98321,3326,05,0560,246,86,160,0,86,160,0,246
ksf,98321,3326,05,0580,144,50,94,0,50,94,0,144
ksf,98321,3326,10,1020,64470,64470,0,0,1665,0,0,1665
ksf,98321,3326,10,1030,55854,55854,0,0,27930,0,0,27930
ksf,98321,3326,52,5201,49980,49980,0,0,49980,0,0,49980
ksf,98321,3326,52,5205,38676,38676,0,0,38676,0,0,38676
ksf,98321,3338,01,0101,4437,0,4437,0,16210,4437,0,20647
ksf,98321,3338,05,0551,507,0,507,0,1852,507,0,2359
ksf,98321,3338,05,0552,191,0,191,0,697,191,0,888
ksf,98321,3338,05,0560,213,0,213,0,732,213,0,945
ksf,98321,3338,05,0580,124,0,124,0,500,124,0,624
ksf,98321,3388,01,0101,11937,11937,0,0,11937,0,0,11937
ksf,98321,3388,05,0551,462,462,0,0,462,0,0,462
ksf,98321,3388,05,0552,174,174,0,0,174,0,0,174
ksf,98321,3388,05,0560,194,194,0,0,194,0,0,194
ksf,98321,3388,05,0580,113,113,0,0,113,0,0,113
ksf,98321,3388,10,1015,8074,8074,0,0,8074,0,0,8074
ksf,98321,3388,10,1020,14,14,0,0,14,0,0,14
ksf,98321,3388,52,5203,1390,1390,0,0,1390,0,0,1390
ksf,98322,1122,01,0101,57469,0,57469,0,0,57469,0,57469
ksf,98322,1122,01,0102,740,0,740,0,0,740,0,740
ksf,98322,1122,05,0551,6570,0,6570,0,0,6570,0,6570
ksf,98322,1122,05,0560,2714,0,2714,0,0,2714,0,2714
ksf,98322,1122,05,0580,1583,0,1583,0,0,1583,0,1583
ksf,98322,1122,10,1016,1114,0,1114,0,0,1114,0,1114
ksf,98322,1122,10,1020,2222,0,2222,0,0,2222,0,2222
ksf,98322,1122,10,1051,160,0,160,0,0,160,0,160
ksf,98322,1122,19,1901,2210,0,2210,0,0,2210,0,2210
ksf,98322,3322,05,0560,2435,0,2435,0,0,0,0,0
ksf,98322,3322,05,0580,1409,0,1409,0,0,0,0,0
ksf,98322,3322,10,1015,877,0,877,0,0,0,0,0
ksf,98322,3322,10,1020,1432,0,1432,0,0,0,0,0
ksf,98323,2239,01,0101,8000,0,8000,0,0,8000,0,8000
ksf,98323,2239,01,0102,2000,0,2000,0,0,2000,0,2000
ksf,98323,2239,02,0202,4000,0,4000,0,0,4000,0,4000
ksf,98323,2239,05,0551,627,0,627,0,0,627,0,627
ksf,98323,2239,05,0560,259,0,259,0,0,259,0,259
ksf,98323,2239,05,0580,151,0,151,0,0,151,0,151
ksf,98323,2239,10,1015,6500,0,6500,0,0,3957,0,3957
ksf,98323,2239,10,1016,4115,0,4115,0,0,1871,0,1871
ksf,98323,2239,10,1020,10577,0,10577,0,0,3676,0,3676
ksf,98323,2239,10,1030,30000,0,30000,0,0,11506,0,11506
ksf,98323,2239,19,1901,640,0,640,0,0,640,0,640
ksf,98323,2239,19,1981,40,0,40,0,0,40,0,40
ksf,98323,2239,42,4202,4000,0,4000,0,0,4000,0,4000
ksf,98323,3311,01,0101,276932,169888,107044,0,169888,153521,0,323409
ksf,98323,3311,02,0205,1760,649,1111,0,649,1835,0,2484
ksf,98323,3311,02,0209,1720,124,1596,0,124,1932,0,2056
ksf,98323,3311,05,0551,36661,22391,14270,0,22391,19835,0,42226
ksf,98323,3311,05,0552,4465,1883,2582,0,1883,4472,0,6355
ksf,98323,3311,05,0560,14933,9307,5626,0,9307,7887,0,17194
ksf,98323,3311,05,0580,8771,5347,3424,0,5347,4475,0,9822
ksf,98323,3311,10,1015,22427,9977,12450,0,8808,12450,0,21258
ksf,98323,3311,10,1020,14950,0,14950,0,0,0,0,0
ksf,98323,3311,10,1098,14429,13195,1234,0,0,0,0,0
ksf,98323,3322,01,0101,609443,343262,266181,0,340624,260201,0,600825
ksf,98323,3322,02,0205,2323,0,2323,0,0,1312,0,1312
ksf,98323,3322,02,0209,464,38,426,0,38,310,0,348
ksf,98323,3322,05,0551,53095,36842,16253,0,36543,15952,0,52495
ksf,98323,3322,05,0552,10669,6450,4219,0,6328,4094,0,10422
ksf,98323,3322,05,0560,19736,15509,4227,0,15383,6516,0,21899
ksf,98323,3322,05,0580,9926,8177,1749,0,8100,3059,0,11159
ksf,98323,3322,10,1013,400,0,400,0,0,400,0,400
ksf,98323,3322,10,1014,214,214,0,0,214,0,0,214
ksf,98323,3322,10,1015,222393,60063,162330,0,56179,175477,0,231656
ksf,98323,3322,10,1020,289515,160085,129430,0,159508,123428,0,282936
ksf,98323,3322,10,1030,165455,50935,114520,0,50935,114516,0,165451
ksf,98323,3322,10,1098,37257,10951,26306,0,0,0,0,0
ksf,98323,3322,40,4000,25569,25569,0,0,25569,0,0,25569
ksf,98323,3322,52,5201,277981,80104,197877,0,80104,196248,0,276352
ksf,98323,3322,52,5203,29361,1379,27982,0,1379,36401,0,37780
ksf,98323,3322,52,5205,76882,54035,22847,0,54035,12305,0,66340
ksf,98323,3322,53,5301,8304,0,8304,0,0,12041,0,12041
ksf,98323,3324,10,1020,520,0,520,0,0,520,0,520
ksf,98323,3326,01,0101,717,0,717,0,0,717,0,717
ksf,98323,3326,10,1015,9677,3335,6342,0,3335,6342,0,9677
ksf,98323,3326,10,1030,8310,0,8310,0,0,8310,0,8310
ksf,98323,3326,52,5201,79794,0,79794,0,0,79794,0,79794
ksf,98323,5524,01,0101,652908,0,652908,0,0,969127,0,969127
ksf,98323,5524,01,0102,38160,0,38160,0,0,107152,0,107152
ksf,98323,5524,02,0201,120078,0,120078,0,0,169868,0,169868
ksf,98323,5524,02,0202,44270,0,44270,0,0,44270,0,44270
ksf,98323,5524,02,0208,19320,0,19320,0,0,32343,0,32343
ksf,98323,5524,02,0209,5820,0,5820,0,0,6521,0,6521
ksf,98323,5524,05,0551,105008,0,105008,0,0,152534,0,152534
ksf,98323,5524,05,0560,41633,0,41633,0,0,60419,0,60419
ksf,98323,5524,05,0580,20685,0,20685,0,0,28413,0,28413
ksf,98323,5524,10,1011,217953,0,217953,0,0,141643,0,141643
ksf,98323,5524,10,1015,27512,0,27512,0,0,27621,0,27621
ksf,98323,5524,10,1020,655143,0,655143,0,0,65282,0,65282
ksf,98323,5524,10,1098,8170,0,8170,0,0,0,0,0
ksf,98323,5588,10,1098,1188,0,1188,0,0,0,0,0
ksf,98323,5589,01,0101,1251531,1409,1250122,0,1409,1230436,0,1231845
ksf,98323,5589,01,0102,22940,0,22940,0,0,22940,0,22940
ksf,98323,5589,02,0201,1768893,0,1768893,0,0,1626966,0,1626966
ksf,98323,5589,02,0202,16627,0,16627,0,0,21927,0,21927
ksf,98323,5589,02,0208,107229,0,107229,0,0,107229,0,107229
ksf,98323,5589,02,0209,15018,0,15018,0,0,15018,0,15018
ksf,98323,5589,05,0551,321148,0,321148,0,0,329847,0,329847
ksf,98323,5589,05,0560,148126,0,148126,0,0,138703,0,138703
ksf,98323,5589,05,0580,78818,0,78818,0,0,71602,0,71602
ksf,98323,5589,10,1011,749425,53027,696398,0,53027,644485,0,697512
ksf,98323,5589,10,1015,199293,0,199293,0,0,182691,0,182691
ksf,98323,5589,10,1016,3859,0,3859,0,0,2354,0,2354
ksf,98323,5589,10,1020,2185493,8326,2177167,0,8326,347718,0,356044
ksf,98323,5589,10,1051,458,0,458,0,0,458,0,458
ksf,98323,5589,10,1092,156,0,156,0,0,156,0,156
ksf,98323,5589,10,1098,10251,0,10251,0,0,0,0,0
ksf,98323,5589,42,4219,6955,0,6955,0,0,5000,0,5000
ksf,98324,5589,02,0202,2874,0,2874,0,0,2874,0,2874
ksf,98324,5589,05,0551,216,0,216,0,0,216,0,216
ksf,98324,5589,05,0560,112,0,112,0,0,112,0,112
ksf,98324,5589,05,0580,60,0,60,0,0,60,0,60
ksf,98324,5589,10,1020,54372,0,54372,0,0,61000,0,61000
ksf,99001,3318,10,1020,4000,0,4000,0,0,4000,0,4000
ksf,99001,3318,10,1030,193262,0,193262,0,0,193262,0,193262
ksf,99001,3322,01,0101,47774,649,47125,0,649,47125,0,47774
ksf,99001,3322,02,0205,1001,0,1001,0,0,1001,0,1001
ksf,99001,3322,02,0209,497,0,497,0,0,497,0,497
ksf,99001,3322,05,0551,5322,0,5322,0,0,5322,0,5322
ksf,99001,3322,05,0552,1091,0,1091,0,0,1091,0,1091
ksf,99001,3322,05,0560,2281,0,2281,0,0,2281,0,2281
ksf,99001,3322,05,0580,929,0,929,0,0,929,0,929
ksf,99001,3322,10,1015,484311,112717,371594,0,112466,369663,0,482129
ksf,99001,3322,10,1020,316696,314894,1802,0,314894,1802,0,316696
ksf,99001,3322,10,1030,726271,465802,260469,0,465517,260469,0,725986
ksf,99001,3322,10,1098,4261,1013,3248,0,0,0,0,0
ksf,99001,3322,52,5201,730138,251920,478218,0,251920,478218,0,730138
ksf,99001,3322,52,5203,23917,0,23917,0,0,23917,0,23917
ksf,99001,3322,52,5205,229374,86825,142549,0,86825,142549,0,229374
ksf,99001,3322,53,5301,42818,16185,26633,0,16185,26632,0,42817
ksf,99001,3337,01,0101,17300,0,17300,0,0,17300,0,17300
ksf,99001,3337,05,0551,939,0,939,0,0,939,0,939
ksf,99001,3337,05,0560,388,0,388,0,0,388,0,388
ksf,99001,3337,05,0580,226,0,226,0,0,226,0,226
ksf,99001,5524,10,1020,22200,0,22200,0,0,22200,0,22200
ra,,3326,10,1015,113901,113901,0,0,0,0,0,0
ra,,3326,10,1020,19866,19866,0,0,13724,0,0,13724
des,,1122,01,0101,50167,0,50167,0,0,48897,0,48897
des,,1122,01,0102,52913,0,52913,0,0,52913,0,52913
des,,1122,02,0202,670,0,670,0,0,670,0,670
des,,1122,05,0551,4184,0,4184,0,0,4053,0,4053
des,,1122,05,0560,1697,0,1697,0,0,1647,0,1647
des,,1122,05,0580,1030,0,1030,0,0,996,0,996
des,,1122,10,1015,15182,0,15182,0,0,15182,0,15182
des,,1122,10,1020,83352,0,83352,0,0,83352,0,83352
des,,1122,10,1052,13960,0,13960,0,0,13960,0,13960
des,,1122,10,1062,64,0,64,0,0,64,0,64
des,,1122,52,5201,18764,0,18764,0,0,18764,0,18764
des,,1122,52,5206,871782,0,871782,0,0,871782,0,871782
des,,1128,01,0101,18464,0,18464,0,0,16579,0,16579
des,,1128,01,0102,25587,0,25587,0,0,27472,0,27472
des,,1128,02,0202,3800,0,3800,0,0,3800,0,3800
des,,1128,05,0551,2794,0,2794,0,0,2181,0,2181
des,,1128,05,0560,1152,0,1152,0,0,897,0,897
des,,1128,05,0580,676,0,676,0,0,528,0,528
des,,1128,10,1020,35177,0,35177,0,0,40918,0,40918
des,,1128,10,1052,8285,0,8285,0,0,2544,0,2544
des,,1128,10,1062,40,0,40,0,0,0,0,0
des,,2228,02,0202,29809,0,29809,0,0,29809,0,29809
des,,2228,05,0551,1076,0,1076,0,0,1076,0,1076
des,,2228,05,0560,628,0,628,0,0,628,0,628
des,,2228,05,0580,366,0,366,0,0,366,0,366
des,,2228,10,1015,2596,0,2596,0,0,2596,0,2596
des,,2228,10,1020,43335,0,43335,0,0,43335,0,43335
des,,2228,52,5203,4589,0,4589,0,0,4589,0,4589
des,,2239,02,0201,0,0,0,0,0,5500,0,5500
des,,2239,02,0202,53430,0,53430,0,0,109123,0,109123
des,,2239,05,0551,562,0,562,0,0,7121,0,7121
des,,2239,05,0560,472,0,472,0,0,3502,0,3502
des,,2239,05,0580,191,0,191,0,0,1961,0,1961
des,,2239,10,1013,167,0,167,0,0,167,0,167
des,,2239,10,1015,0,0,0,0,0,5916,0,5916
des,,2239,10,1016,0,0,0,0,0,7028,0,7028
des,,2239,10,1020,81196,0,81196,0,0,184821,0,184821
des,,2239,10,1051,0,0,0,0,0,58,0,58
des,,2239,10,1062,0,0,0,0,0,2833,0,2833
des,,2239,19,1981,0,0,0,0,0,163,0,163
des,,2239,42,4219,4800,0,4800,0,0,10800,0,10800
des,,2239,52,5201,0,0,0,0,0,8209,0,8209
des,,2283,01,0101,197,0,197,0,0,197,0,197
des,,2283,01,0102,48741,0,48741,0,0,48741,0,48741
des,,2283,05,0551,116,0,116,0,0,116,0,116
des,,2283,05,0560,47,0,47,0,0,47,0,47
des,,2283,05,0580,28,0,28,0,0,28,0,28
des,,2283,10,1011,253,0,253,0,0,253,0,253
des,,2283,10,1020,3150,0,3150,0,0,3150,0,3150
des,,2283,53,5309,46294,0,46294,0,0,46294,0,46294
des,,3311,01,0101,14452,14452,0,0,14452,0,0,14452
des,,3311,02,0202,31340,4832,26508,0,4833,26400,0,31233
des,,3311,05,0551,3244,1616,1628,0,1616,1628,0,3244
des,,3311,05,0552,373,373,0,0,373,0,0,373
des,,3311,05,0560,1598,648,950,0,648,950,0,1598
des,,3311,05,0580,909,355,554,0,355,554,0,909
des,,3311,10,1014,2941,2941,0,0,2941,0,0,2941
des,,3311,10,1015,18054,17634,420,0,18833,420,0,19253
des,,3311,10,1020,273933,227265,46668,0,187337,38592,0,225929
des,,3311,10,1051,10513,10513,0,0,10513,0,0,10513
des,,3311,10,1052,340976,265326,75650,0,238991,80512,0,319503
des,,3311,10,1062,549,549,0,0,549,0,0,549
des,,3311,10,1098,54,54,0,0,54,0,0,54
des,,3311,52,5205,5457,5457,0,0,3501,0,0,3501
des,,3322,01,0101,65743,65743,0,0,70339,0,0,70339
des,,3322,02,0202,479924,329853,150071,0,338764,150071,0,488835
des,,3322,02,0205,4362,4362,0,0,0,0,0,0
des,,3322,05,0551,11597,9925,1672,0,10056,1672,0,11728
des,,3322,05,0552,991,890,101,0,890,101,0,991
des,,3322,05,0560,5598,4713,885,0,5044,885,0,5929
des,,3322,05,0580,2907,2459,448,0,2703,448,0,3151
des,,3322,10,1011,1618,1618,0,0,1617,0,0,1617
des,,3322,10,1015,80648,61894,18754,0,52511,18754,0,71265
des,,3322,10,1020,1249384,1161026,88358,0,1130853,86508,0,1217361
des,,3322,10,1051,1832,1479,353,0,1479,353,0,1832
des,,3322,10,1052,1177978,979462,198516,0,562962,198516,0,761478
des,,3322,10,1062,2327,2031,296,0,2031,296,0,2327
des,,3322,10,1069,20,20,0,0,78,0,0,78
des,,3322,10,1098,161305,136103,25202,0,0,0,0,0
des,,3322,42,4217,134934,134934,0,0,134934,0,0,134934
des,,3322,43,4309,131829,131829,0,0,131829,0,0,131829
des,,3322,45,4500,93626,93626,0,0,93626,0,0,93626
des,,3322,49,4901,736679,346164,390515,0,346164,390515,0,736679
des,,3322,52,5201,15235,11457,3778,0,11457,3778,0,15235
des,,3324,02,0202,9625,9625,0,0,9625,0,0,9625
des,,3324,10,1020,456,456,0,0,456,0,0,456
des,,3324,10,1052,3902,3902,0,0,3902,0,0,3902
des,,3388,01,0101,36720,2934,33786,0,2934,40877,0,43811
des,,3388,02,0202,5760,0,5760,0,0,6339,0,6339
des,,3388,05,0551,328,0,328,0,0,917,0,917
des,,3388,05,0552,13,0,13,0,0,235,0,235
des,,3388,05,0560,186,0,186,0,0,433,0,433
des,,3388,05,0580,109,0,109,0,0,253,0,253
des,,3388,10,1015,3976,537,3439,0,537,4749,0,5286
des,,3388,10,1020,456534,371847,84687,0,323307,149924,0,473231
des,,3388,10,1052,134296,96592,37704,0,93651,40813,0,134464
des,,3388,10,1062,602,473,129,0,473,129,0,602
des,,3388,42,4217,24093,0,24093,0,0,24093,0,24093
des,,3388,49,4901,0,0,0,0,0,132247,0,132247
des,,3388,52,5201,2350,2350,0,0,0,2350,0,2350
des,,3388,52,5205,0,0,0,0,0,950,0,950
des,,3388,53,5301,951,0,951,0,0,951,0,951
des,,3389,10,1020,26035,26035,0,0,26035,0,0,26035
des,,3389,10,1052,1471,1471,0,0,1471,0,0,1471
des,,3389,49,4901,39312,39312,0,0,39312,0,0,39312
des,,4431,10,1015,391,0,391,0,0,391,0,391
des,,4431,10,1052,16384,0,16384,0,0,16384,0,16384
des,,5518,10,1020,14669,0,14669,0,0,14669,0,14669
des,,5589,02,0202,15109,15109,0,0,15109,0,0,15109
des,,5589,05,0551,386,386,0,0,386,0,0,386
des,,5589,05,0560,188,188,0,0,188,0,0,188
des,,5589,05,0580,45,45,0,0,45,0,0,45
des,,5589,10,1015,1436,1436,0,0,1436,0,0,1436
des,,5589,10,1020,20658,20658,0,0,9702,0,0,9702
des,,5589,10,1052,3286,3286,0,0,3286,0,0,3286
des,,6621,01,0101,96875,0,96875,0,0,96875,0,96875
des,,6621,01,0102,172200,0,172200,0,0,172200,0,172200
des,,6621,02,0202,17589,0,17589,0,0,17589,0,17589
des,,6621,02,0208,940,0,940,0,0,940,0,940
des,,6621,02,0209,39,0,39,0,0,39,0,39
des,,6621,05,0551,24423,0,24423,0,0,24422,0,24422
des,,6621,05,0560,9940,0,9940,0,0,9939,0,9939
des,,6621,05,0580,5405,0,5405,0,0,5405,0,5405
des,,6621,10,1015,2329,0,2329,0,0,2329,0,2329
des,,6621,10,1020,200,0,200,0,0,200,0,200
des,,6621,10,1051,131,0,131,0,0,131,0,131
des,,6621,52,5203,3882304,0,3882304,0,0,3882304,0,3882304
des,,7740,10,1015,249,0,249,0,0,249,0,249
des,,7759,01,0101,11974,0,11974,0,0,11973,0,11973
des,,7759,01,0102,12902,0,12902,0,0,12903,0,12903
des,,7759,05,0551,461,0,461,0,0,461,0,461
des,,7759,05,0560,190,0,190,0,0,189,0,189
des,,7759,05,0580,112,0,112,0,0,112,0,112
des,,7759,10,1020,1000,0,1000,0,0,0,0,0
des,,7759,10,1052,4241,0,4241,0,0,4241,0,4241
des,,7759,10,1062,12,0,12,0,0,12,0,12
des,,7759,45,4500,33382,0,33382,0,0,33382,0,33382
des,,8807,10,1020,82871,82871,0,0,82871,0,0,82871
des,,8849,01,0101,29816,0,29816,0,0,22884,0,22884
des,,8849,01,0102,52189,0,52189,0,0,51367,0,51367
des,,8849,05,0551,1341,0,1341,0,0,1045,0,1045
des,,8849,05,0560,545,0,545,0,0,428,0,428
des,,8849,05,0580,329,0,329,0,0,254,0,254
des,,8849,10,1011,14416,0,14416,0,0,14416,0,14416
des,,8849,10,1015,2500,0,2500,0,0,2500,0,2500
des,,8849,10,1020,36210,0,36210,0,0,29208,0,29208
des,,8849,10,1051,8000,0,8000,0,0,7878,0,7878
des,,8849,10,1052,21502,0,21502,0,0,17417,0,17417
des,,8849,10,1062,62,0,62,0,0,62,0,62
des,,8849,43,4301,371034,0,371034,0,0,371034,0,371034
des,,8849,45,4500,1323859,0,1323859,0,0,1323859,0,1323859
dmp,,1122,01,0101,4859,0,4859,0,0,4859,0,4859
dmp,,1122,01,0102,6860,0,6860,0,0,6860,0,6860
dmp,,1122,05,0551,473,0,473,0,0,473,0,473
dmp,,1122,05,0560,189,0,189,0,0,189,0,189
dmp,,1122,05,0580,118,0,118,0,0,118,0,118
dmp,,1122,10,1015,17860,0,17860,0,0,17860,0,17860
dmp,,1122,10,1020,9276,0,9276,0,0,9276,0,9276
dmp,,1122,45,4500,181771,0,181771,0,0,181771,0,181771
dmp,,1122,51,5100,5504,0,5504,0,0,5504,0,5504
dmp,,1122,52,5201,4599,0,4599,0,0,4599,0,4599
dmp,,1122,52,5203,7290,0,7290,0,0,7290,0,7290
dmp,,1122,52,5205,8598,0,8598,0,0,8598,0,8598
dmp,,1122,52,5219,149814,0,149814,0,0,149814,0,149814
dmp,,2239,10,1015,14707,0,14707,0,0,14707,0,14707
dmp,,2239,10,1020,20337,0,20337,0,0,20337,0,20337
dmp,,2239,43,4309,486123,0,486123,0,0,486123,0,486123
dmp,,2239,51,5100,190717,0,190717,0,0,190717,0,190717
dmp,,2239,52,5203,3647,0,3647,0,0,3647,0,3647
dmp,,3311,01,0101,5818,5818,0,0,5818,0,0,5818
dmp,,3326,02,0202,6758,6758,0,0,3618,0,0,3618
dmp,,3326,05,0551,106,106,0,0,106,0,0,106
dmp,,3326,05,0560,106,106,0,0,106,0,0,106
dmp,,3326,05,0580,30,30,0,0,30,0,0,30
dmp,,6627,01,0101,429,0,429,0,0,429,0,429
dmp,,6627,01,0102,4698,0,4698,0,0,4698,0,4698
dmp,,6627,05,0551,86,0,86,0,0,86,0,86
dmp,,6627,05,0560,35,0,35,0,0,35,0,35
dmp,,6627,05,0580,21,0,21,0,0,21,0,21
dmp,,6627,10,1015,80230,0,80230,0,0,80230,0,80230
dmp,,6627,10,1020,6120,0,6120,0,0,6120,0,6120
dmp,,6627,52,5203,360000,0,360000,0,0,360000,0,360000
dmp,,6627,53,5301,34800,0,34800,0,0,34800,0,34800
dmp,,7759,01,0101,13228,0,13228,0,0,13228,0,13228
dmp,,7759,02,0208,868,0,868,0,0,868,0,868
dmp,,7759,02,0209,212,0,212,0,0,212,0,212
dmp,,7759,05,0551,1048,0,1048,0,0,1048,0,1048
dmp,,7759,05,0560,558,0,558,0,0,558,0,558
dmp,,7759,05,0580,251,0,251,0,0,251,0,251
dmp,,7759,10,1015,6228,0,6228,0,0,6228,0,6228
dmp,,7759,10,1020,104341,0,104341,0,0,104341,0,104341
dmp,,7759,45,4500,31358,0,31358,0,0,31358,0,31358
dmp,,7759,52,5205,5472,0,5472,0,0,5472,0,5472
