section_no,section,standard,measure,count,euro
1,Детски градини,Стандарт за институция,брой институции,1692,29100
1,Детски градини,Стандарт за яслена и целодневна група в детска градина и училище,брой групи,9018,6791
1,Детски градини,Стандарт за подготвителна полудневна група,брой групи,471,2286
1,Детски градини,Стандарт за специална група в детска градина,брой групи,37,10015
1,Детски градини,Стандарт дете в яслена група,брой деца,17561,1490
1,Детски градини,Стандарт за дете до 4 годишна възраст в целодневна група,брой деца,52188,2653
1,Детски градини,Стандарт за дете в целодневна група за задължително предучилищно образование,брой деца,146272,2858
1,Детски градини,Стандарт за дете в полудневна група за задължително предучилищно образование,брой деца,8643,1689
1,Детски градини,Стандарт дете в специална група в детска градина,брой деца,452,7722
2,"Неспециализирани училища, без професионални гимназии",Стандарт за институция,брой институции,1795,44500
2,"Неспециализирани училища, без професионални гимназии","Стандарт за паралелка в неспециализирано училище, без професионална гимназия",брой паралелки,24150,9438
2,"Неспециализирани училища, без професионални гимназии","Стандарт за ученик в паралелка в неспециализирано училище, без професионална гимназия",брой ученици,501899,1859
2,"Неспециализирани училища, без професионални гимназии","Стандарт за паралелка с профил „Изкуства“, „Изобразително изкуство“, „Музика“",брой паралелки,119,9429
2,"Неспециализирани училища, без професионални гимназии","Стандарт за ученик в паралелка с профил „Изкуства“ „Изобразително изкуство“, „Музика“",брой ученици,2879,3611
3,Специализирани училища по изкуства и по култура,Стандарт за институция,брой институции,,44500
3,Специализирани училища по изкуства и по култура,Стандарт за паралелка в училище по изкуства и по култура,брой паралелки,,18608
3,Специализирани училища по изкуства и по култура,Стандарт за ученик в паралелка за музикални и сценични изкуства,брой ученици,,4260
3,Специализирани училища по изкуства и по култура,Стандарт за ученик в паралелка за изящни и приложни изкуства,брой ученици,,3221
3,Специализирани училища по изкуства и по култура,Стандарт за ученик в паралелка в училище по култура,брой ученици,,3055
4,Спортни училища,Стандарт за институция,брой институции,18,44500
4,Спортни училища,Стандарт за паралелка в спортно училище,брой паралелки,216,14876
4,Спортни училища,Стандарт за ученик в паралелка в спортно училище,брой ученици,4750,2943
5,Професионални гимназии и паралелки за професионална подготовка - дневна форма на обучение и дуална система на обучение,Стандарт за институция,брой институции,125,44500
5,Професионални гимназии и паралелки за професионална подготовка - дневна форма на обучение и дуална система на обучение,Стандарт за паралелка за професионална подготовка,брой паралелки,3135,12561
5,Професионални гимназии и паралелки за професионална подготовка - дневна форма на обучение и дуална система на обучение,"Стандарт за ученик в паралелка за професионална подготовка, направление „Транспорт“",брой ученици,4669,2827
5,Професионални гимназии и паралелки за професионална подготовка - дневна форма на обучение и дуална система на обучение,"Стандарт за ученик в паралелка за професионална подготовка, направление „Селско, горско, рибно стопанство“ и „Ветеринарна медицина“",брой ученици,9753,2807
5,Професионални гимназии и паралелки за професионална подготовка - дневна форма на обучение и дуална система на обучение,"Стандарт за ученик в паралелка за професионална подготовка, направления „Физически науки“, „Информатика“, „Техника“, „Здравеопазване“, „Опазване на околната среда“, „Производство и преработка“, „Архитектура и строителство“",брой ученици,23549,2463
5,Професионални гимназии и паралелки за професионална подготовка - дневна форма на обучение и дуална система на обучение,"Стандарт за ученик в паралелка за професионална подготовка, направления „Услуги за личността“ и „Обществена сигурност и безопасност“",брой ученици,10914,2244
5,Професионални гимназии и паралелки за професионална подготовка - дневна форма на обучение и дуална система на обучение,"Стандарт за ученик в паралелка за професионална подготовка, направления „Стопанско управление и администрация“, „Социални услуги“ и „Журналистика, масова комуникация и информация“",брой ученици,6914,1982
5,Професионални гимназии и паралелки за професионална подготовка - дневна форма на обучение и дуална система на обучение,"Стандарт за ученик в паралелка за професионална подготовка, направления „Изкуства“ и „Хуманитарни науки“",брой ученици,9028,3312
6,Специални училища,Стандарт за институция,брой институции,,56500
6,Специални училища,Стандарт за паралелка в специално училище,брой паралелки,,11548
6,Специални училища,Стандарт за ученик във Възпитателно училище- интернат и Социално-педагогически интернат,брой ученици,,15225
6,Специални училища,Стандарт за ученик в училище за ученици с нарушено зрение,брой ученици,,15058
6,Специални училища,Стандарт за ученик в училище за ученици с увреден слух,брой ученици,,14701
7,Училища в местата за лишаване от свобода,Стандарт за институция,брой институции,,45200
7,Училища в местата за лишаване от свобода,Стандарт за паралелка в училище в местата за лишаване от свобода,брой паралелки,,9239
7,Училища в местата за лишаване от свобода,"Стандарт за ученик, обучаван в паралелка в училище в местата за лишени от свобода",брой ученици,,2814
8,Други форми на обучение,Стандарт за ученик във вечерна форма на обучение,брой ученици,875,2230
8,Други форми на обучение,Стандарт за ученик в задочна форма на обучение,брой ученици,1147,1490
8,Други форми на обучение,Стандарт за ученик в индивидуална форма на обучение,брой ученици,1954,5224
8,Други форми на обучение,Стандарт за ученик в самостоятелна форма на обучение,брой ученици,12229,590
9,Центрове за подкрепа за личностното развитие,Стандарт за институция,брой институции,8,57400
9,Центрове за подкрепа за личностното развитие,Стандарт за паралелка в ЦСОП,брой паралелки,106,13525
9,Центрове за подкрепа за личностното развитие,Стандарт за ученик в ЦСОП,брой ученици,561,7281
9,Центрове за подкрепа за личностното развитие,Стандарт за ученик в ЦСОП с общежитие,брой ученици,45,12108
9,Центрове за подкрепа за личностното развитие,Норматив за институция,брой институции,23,25800
9,Центрове за подкрепа за личностното развитие,Норматив за група в общежитие,брой групи,235,11465
9,Центрове за подкрепа за личностното развитие,Норматив за ученик в група в общежитие,брой ученици,4861,2053
9,Центрове за подкрепа за личностното развитие,Норматив за астрономическа обсерватория и планетариум според броя на учениците в дневна форма на обучение в съответната община: до 5 000 ученици,брой институции,2,65760
9,Центрове за подкрепа за личностното развитие,Норматив за астрономическа обсерватория и планетариум според броя на учениците в дневна форма на обучение в съответната община: от 5 001 до 15 000 ученици,брой институции,4,95019
9,Центрове за подкрепа за личностното развитие,Норматив за астрономическа обсерватория и планетариум според броя на учениците в дневна форма на обучение в съответната община: над 15 000 ученици,брой институции,2,135193
10,Нормативи за ресурсно подпомагане,Норматив за дете/ученик на ресурсно подпомагане,брой деца/ ученици,17464,3868
10,Нормативи за ресурсно подпомагане,Норматив за създаване условия за приобщаващо образование за дете/ученик на ресурсно подпомагане,брой деца/ ученици,26616,516
11,Регионален център за подкрепа на процеса на приобщаващо образование,Норматив за оценка на индивидуалните потребности на дете/ ученик със СОП,брой деца/ ученици,,615
12,Норматив за подпомагане храненето на децата от подготвителните групи и учениците от I-IV клас,Норматив за подпомагане храненето на децата от подготвителните групи и учениците от I-IV клас,брой деца/ ученици,381419,106
13,Допълващ стандарт за материална база,Допълващ стандарт за материална база,брой ученици,574825,18
14,Допълващ стандарт за ученик в комбинирана форма на обучение,Допълващ стандарт за ученик в комбинирана форма на обучение,брой ученици,1100,1525
15,Норматив за осигуряване на целодневна организация на учебния ден за обхванатите ученици от І до VII клас,Норматив за група за целодневна организация на учебния ден,брой групи,10996,2118
15,Норматив за осигуряване на целодневна организация на учебния ден за обхванатите ученици от І до VII клас,Норматив за ученик в група за целодневна организация на учебния ден,брой ученици,242683,852
18,"Средства за занимания по интереси за неспециализирани, специализирани и специални училища",Норматив за институция,брой институции,1935,1435
18,"Средства за занимания по интереси за неспециализирани, специализирани и специални училища",Норматив за ученик в дневна форма на обучение и дуална система на обучение,брой ученици,574220,24
19,Норматив за стипендии,"Норматив за стипендии: за ученик в паралелка от гимназиален етап на обучение в специални, специализирани и неспециализирани училища без паралелки за професионална подготовка - за ученик в паралелка за професионална подготовка в неспециализирани училища , направления „Стопанско управление и администрация“, „Социални услуги“ и „Услуги за личността“",брой ученици,134318,51
19,Норматив за стипендии,"Норматив за стипендии: за ученик в професионална паралелка – с изключение на паралелките от направления „Стопанско управление и администрация“, „Социални услуги“ и „Услуги за личността“",брой ученици,47114,57
19,Норматив за стипендии,Норматив за стипендии: за ученик в дуална система на обучение в класовете от първи гимназиален етап или в паралелка по защитена специалност от професия или специалност от професия с очакван недостиг от специалисти на пазара на труда,брой ученици,20272,134
20,"Допълващ стандарт за поддръжка на автобуси, предоставени на училищата за осигуряване на транспорт на деца и ученици, в зависимост от броя на местата на автобусите","Допълващ стандарт за поддръжка на автобуси, предоставени на училищата за осигуряване на транспорт на деца и ученици, в зависимост от броя на местата на автобусите: до 10 места",брой автобуси,63,1341
20,"Допълващ стандарт за поддръжка на автобуси, предоставени на училищата за осигуряване на транспорт на деца и ученици, в зависимост от броя на местата на автобусите","Допълващ стандарт за поддръжка на автобуси, предоставени на училищата за осигуряване на транспорт на деца и ученици, в зависимост от броя на местата на автобусите: от 11 до 15 места",брой автобуси,132,2012
20,"Допълващ стандарт за поддръжка на автобуси, предоставени на училищата за осигуряване на транспорт на деца и ученици, в зависимост от броя на местата на автобусите","Допълващ стандарт за поддръжка на автобуси, предоставени на училищата за осигуряване на транспорт на деца и ученици, в зависимост от броя на местата на автобусите: от 16 до 25 места",брой автобуси,109,2683
20,"Допълващ стандарт за поддръжка на автобуси, предоставени на училищата за осигуряване на транспорт на деца и ученици, в зависимост от броя на местата на автобусите","Допълващ стандарт за поддръжка на автобуси, предоставени на училищата за осигуряване на транспорт на деца и ученици, в зависимост от броя на местата на автобусите: от 26 до 29 места",брой автобуси,71,3354
20,"Допълващ стандарт за поддръжка на автобуси, предоставени на училищата за осигуряване на транспорт на деца и ученици, в зависимост от броя на местата на автобусите","Допълващ стандарт за поддръжка на автобуси, предоставени на училищата за осигуряване на транспорт на деца и ученици, в зависимост от броя на местата на автобусите: над 30 места",брой автобуси,456,4024
22,"Норматив за ученик, записан в неспециализирано училище, обучаващ се в ЦСОП","Норматив за ученик, записан в неспециализирано училище, обучаващ се в ЦСОП",брой ученици,2998,11
23,Допълващ стандарт за ученик в дневна форма на обучение и дуална система на обучение в първи и втори гимназиален етап,"Допълващ стандарт за ученик в дневна форма на обучение и дуална система на обучение в първи и втори гимназиален етап: за ученици в паралелки за професионална подготовка в неспециализирани училища, в паралелки в специализирани и специални училища и в центрове за специална образователна подкрепа",брой ученици,68417,47
23,Допълващ стандарт за ученик в дневна форма на обучение и дуална система на обучение в първи и втори гимназиален етап,Допълващ стандарт за ученик в дневна форма на обучение и дуална система на обучение в първи и втори гимназиален етап: за ученици в паралелки за профилирана подготовка в неспециализирани училища,брой ученици,112353,87
25,Допълващ стандарт за ученик с разширена подготовка по музика в основната степен,Допълващ стандарт за ученик с разширена подготовка по музика в основната степен,брой ученици,2412,548
26,Норматив за издръжка на дете в общинска или държавна детска градина или училище,Норматив за издръжка на дете в общинска или държавна детска градина или училище,брой деца,225278,575
