ownership,moh_name,reg_no,matched_by,note
state,"МБАЛ ""Благоевград"" АД",0103211001,name,
state,СБР МАРИКОСТИНОВО ЕООД,0133232006,name,
state,"УМБАЛ ""Бургас"" АД",0204211001,name,
state,СБР - БМБ ЕАД,0204232016,name,
state,"УМБАЛ ""Св.Марина"" - Варна ЕАД",0306211001,manual,
state,"МБАЛ ""Св. Анна""- Варна АД",0306211002,name,
state,"МОБАЛ ""Д-р Стефан Черкезов"" АД, Велико Търново",0404211001,name,
state,"МБАЛ ""Св. Петка"" АД, Видин",0509211001,name,
state,"МБАЛ ""Христо Ботев"" АД, Враца",0610211001,name,
state,СБДПЛРВБ МЕЗДРА ЕООД,0627252021,manual,
state,СБЛРВБ МЕЗДРА ЕООД,0627252021,manual,
state,СБПЛРВБ МЕЗДРА ЕООД,0627252021,name,
state,"СБДПЛББ - РОМАН ЕООД, гр. Роман",0632222014,manual,
state,"СБПЛББ - РОМАН ЕООД, гр. Роман",0632222014,manual,
state,"МБАЛ ""Д-р Тота Венкова"" АД, Габрово",0705211001,name,
state,"СБАЛББ - ГАБРОВО ЕООД, гр. Габрово",0705212005,manual,
state,СБР ТУЗЛАТА ЕООД,0803232008,name,
state,"МБАЛ ""Добрич"" АД",0828211001,name,
state,"МБАЛ ""Д-р Ат. Дафовски"" АД, Кърджали",0916211001,name,
state,"МБАЛ ""Д-р Никола Василев"" АД Кюстендил",1029211001,manual,
state,"МБАЛ ""Проф. Д-р П.Стоянов"" АД, Ловеч",1118211001,name,
state,"СБАЛББ - ТРОЯН ЕООД, гр. Троян",1134212005,manual,
state,"МБАЛ ""Д-р Ст.Илиев"" АД, Монтана",1229211001,name,
state,"СБПЛРПФЗ ""Св. Петка Българска"" ЕООД, гр. Велинград",1308212012,name,
state,"МБАЛ ""Пазарджик"" АД",1319211001,manual,
state,"МБАЛ ""Рахила Ангелова"" АД, Перник",1432211001,name,
state,"СБАЛББ - ПЕРНИК ЕООД, гр. Перник",1432212005,manual,
state,"СБАЛББ""Свети Пантелеймон"" ЕООД, гр. Перник",1432212005,manual,
state,"УМБАЛ ""Георги Странски"" - Плевен ЕАД",1524211001,name,
state,"УМБАЛ ""Св. Георги"" - Пловдив ЕАД",1622211001,name,
state,"УМБАЛ ""Пловдив"" АД",1622211002,name,
state,"МБАЛ ""Св. Ив. Рилски"" АД, Разград",1726211001,manual,
state,"УМБАЛ ""Канев"" АД, Русе",1827211001,name,
state,"МБАЛ ""Силистра"" АД",1931211001,name,
state,СБПЛР КОТЕЛ ЕООД,2011252017,manual,
state,СБР КОТЕЛ ЕООД,2011252017,name,
state,"МБАЛ ""Д-р Ив. Селимински"" Ад, Сливен",2020211001,name,
state,"МБАЛ ""Д-р Братан Шукеров"" АД, Смолян",2131211001,name,
state,"УМБАЛ ""Св. Анна"" АД, София",2201211001,name,
state,"УМБАЛ ""Царица Йоанна - ИСУЛ"" ЕАД",2201211002,name,
state,"УМБАЛСМ ""Н.И. ПИРОГОВ"" ЕАД",2201211003,name,
state,"УМБАЛ ""Св. Ив. Рилски"" ЕАД",2201211004,name,
state,"УМБАЛ ""Проф. д-р Ал. Чирков"" ЕАД",2201211005,name,
state,"УМБАЛ ""Св. Екатерина"" ЕАД",2201211005,name,
state,"УМБАЛ ""Александровска"" ЕАД",2201211055,name,
state,МБАЛ - НКБ ЕАД,2201211083,name,
state,МБАЛ Лозенец ЕАД,2201211109,manual,
state,"СБАЛАГ ""Майчин дом"" ЕАД",2201212006,name,
state,"МБАЛНП ""Св. Наум"" ЕАД",2201212009,name,
state,"СБАЛО ""Проф. Бойчо Бойчев"" ЕАД",2201212010,name,
state,"УСБАЛЕ ""Акад. Ив. Пенчев"" ЕАД",2201212011,name,
state,"СБАЛДБ Проф. Иван Митев"" ЕАД",2201212012,name,
state,"УСБАЛДБ Проф. Иван Митев"" ЕАД",2201212012,name,
state,"СБАЛИПБ Проф. Иван Киров"" ЕАД",2201212014,name,
state,СБАЛХЗ ЕАД,2201212075,name,
state,УСБАЛ по онкология ЕАД,2201214020,name,
state,УСБАЛО „Проф. Иван Черноземски“ ЕАД,2201214020,manual,
state,НСБФТР ЕАД,2201234021,name,
state,СБАЛОЗ-СОФИЯ ОБЛАСТ ЕООД,2301212022,name,
state,СБАЛПФЗ-СОФИЯ ОБЛАСТ ЕООД,2301212023,name,
state,"СБПФЗДПЛР""Цар Фердинанд І"" ЕООД, с.Искрец",2343222013,name,
state,"СБПФЗПЛР""Цар Фердинанд І"" ЕООД, с.Искрец",2343222013,name,
state,"УМБАЛ ""Д-р Ст. Киркович"" АД, Стара Загора",2431211002,name,
state,"МБАЛ ""Търговище"" АД",2535211001,name,
state,"МБАЛ ""Хасково"" АД",2634211001,name,
state,"МБАЛ ""Шумен"" АД",2730211001,name,
state,"МБАЛ ""Св. Панталеймон"" АД, Ямбол",2826211001,manual,
state,"ДСБДПЛББ - ТРЯВНА ЕООД, гр. Трявна",,,No NHIF hospital-care payments in 2024–2026
state,"СБАЛББ ""Св. София""ЕАД",,,No NHIF hospital-care payments in 2024–2026
state,"СБДПЛББ - ТРЯВНА ЕООД, гр. Трявна",,,No NHIF hospital-care payments in 2024–2026
state,"СБПЛББ Царица Йоанна - ТРЯВНА ЕООД, гр. Трявна",,,No NHIF hospital-care payments in 2024–2026
state,СБР - НК ЕАД,,,The NHIF pays each branch under its own number; the Ministry reports the company as a whole
state,ЦПЗ-СОФИЯ ЕООД,,,No NHIF hospital-care payments in 2024–2026
municipal,"СБАЛО ""Св.Мина"" ЕООД Благоевград",0103212016,name,
municipal,СБАЛО Св.Мина ЕООД Благоевград,0103212016,name,
municipal,СБАЛПФЗ Благоевград ЕООД,0103212017,name,
municipal,"МБАЛ ""Д-р Ив.Скендеров"" ЕООД Гоце Делчев",0111211004,manual,
municipal,МБАЛ Д-р Ив.Скендеров ЕООД Гоце Делчев,0111211004,manual,
municipal,МБАЛ Разлог ЕООД,0137211002,name,
municipal,"МБАЛ Югозпадна болница ООД Сандански, Петрич",0140211003,manual,
municipal,МБАЛ Айтос ЕООД,0201211002,name,
municipal,СБАЛПФЗ Бургас ЕООД,0204212010,name,
municipal,КОЦ Бургас ЕООД,0204334013,name,
municipal,МБАЛ Средец ЕООД,0206211005,name,
municipal,МБАЛ Карнобат ЕООД,0209211003,name,
municipal,МБАЛ Поморие ЕООД,0217211004,name,
municipal,СБОБАЛ Варна ЕООД,0306212007,name,
municipal,"СБАГАЛ ""Проф. Д-р П Стаматов"" ЕООД Варна",0306212008,name,
municipal,СБАГАЛ Проф. Д-р П Стаматов ЕООД Варна,0306212008,name,
municipal,СБАЛОЗ Варна ЕООД,0306212026,manual,
municipal,МБАЛ Девня ЕООД,0314211005,name,
municipal,"МБАЛ ""Царица Йоанна"" ЕООД Провадия",0324211004,name,
municipal,МБАЛ Царица Йоанна ЕООД Провадия,0324211004,name,
municipal,"СБАЛПФЗ ""Д-р Трейман"" ЕООД",0404212017,manual,
municipal,СБАЛПФЗ Д-р Трейман ЕООД,0404212017,manual,
municipal,ЦКВЗ Велико Търново ЕООД,0404333010,name,
municipal,КОЦ Велико Търново ЕООД,0404334009,name,
municipal,"МБАЛ ""Св. Иван Рилски"" ЕООД - Горна Оряховица",0406211002,name,
municipal,МБАЛ Св. Иван Рилски ЕООД - Горна Оряховица,0406211002,name,
municipal,МБАЛ Павликени ЕООД,0422211004,manual,
municipal,"МБАЛ ""Д-р Димитър Павлович"" ЕООД Свищов",0428211006,name,
municipal,МБАЛ Д-р Димитър Павлович ЕООД Свищов,0428211006,name,
municipal,"МБАЛ ""Проф. д-р Г. Златарски"" ЕООД Белоградчик",0501211002,name,
municipal,МБАЛ Проф. д-р Г. Златарски ЕООД Белоградчик,0501211002,name,
municipal,МБАЛ Бяла Слатина ЕООД,0608211003,name,
municipal,СБАЛПФЗ Враца ЕООД,0610212018,name,
municipal,ЦКВЗ Враца ЕООД,0610333009,name,
municipal,КОЦ Враца ЕООД,0610334010,name,
municipal,"МБАЛ ""Св. Иван Рилски"" ЕООД Козлодуй",0620211004,name,
municipal,МБАЛ Св. Иван Рилски ЕООД Козлодуй,0620211004,name,
municipal,МБАЛ Мездра ЕООД,0627211002,name,
municipal,"МБАЛ ""Д-р Стойчо Христов"" ЕООД Севлиево",0729211003,name,
municipal,МБАЛ Д-р Стойчо Христов ЕООД Габрово,0729211003,name,
municipal,"МБАЛ ""Д-р Теодоси Витанов"" ЕООД Трявна",0735211004,name,
municipal,МБАЛ Д-р Теодоси Витанов ЕООД Габрово,0735211004,name,
municipal,МБАЛ Балчик ЕООД,0803211002,name,
municipal,МБАЛ Каварна ЕООД,0817211003,name,
municipal,МБАЛ Ардино ЕООД,0902211002,name,
municipal,МБАЛ Живот+ ЕООД Крумовград,0915211004,name,
municipal,МБАЛ Д-р С. Ростовцев ЕООД Момчилград,0921211003,name,
municipal,"МБАЛ ""Св. Иван Рилски"" ЕООД Дупница",1048211002,manual,
municipal,МБАЛ Св. Иван Рилски ЕООД Дупница,1048211002,manual,
municipal,МБАЛ Луковит,1119211004,name,
municipal,МБАЛ Тетевен,1133211003,manual,
municipal,МБАЛ Троян,1134211002,name,
municipal,МБАЛ ЕООД гр. Берковица,1202211002,name,
municipal,МБАЛ ЕООД гр. Берковица Монтана,1202211002,manual,
municipal,"МБАЛ ""Св. Николай Чудотворец"" ЕООД гр. Лом",1224211003,name,
municipal,МБАЛ Св. Николай Чудотворец ЕООД гр. Лом,1224211003,name,
municipal,МБАЛ Велинград ЕООД,1308211004,manual,
municipal,СБАЛПФЗ Пазарджик ЕООД,1319212018,manual,
municipal,СБПЛР ЕООД Перник,1432252010,name,
municipal,МБАЛ Белене ЕООД,1503211006,name,
municipal,МБАЛ Гулянци ЕООД,1508211005,name,
municipal,МБАЛ Левски ЕООД,1516211003,name,
municipal,МБАЛ Никопол ЕООД,1521211004,name,
municipal,МБАЛ Червен бряг ЕООД,1537211002,name,
municipal,МБАЛ Кнежа ЕООД,1539211012,name,
municipal,МБАЛ Асеновград ЕООД,1601211005,name,
municipal,"МБАЛ ""Д-р Киро Попов"" ЕООД Карлово",1613211006,name,
municipal,МБАЛ Д-р Киро Попов ЕООД Карлово,1613211006,name,
municipal,"МБАЛ ""Св.Мина"" ЕООД Пловдив",1622211003,name,
municipal,МБАЛ Св.Мина ЕООД Пловдив,1622211003,name,
municipal,"МБАЛ ""Св. Пантелеймон"" ЕООД Пловдив",1622211004,name,
municipal,МБАЛ Св. Пантелеймон ЕООД Пловдив,1622211004,name,
municipal,ЦКВЗ Пловдив ЕООД,1622333018,name,
municipal,КОЦ Пловдив ЕООД,1622334019,name,
municipal,МБАЛ Първомай ЕООД гр. Първомай,1623211007,manual,
municipal,МБАЛ Раковски ЕООД гр. Раковски,1625211008,manual,
municipal,МБПЛ Стамболийски ЕООД,1641221054,manual,
municipal,МБПЛ Иван Раев Сопот ЕООД,1643221052,name,
municipal,МБАЛ Исперих ЕООД,1714211002,name,
municipal,МБАЛ Исперих ЕООД Разград,1714211002,manual,
municipal,МБАЛ Кубрат ЕООД,1716211003,name,
municipal,МБАЛ Кубрат ЕООД Разград,1716211003,manual,
municipal,"МБАЛ ""Д-р Юлия Вревска"" ЕООД Бяла",1804211002,name,
municipal,МБАЛ Д-р Юлия Вревска ЕООД Бяла,1804211002,name,
municipal,"СБАЛПФЗ ""Д-р Димитър Граматиков"" ЕООД",1827212016,manual,
municipal,СБАЛПФЗ Д-р Димитър Граматиков ЕООД,1827212016,manual,
municipal,КОЦ РУСЕ ЕООД,1827334009,name,
municipal,КОЦ Русе ЕООД,1827334009,name,
municipal,МБАЛ Дулово ЕООД,1910211003,name,
municipal,МБАЛ Тутракан ЕООД,1934211002,name,
municipal,"МБАЛ ""Св.Петка Българска- Нова Загора"" ЕООД",2016211002,name,
municipal,МБАЛ Св.Петка българска- Нова Загора ЕООД,2016211002,name,
municipal,МБАЛ Девин ЕАД,2109211004,manual,
municipal,"МБАЛ""Проф. д-р Асен Шопов""ЕООД Златоград",2111211002,name,
municipal,МБАЛПроф. д-р Асен ШоповЕООД Златоград,2111211002,manual,
municipal,"МБАЛ""Проф. д-р Константин Чилов""ЕООД Мадан",2116211003,name,
municipal,МБАЛПроф. д-р Константин ЧиловЕООД Мадан,2116211003,manual,
municipal,Първа МБАЛ София АД,2201211032,name,
municipal,"Университетска Първа МБАЛ София "" Св.Йоан Кръстител"" ЕАД",2201211032,manual,
municipal,Втора МБАЛ - София АД,2201211033,name,
municipal,Четвърта МБАЛ София ЕАД,2201211034,name,
municipal,"Пета МБАЛ ""Княгиня Клементина""- София ЕАД",2201211035,manual,
municipal,Пета МБАЛ София АД,2201211035,name,
municipal,"Първа САГБАЛ ""Св. София"" АД",2201212007,name,
municipal,Първа САГБАЛ Св. София АД,2201212007,name,
municipal,Втора САГБАЛ Шейново АД,2201212008,name,
municipal,СБАЛОЗ ЕООД София,2201212086,name,
municipal,СБПЛР Кремиковци ЕООД,2201222024,name,
municipal,СБДПЛР Бухово ЕООД,2201222025,manual,
municipal,СБДПЛР„Панчарево“,2201222026,manual,
municipal,"СБПЛРДЦП ""Св. София"" ЕООД",2201222027,name,
municipal,СБПЛРДЦП Св. София ЕООД,2201222027,name,
municipal,"ЦПЗ ""Проф. Шипковенски"" ЕООД София",2201331047,name,
municipal,ЦПЗ Проф. Шипковенски ЕООД София,2201331047,name,
municipal,МБАЛ Ботевград ЕООД,2307211002,name,
municipal,МБАЛ Елин Пелин ЕООД,2317211004,name,
municipal,"МБАЛ ""Проф. д-р Ал. Герчев"" Етрополе ЕООД",2318211005,name,
municipal,МБАЛ Проф. д-р Ал. Герчев Етрополе ЕООД,2318211005,name,
municipal,МБАЛ Ихтиман ЕООД,2320211006,name,
municipal,СБДПЛР Костенец ЕООД,2325222010,manual,
municipal,МБАЛ Самоков ЕООД,2339211009,name,
municipal,МБАЛ Своге ЕООД,2343211008,name,
municipal,МБАЛ Пирдоп АД,2355211007,name,
municipal,МБАЛ Гълъбово ЕАД,2407211005,name,
municipal,"МБАЛ ""Д-р Христо Стамболски"" ЕООД Казанлък",2412211003,name,
municipal,МБАЛ Д-р Христо Стамболски ЕООД Стара Загора,2412211003,manual,
municipal,СБАЛПФЗ Стара Загора ЕООД,2431212027,name,
municipal,КОЦ Стара Загора ЕООД,2431334012,name,
municipal,МБАЛ Чирпан ЕООД,2436211004,name,
municipal,МБАЛ Омуртаг ЕАД,2522211003,name,
municipal,МБАЛ Попово ЕООД,2524211002,name,
municipal,"МБАЛ ""Св. Екатерина"" ЕООД Димитровград",2609211002,name,
municipal,МБАЛ Св. Екатерина ЕООД Димитровград,2609211002,name,
municipal,СБПЛР Любимец ЕООД,2617212008,manual,
municipal,МБАЛ Свиленград ЕООД,2628211004,name,
municipal,СБАЛВБ Тополовград ЕООД,2632212018,name,
municipal,МБАЛ Харманли ЕООД,2633211003,name,
municipal,СБАЛПФЗ Хасково ЕООД,2634212016,name,
municipal,СБАЛО Хасково ЕООД,2634212017,name,
municipal,МБАЛ Велики Преслав ЕООД,2723211002,name,
municipal,КОЦ Шумен ЕООД,2730334007,name,
municipal,"МБАЛ ""Св. Иван Рилски"" ЕООД Елхово",2807211002,name,
municipal,МБАЛ Св. Иван Рилски ЕООД Елхово,2807211002,name,
municipal,"МБАЛ ""Д-р Д. Чакмаков"" ЕООД Раднево",,,No NHIF hospital-care payments in 2024–2026
municipal,СБАЛПЗ Стара Загора ЕООД,,,No NHIF hospital-care payments in 2024–2026
municipal,СБАЛПФЗ Варна ЕООД,,,No NHIF hospital-care payments in 2024–2026
municipal,"ЦПЗ ""Д-р П Станчев"" Добрич ЕООД",,,No NHIF hospital-care payments in 2024–2026
municipal,"ЦПЗ ""Проф.д-р Иван Темков""Бургас ЕООД",,,Listed by the NHIF (0204331011) only with zero payments in 2024–2026
municipal,ЦПЗ Благоевград ЕООД,,,No NHIF hospital-care payments in 2024–2026
municipal,ЦПЗ В. Търново ЕООД,,,No NHIF hospital-care payments in 2024–2026
municipal,ЦПЗ Враца ЕООД,,,No NHIF hospital-care payments in 2024–2026
municipal,ЦПЗ Д-р П Станчев Добрич ЕООД,,,No NHIF hospital-care payments in 2024–2026
municipal,ЦПЗ Пловдив ЕООД,,,No NHIF hospital-care payments in 2024–2026
municipal,ЦПЗ Проф.д-р Иван ТемковБургас ЕООД,,,Listed by the NHIF (0204331011) only with zero payments in 2024–2026
municipal,ЦПЗ Русе ЕООД,,,No NHIF hospital-care payments in 2024–2026
municipal,ЦПЗ Смолян ЕООД,,,No NHIF hospital-care payments in 2024–2026
municipal,ЦПЗ Стара Загора ЕООД,,,No NHIF hospital-care payments in 2024–2026
municipal,ЦПЗ Хасково ЕООД,,,No NHIF hospital-care payments in 2024–2026
