oblast,municipality,total_delegated(1=2+3+4+5+6+7+8),municipal_administration(2),of_which_mayors(2a),of_which_admin_staff(2b),defence_security(3),education(4),health(5),social_services(6),culture(7),economic_activities(8)
ОБЛАСТ БЛАГОЕВГРАД,Банско,20336.9,1668.7,275.4,1393.3,254.6,13238.8,599.5,3562.6,1012.7,
ОБЛАСТ БЛАГОЕВГРАД,Белица,13168.5,1598.7,393.8,1204.9,183.1,9560.5,268.8,1225.0,332.4,
ОБЛАСТ БЛАГОЕВГРАД,Благоевград,99089.5,6593.0,830.3,5762.7,571.2,67035.4,8027.1,13216.7,3646.1,
ОБЛАСТ БЛАГОЕВГРАД,Гоце Делчев,47158.0,2774.3,374.2,2400.1,302.8,33826.2,2222.5,7248.6,783.6,
ОБЛАСТ БЛАГОЕВГРАД,Гърмен,21053.7,2111.2,525.1,1586.1,189.6,17252.2,338.5,868.9,293.3,
ОБЛАСТ БЛАГОЕВГРАД,Кресна,6628.8,1160.9,212.1,948.8,203.5,3310.8,572.1,1264.2,117.3,
ОБЛАСТ БЛАГОЕВГРАД,Петрич,52646.8,5187.7,1269.3,3918.4,312.5,41380.4,1708.9,3275.1,782.2,
ОБЛАСТ БЛАГОЕВГРАД,Разлог,25960.3,2058.8,302.1,1756.7,221.1,17460.1,755.2,4682.9,782.2,
ОБЛАСТ БЛАГОЕВГРАД,Сандански,48727.7,3717.4,1020.0,2697.4,332.1,35928.4,2667.6,4667.5,1414.7,
ОБЛАСТ БЛАГОЕВГРАД,Сатовча,18907.2,2111.1,477.3,1633.8,228.0,14212.6,1106.6,896.9,352.0,
ОБЛАСТ БЛАГОЕВГРАД,Симитли,18251.3,1902.4,466.3,1436.1,230.3,10190.4,471.5,5124.3,332.4,
ОБЛАСТ БЛАГОЕВГРАД,Струмяни,8833.1,1369.9,414.6,955.3,233.9,3455.9,236.7,3302.0,234.7,
ОБЛАСТ БЛАГОЕВГРАД,Хаджидимово,10293.3,1649.3,441.7,1207.6,202.1,7788.3,176.6,261.9,215.1,
ОБЛАСТ БЛАГОЕВГРАД,Якоруда,11591.1,1519.4,291.1,1228.3,231.4,8484.1,220.0,960.2,176.0,
ОБЛАСТ БУРГАС,Айтос,29779.8,2949.8,551.4,2398.4,275.9,22999.3,709.1,2376.4,469.3,
ОБЛАСТ БУРГАС,Бургас,259564.0,13408.4,399.9,13008.5,852.1,208353.2,13161.9,18793.2,4995.2,
ОБЛАСТ БУРГАС,Камено,12504.8,1749.6,424.1,1325.5,280.6,5992.6,174.6,3877.2,430.2,
ОБЛАСТ БУРГАС,Карнобат,32402.7,2823.3,851.9,1971.4,298.2,21026.2,666.9,6864.5,723.6,
ОБЛАСТ БУРГАС,Малко Търново,5973.0,1108.1,284.0,824.1,249.5,2255.1,78.4,1984.7,297.2,
ОБЛАСТ БУРГАС,Несебър,28382.7,2519.8,411.5,2108.3,355.7,23588.8,890.7,597.5,430.2,
ОБЛАСТ БУРГАС,Поморие,29422.6,2651.3,526.4,2124.9,279.6,21199.5,642.5,3848.0,801.7,
ОБЛАСТ БУРГАС,Приморско,7443.3,1240.1,222.1,1018.0,207.7,4133.2,193.9,1433.7,234.7,
ОБЛАСТ БУРГАС,Руен,28689.5,3722.3,1234.9,2487.4,218.1,23344.1,325.8,688.1,391.1,
ОБЛАСТ БУРГАС,Созопол,13207.4,1785.4,401.7,1383.7,286.8,8553.7,249.5,1737.2,594.8,
ОБЛАСТ БУРГАС,Средец,19931.2,2059.3,685.1,1374.2,300.2,12229.4,467.0,4146.2,729.1,
ОБЛАСТ БУРГАС,Сунгурларе,16245.6,2087.3,729.1,1358.2,262.9,10512.1,310.8,2525.0,547.5,
ОБЛАСТ БУРГАС,Царево,10337.3,1542.0,388.0,1154.0,237.8,7352.1,312.2,580.3,312.9,
ОБЛАСТ ВАРНА,Аврен,8303.0,1615.3,501.7,1113.6,226.2,5774.5,103.6,251.0,332.4,
ОБЛАСТ ВАРНА,Аксаково,19115.0,2410.0,663.8,1746.2,262.1,14434.4,566.1,992.6,449.8,
ОБЛАСТ ВАРНА,Белослав,16436.9,1418.4,170.6,1247.8,261.4,9966.0,482.5,218.6,273.8,3816.2
ОБЛАСТ ВАРНА,Бяла,5755.9,1037.5,183.6,853.9,197.9,3041.7,58.5,1224.7,195.6,
ОБЛАСТ ВАРНА,Варна,352270.6,24342.9,590.1,23752.8,2023.4,262032.9,27993.6,27804.8,8073.0,
ОБЛАСТ ВАРНА,Ветрино,5747.5,1288.5,325.9,962.6,260.9,3362.3,55.8,408.4,371.6,
ОБЛАСТ ВАРНА,Вълчи дол,13541.6,1796.8,622.6,1174.2,219.7,7791.3,176.8,3126.8,430.2,
ОБЛАСТ ВАРНА,Девня,9456.1,1312.7,128.3,1184.4,201.9,6197.0,340.9,965.2,438.4,
ОБЛАСТ ВАРНА,Долни чифлик,23213.7,2243.3,520.6,1722.7,240.6,15000.3,391.9,4770.5,567.1,
ОБЛАСТ ВАРНА,Дългопол,15227.4,1964.3,492.4,1471.9,254.8,11663.3,237.9,559.6,547.5,
ОБЛАСТ ВАРНА,Провадия,26177.9,2587.0,727.5,1859.5,272.6,18022.9,532.6,3273.5,1489.3,
ОБЛАСТ ВАРНА,Суворово,10056.2,1380.5,287.3,1093.2,224.6,7110.0,290.9,854.6,195.6,
ОБЛАСТ ВЕЛИКО ТЪРНОВО,Велико Търново,115342.4,5796.5,1059.5,4737.0,494.3,67418.5,7789.7,25405.2,8438.2,
ОБЛАСТ ВЕЛИКО ТЪРНОВО,Горна Оряховица,42874.0,3438.9,485.7,2953.2,316.1,27254.8,2487.1,7826.6,1550.5,
ОБЛАСТ ВЕЛИКО ТЪРНОВО,Елена,15608.9,1710.9,526.5,1184.4,277.8,7685.8,670.7,4446.2,817.5,
ОБЛАСТ ВЕЛИКО ТЪРНОВО,Златарица,8135.8,1230.7,325.3,905.4,230.7,3905.8,119.8,2472.8,176.0,
ОБЛАСТ ВЕЛИКО ТЪРНОВО,Лясковец,11001.6,1568.5,233.3,1335.2,223.0,7547.4,662.3,531.1,469.3,
ОБЛАСТ ВЕЛИКО ТЪРНОВО,Павликени,25947.2,2468.8,628.0,1840.8,259.3,16105.4,1275.2,4358.7,1479.8,
ОБЛАСТ ВЕЛИКО ТЪРНОВО,Полски Тръмбеш,11629.9,1861.1,488.9,1372.2,219.5,7910.2,155.4,994.8,488.9,
ОБЛАСТ ВЕЛИКО ТЪРНОВО,Свищов,32233.7,2791.4,515.5,2275.9,358.2,19999.7,687.1,6799.1,1598.2,
ОБЛАСТ ВЕЛИКО ТЪРНОВО,Стражица,15815.3,2023.2,623.2,1400.0,278.6,10270.9,272.0,2383.9,586.7,
ОБЛАСТ ВЕЛИКО ТЪРНОВО,Сухиндол,4989.3,995.4,197.6,797.8,215.3,1527.5,251.9,1823.2,176.0,
ОБЛАСТ ВИДИН,Белоградчик,11990.0,1400.9,389.3,1011.6,253.5,4620.1,200.0,4776.0,739.5,
ОБЛАСТ ВИДИН,Бойница,4990.8,907.6,197.6,710.0,222.0,806.8,17.3,2880.7,156.4,
ОБЛАСТ ВИДИН,Брегово,8161.8,1200.3,289.9,910.4,230.8,2064.4,227.7,4086.6,352.0,
ОБЛАСТ ВИДИН,Видин,54226.0,4913.9,973.4,3940.5,394.6,34677.5,2096.9,8787.2,3355.9,
ОБЛАСТ ВИДИН,Грамада,2397.5,965.8,219.0,746.8,182.7,963.6,48.0,81.0,156.4,
ОБЛАСТ ВИДИН,Димово,9621.7,1558.8,576.6,982.2,206.7,4723.0,178.7,2543.8,410.7,
ОБЛАСТ ВИДИН,Кула,7028.9,1148.2,274.8,873.4,230.9,2234.1,75.8,3046.6,293.3,
ОБЛАСТ ВИДИН,Макреш,2088.4,944.2,224.1,720.1,177.5,663.4,15.3,72.9,215.1,
ОБЛАСТ ВИДИН,Ново село,5426.7,982.7,190.9,791.8,219.5,1736.5,31.0,2222.3,234.7,
ОБЛАСТ ВИДИН,Ружинци,6624.8,1159.6,294.7,864.9,242.7,4197.9,137.4,691.6,195.6,
ОБЛАСТ ВИДИН,Чупрене,4978.1,1012.6,258.1,754.5,231.1,1609.7,44.5,1904.2,176.0,
ОБЛАСТ ВРАЦА,Борован,7540.9,1149.7,190.9,958.8,264.5,4693.0,157.5,1041.5,234.7,
ОБЛАСТ ВРАЦА,Бяла Слатина,31620.3,2374.2,491.5,1882.7,303.1,21331.2,1156.5,5673.1,782.2,
ОБЛАСТ ВРАЦА,Враца,87594.7,5242.3,719.3,4523.0,487.8,59740.9,4921.6,13166.4,4035.7,
ОБЛАСТ ВРАЦА,Козлодуй,28116.2,1901.5,214.4,1687.1,331.0,18838.7,855.2,5779.1,410.7,
ОБЛАСТ ВРАЦА,Криводол,9121.5,1571.2,471.0,1100.2,183.7,6469.9,197.9,307.7,391.1,
ОБЛАСТ ВРАЦА,Мездра,24954.8,2468.5,797.8,1670.7,319.9,15686.9,520.3,5196.6,762.6,
ОБЛАСТ ВРАЦА,Мизия,7583.0,1237.2,219.5,1017.7,255.1,4665.8,126.5,1024.6,273.8,
ОБЛАСТ ВРАЦА,Оряхово,11192.7,1484.7,256.6,1228.1,285.9,8057.1,525.3,487.7,352.0,
ОБЛАСТ ВРАЦА,Роман,10334.4,1311.6,343.0,968.6,249.8,5120.7,174.6,3125.7,352.0,
ОБЛАСТ ВРАЦА,Хайредин,6645.2,1113.8,219.5,894.3,226.4,3280.4,68.3,1741.2,215.1,
ОБЛАСТ ГАБРОВО,Габрово,58934.8,4596.5,792.3,3804.2,451.4,33402.5,4556.3,9302.1,6626.0,
ОБЛАСТ ГАБРОВО,Дряново,16732.4,1396.9,255.5,1141.4,249.6,4591.7,679.6,8782.0,1032.6,
ОБЛАСТ ГАБРОВО,Севлиево,38179.0,3316.4,860.0,2456.4,413.5,22951.4,894.1,8981.9,1621.7,
ОБЛАСТ ГАБРОВО,Трявна,11192.9,1530.5,280.6,1249.9,234.6,5362.1,180.1,2443.8,1441.8,
ОБЛАСТ ДОБРИЧ,Балчик,20327.6,2368.7,600.2,1768.5,261.2,13828.3,359.6,2457.2,1052.6,
ОБЛАСТ ДОБРИЧ,Генерал Тошево,13973.9,2441.6,974.5,1467.1,266.7,8371.3,849.0,879.6,1165.7,
ОБЛАСТ ДОБРИЧ,Добрич,87129.5,5108.6,93.8,5014.8,443.0,59163.9,6825.5,11996.8,3591.7,
ОБЛАСТ ДОБРИЧ,Добричка,22568.7,3919.8,1924.1,1995.7,280.4,13353.8,307.8,3787.8,919.1,
ОБЛАСТ ДОБРИЧ,Каварна,17895.3,2024.9,559.8,1465.1,273.5,10060.8,975.5,3692.9,867.7,
ОБЛАСТ ДОБРИЧ,Крушари,6444.8,1527.2,480.1,1047.1,216.9,3231.5,55.1,1120.8,293.3,
ОБЛАСТ ДОБРИЧ,Тервел,15166.6,2835.5,757.7,2077.8,260.4,9984.9,607.7,891.4,586.7,
ОБЛАСТ ДОБРИЧ,Шабла,5739.3,1306.1,397.2,908.9,232.7,2852.3,369.3,529.1,449.8,
ОБЛАСТ КЪРДЖАЛИ,Ардино,12258.6,3574.1,1269.9,2304.2,201.2,5767.9,115.8,2052.0,547.6,
ОБЛАСТ КЪРДЖАЛИ,Джебел,10283.0,3610.9,1323.8,2287.1,209.1,5512.2,119.1,479.7,352.0,
ОБЛАСТ КЪРДЖАЛИ,Кирково,20585.1,4822.1,1919.8,2902.3,277.2,13603.6,281.0,1210.1,391.1,
ОБЛАСТ КЪРДЖАЛИ,Крумовград,23581.5,4941.3,2051.8,2889.5,254.9,14714.1,387.7,2990.2,293.3,
ОБЛАСТ КЪРДЖАЛИ,Кърджали,84665.8,9183.1,2901.2,6281.9,457.8,59455.3,2450.5,10116.5,3002.6,
ОБЛАСТ КЪРДЖАЛИ,Момчилград,16757.9,3906.7,1205.3,2701.4,224.3,9314.4,751.5,2345.9,215.1,
ОБЛАСТ КЪРДЖАЛИ,Черноочене,9492.5,2587.2,1061.1,1526.1,188.3,5600.3,80.5,821.1,215.1,
ОБЛАСТ КЮСТЕНДИЛ,Бобовдол,7876.3,1539.5,467.1,1072.4,216.7,3540.6,112.3,1900.1,567.1,
ОБЛАСТ КЮСТЕНДИЛ,Бобошево,2638.6,1111.3,322.7,788.6,160.5,1070.9,18.1,121.4,156.4,
ОБЛАСТ КЮСТЕНДИЛ,Дупница,41379.8,3459.0,525.7,2933.3,330.8,30576.6,2319.3,3911.9,782.2,
ОБЛАСТ КЮСТЕНДИЛ,Кочериново,5809.1,1129.8,277.3,852.5,166.8,2630.6,115.1,1551.7,215.1,
ОБЛАСТ КЮСТЕНДИЛ,Кюстендил,60993.9,5994.9,1474.5,4520.4,458.4,33992.7,1471.0,14737.1,4339.8,
ОБЛАСТ КЮСТЕНДИЛ,Невестино,3253.2,1142.4,385.1,757.3,210.3,1527.7,34.9,161.9,176.0,
ОБЛАСТ КЮСТЕНДИЛ,Рила,4093.1,988.5,173.6,814.9,210.1,1464.8,33.5,1239.8,156.4,
ОБЛАСТ КЮСТЕНДИЛ,Сапарева баня,6938.9,1227.6,169.0,1058.6,205.3,4690.6,476.1,202.4,136.9,
ОБЛАСТ КЮСТЕНДИЛ,Трекляно,1978.2,1058.6,365.5,693.1,162.1,564.9,2.4,72.9,117.3,
ОБЛАСТ ЛОВЕЧ,Априлци,4837.8,962.5,147.0,815.5,318.4,2055.4,34.0,1193.7,273.8,
ОБЛАСТ ЛОВЕЧ,Летница,5366.0,1108.8,152.2,956.6,228.0,2592.8,128.8,1053.4,254.2,
ОБЛАСТ ЛОВЕЧ,Ловеч,50852.0,3988.0,988.1,2999.9,531.4,27961.4,3145.4,11642.9,3582.9,
ОБЛАСТ ЛОВЕЧ,Луковит,23815.0,2058.7,401.7,1657.0,319.1,17327.8,881.2,2778.4,449.8,
ОБЛАСТ ЛОВЕЧ,Тетевен,23612.2,2156.8,437.1,1719.7,296.4,16414.9,928.7,3052.8,762.6,
ОБЛАСТ ЛОВЕЧ,Троян,32537.7,2834.9,667.5,2167.4,311.1,19935.4,1713.2,5990.3,1752.8,
ОБЛАСТ ЛОВЕЧ,Угърчин,8281.4,1331.6,334.7,996.9,228.9,4970.2,221.8,1235.6,293.3,
ОБЛАСТ ЛОВЕЧ,Ябланица,10025.9,1297.1,292.1,1005.0,180.4,7850.9,250.4,153.8,293.3,
ОБЛАСТ МОНТАНА,Берковица,24457.5,2027.0,401.6,1625.4,259.4,12244.0,815.5,8740.1,371.5,
ОБЛАСТ МОНТАНА,Бойчиновци,8992.2,1531.4,417.2,1114.2,250.0,5016.0,226.2,1518.8,449.8,
ОБЛАСТ МОНТАНА,Брусарци,5680.1,1193.0,292.1,900.9,221.5,3541.0,112.2,358.2,254.2,
ОБЛАСТ МОНТАНА,Вълчедръм,10958.9,1484.8,356.7,1128.1,224.5,7342.5,263.1,1350.7,293.3,
ОБЛАСТ МОНТАНА,Вършец,8531.8,1320.8,244.0,1076.8,237.1,5826.2,158.0,755.0,234.7,
ОБЛАСТ МОНТАНА,Георги Дамяново,3763.7,1141.2,375.8,765.4,203.8,1485.3,16.4,682.3,234.7,
ОБЛАСТ МОНТАНА,Лом,31311.1,2396.3,337.0,2059.3,308.1,17109.5,1171.7,9699.7,625.8,
ОБЛАСТ МОНТАНА,Медковец,4841.3,1041.4,183.6,857.8,196.0,3054.3,153.6,180.9,215.1,
ОБЛАСТ МОНТАНА,Монтана,56668.0,3985.1,707.5,3277.6,641.2,35814.4,4339.6,9068.2,2819.5,
ОБЛАСТ МОНТАНА,Чипровци,3055.3,1142.1,303.8,838.3,199.0,965.9,50.3,153.8,544.2,
ОБЛАСТ МОНТАНА,Якимово,3821.6,1046.9,169.0,877.9,229.4,2206.6,49.4,113.3,176.0,
ОБЛАСТ ПАЗАРДЖИК,Батак,9857.0,1152.2,144.0,1008.2,206.7,4143.0,86.8,3541.9,726.4,
ОБЛАСТ ПАЗАРДЖИК,Белово,8414.7,1392.6,275.4,1117.2,263.3,4983.3,93.4,1291.0,391.1,
ОБЛАСТ ПАЗАРДЖИК,Брацигово,9459.8,1397.2,246.1,1151.1,205.3,4855.7,276.3,2412.4,312.9,
ОБЛАСТ ПАЗАРДЖИК,Велинград,44083.2,3167.6,640.4,2527.2,308.0,32521.7,818.4,6169.6,1097.9,
ОБЛАСТ ПАЗАРДЖИК,Лесичово,7391.9,1198.2,253.5,944.7,204.9,2946.1,61.4,2707.5,273.8,
ОБЛАСТ ПАЗАРДЖИК,Пазарджик,113161.6,6983.4,1050.0,5933.4,521.7,80026.4,2707.4,18575.9,4346.8,
ОБЛАСТ ПАЗАРДЖИК,Панагюрище,22061.6,2205.5,327.2,1878.3,251.2,15121.2,631.5,2523.3,1328.9,
ОБЛАСТ ПАЗАРДЖИК,Пещера,18241.5,2025.8,168.0,1857.8,251.3,12709.4,474.2,2487.5,293.3,
ОБЛАСТ ПАЗАРДЖИК,Ракитово,17600.0,1699.3,156.5,1542.8,232.5,13169.2,449.4,1775.8,273.8,
ОБЛАСТ ПАЗАРДЖИК,Септември,25332.1,2477.2,488.9,1988.3,264.6,18583.1,575.8,2381.8,1049.6,
ОБЛАСТ ПАЗАРДЖИК,Стрелча,5686.3,1110.2,178.8,931.4,246.0,3403.5,164.1,463.3,299.2,
ОБЛАСТ ПАЗАРДЖИК,Сърница,6550.7,1093.3,137.6,955.7,171.6,4505.5,62.7,658.9,58.7,
ОБЛАСТ ПЕРНИК,Брезник,8152.0,1541.2,565.1,976.1,238.5,4274.6,154.1,1431.2,512.4,
ОБЛАСТ ПЕРНИК,Земен,2997.8,1070.0,296.1,773.9,199.3,1293.1,58.4,161.9,215.1,
ОБЛАСТ ПЕРНИК,Ковачевци,3123.5,990.3,265.4,724.9,221.8,600.4,12.0,1005.7,293.3,
ОБЛАСТ ПЕРНИК,Перник,91424.2,5564.5,683.7,4880.8,471.3,65049.4,4099.1,12472.3,3767.6,
ОБЛАСТ ПЕРНИК,Радомир,21251.0,2417.1,812.7,1604.4,276.0,11811.4,344.0,5737.6,664.9,
ОБЛАСТ ПЕРНИК,Трън,6431.4,1303.2,437.3,865.9,188.8,2527.2,119.6,1960.2,332.4,
ОБЛАСТ ПЛЕВЕН,Белене,7495.0,1350.9,208.0,1142.9,264.5,4565.0,261.4,681.7,371.5,
ОБЛАСТ ПЛЕВЕН,Гулянци,10778.6,1629.0,392.7,1236.3,229.5,7256.8,395.8,876.4,391.1,
ОБЛАСТ ПЛЕВЕН,Долна Митрополия,16070.2,2159.5,527.4,1632.1,310.7,11340.2,322.5,1370.2,567.1,
ОБЛАСТ ПЛЕВЕН,Долни Дъбник,13190.5,1700.7,269.2,1431.5,290.5,9652.1,238.6,1015.3,293.3,
ОБЛАСТ ПЛЕВЕН,Искър,6054.4,1213.0,169.0,1044.0,192.6,4059.8,140.5,194.3,254.2,
ОБЛАСТ ПЛЕВЕН,Левски,18186.4,2121.0,428.2,1692.8,291.5,11269.7,461.6,3280.0,762.6,
ОБЛАСТ ПЛЕВЕН,Никопол,8321.7,1586.5,429.6,1156.9,248.2,4116.6,70.1,1752.8,547.5,
ОБЛАСТ ПЛЕВЕН,Плевен,127239.4,7368.6,805.2,6563.4,552.7,91537.6,11042.2,9731.7,7006.6,
ОБЛАСТ ПЛЕВЕН,Пордим,9170.8,1244.4,272.7,971.7,185.4,5430.0,71.7,2004.7,234.6,
ОБЛАСТ ПЛЕВЕН,Червен бряг,27993.0,2601.4,485.2,2116.2,340.1,20597.1,1529.0,2338.7,586.7,
ОБЛАСТ ПЛЕВЕН,Кнежа,16883.2,1558.8,170.6,1388.2,240.8,13472.0,914.8,364.3,332.5,
ОБЛАСТ ПЛОВДИВ,Асеновград,57188.0,4902.2,684.3,4217.9,412.2,41849.4,2115.0,6811.3,1097.9,
ОБЛАСТ ПЛОВДИВ,Брезово,8564.6,1460.2,475.0,985.2,213.9,5243.6,96.0,1257.6,293.3,
ОБЛАСТ ПЛОВДИВ,Калояново,11666.0,1715.3,477.3,1238.0,233.4,7085.5,247.2,2149.9,234.7,
ОБЛАСТ ПЛОВДИВ,Карлово,54314.3,4058.1,848.7,3209.4,419.1,35627.2,2031.9,10563.5,1614.5,
ОБЛАСТ ПЛОВДИВ,Кричим,7586.1,1242.0,75.1,1166.9,242.8,5212.7,266.1,544.3,78.2,
ОБЛАСТ ПЛОВДИВ,Лъки,4144.7,1063.3,260.1,803.2,232.5,1377.5,43.5,1271.5,156.4,
ОБЛАСТ ПЛОВДИВ,„Марица“,29660.8,2938.7,702.8,2235.9,356.4,23352.5,1029.6,947.2,1036.4,
ОБЛАСТ ПЛОВДИВ,Перущица,6457.6,1032.8,75.1,957.7,206.6,4381.1,242.7,113.3,481.1,
ОБЛАСТ ПЛОВДИВ,Пловдив,391648.8,24657.7,500.8,24156.9,2258.5,275991.8,28465.2,48594.7,11680.9,
ОБЛАСТ ПЛОВДИВ,Първомай,28186.6,2543.9,546.6,1997.3,304.9,20153.7,634.9,3864.8,684.4,
ОБЛАСТ ПЛОВДИВ,Раковски,30612.9,2331.2,277.1,2054.1,216.1,24539.5,1331.3,1862.4,332.4,
ОБЛАСТ ПЛОВДИВ,„Родопи“,25496.1,3035.5,708.8,2326.7,231.5,19639.8,1033.6,988.6,567.1,
ОБЛАСТ ПЛОВДИВ,Садово,16186.5,1878.3,417.9,1460.4,181.9,12208.0,393.3,1270.8,254.2,
ОБЛАСТ ПЛОВДИВ,Стамболийски,18837.4,2028.3,225.4,1802.9,237.0,13831.3,1234.9,1193.0,312.9,
ОБЛАСТ ПЛОВДИВ,Съединение,8266.2,1498.3,323.8,1174.5,286.1,5425.9,268.2,455.3,332.4,
ОБЛАСТ ПЛОВДИВ,Хисаря,12480.2,1653.8,382.7,1271.1,244.7,7815.2,213.4,1531.5,1021.6,
ОБЛАСТ ПЛОВДИВ,Куклен,6899.3,1295.2,200.2,1095.0,180.7,4727.4,231.0,308.6,156.4,
ОБЛАСТ ПЛОВДИВ,Сопот,10945.9,1346.8,112.7,1234.1,247.0,6702.8,742.0,1515.1,392.2,
ОБЛАСТ РАЗГРАД,Завет,9139.2,1694.9,281.7,1413.2,233.5,6380.1,170.4,210.5,449.8,
ОБЛАСТ РАЗГРАД,Исперих,29943.9,3096.0,772.1,2323.9,287.4,19075.3,1398.1,4411.0,1676.1,
ОБЛАСТ РАЗГРАД,Кубрат,19029.0,2395.0,549.3,1845.7,190.1,11425.4,1068.2,3129.0,821.3,
ОБЛАСТ РАЗГРАД,Лозница,10290.6,1882.4,527.4,1355.0,210.5,6005.0,88.6,1693.5,410.6,
ОБЛАСТ РАЗГРАД,Разград,64404.6,4556.4,727.1,3829.3,411.8,40620.6,3239.2,11685.9,3890.7,
ОБЛАСТ РАЗГРАД,Самуил,13094.8,1770.3,471.7,1298.6,226.0,4550.1,100.5,6135.0,312.9,
ОБЛАСТ РАЗГРАД,Цар Калоян,5625.3,1235.7,139.2,1096.5,173.3,2909.9,88.7,1002.6,215.1,
ОБЛАСТ РУСЕ,Борово,6721.9,1236.3,248.8,987.5,204.2,1913.5,99.4,2955.6,312.9,
ОБЛАСТ РУСЕ,Бяла,11543.6,1744.4,363.5,1380.9,265.2,7123.0,187.1,1818.0,405.9,
ОБЛАСТ РУСЕ,Ветово,10734.6,1709.7,241.0,1468.7,226.7,7652.3,315.6,439.2,391.1,
ОБЛАСТ РУСЕ,Две могили,9073.3,1540.5,381.3,1159.2,234.1,5477.8,94.7,1393.8,332.4,
ОБЛАСТ РУСЕ,Иваново,5398.5,1511.4,407.2,1104.2,191.7,2589.1,55.8,581.2,469.3,
ОБЛАСТ РУСЕ,Русе,154395.3,8882.8,503.9,8378.9,637.5,97292.6,11472.8,30523.5,5586.1,
ОБЛАСТ РУСЕ,Сливо поле,9351.9,1698.1,377.7,1320.4,197.2,5517.4,150.2,1397.9,391.1,
ОБЛАСТ РУСЕ,Ценово,4868.7,1243.9,299.4,944.5,183.6,2464.1,64.8,540.8,371.5,
ОБЛАСТ СИЛИСТРА,Алфатар,6893.3,1065.9,231.5,834.4,236.0,1403.1,26.6,3868.4,293.3,
ОБЛАСТ СИЛИСТРА,Главиница,12690.4,2114.9,710.9,1404.0,226.6,6209.5,131.5,3284.4,723.5,
ОБЛАСТ СИЛИСТРА,Дулово,30772.0,3365.6,870.8,2494.8,237.7,21733.6,547.4,3842.9,1044.8,
ОБЛАСТ СИЛИСТРА,Кайнарджа,10182.2,1356.0,347.2,1008.8,227.4,6722.4,88.7,1533.5,254.2,
ОБЛАСТ СИЛИСТРА,Силистра,59544.3,3928.6,581.3,3347.3,470.4,31447.8,4394.7,15829.9,3472.9,
ОБЛАСТ СИЛИСТРА,Ситово,7053.4,1371.8,362.9,1008.9,195.8,4673.4,68.1,470.5,273.8,
ОБЛАСТ СИЛИСТРА,Тутракан,18889.8,1951.1,411.5,1539.6,300.4,10248.3,277.9,4693.8,1418.3,
ОБЛАСТ СЛИВЕН,Котел,19722.8,2598.9,681.8,1917.1,239.1,13474.0,294.3,1824.5,1292.0,
ОБЛАСТ СЛИВЕН,Нова Загора,36051.5,3609.4,947.7,2661.7,325.7,25769.8,1603.0,2829.4,1914.2,
ОБЛАСТ СЛИВЕН,Сливен,137063.1,7881.7,1364.3,6517.4,627.0,95525.3,8803.5,18906.2,5319.4,
ОБЛАСТ СЛИВЕН,Твърдица,24857.8,1868.7,340.5,1528.2,221.1,15066.9,533.4,6835.3,332.4,
ОБЛАСТ СМОЛЯН,Баните,4521.6,1244.6,383.5,861.1,177.8,2330.7,25.3,528.1,215.1,
ОБЛАСТ СМОЛЯН,Борино,3888.8,1053.6,178.8,874.8,210.0,1981.8,25.5,461.5,156.4,
ОБЛАСТ СМОЛЯН,Девин,12313.1,1733.0,442.8,1290.2,263.0,8611.7,234.6,1079.7,391.1,
ОБЛАСТ СМОЛЯН,Доспат,10290.2,1429.9,289.6,1140.3,180.6,7621.8,122.7,739.6,195.6,
ОБЛАСТ СМОЛЯН,Златоград,13448.0,1591.6,285.8,1305.8,219.8,9061.8,787.6,1474.3,312.9,
ОБЛАСТ СМОЛЯН,Мадан,13457.1,1987.0,689.4,1297.6,211.3,8356.1,143.3,2466.1,293.3,
ОБЛАСТ СМОЛЯН,Неделино,7515.1,1446.9,452.9,994.0,202.3,3631.9,101.7,1819.4,312.9,
ОБЛАСТ СМОЛЯН,Рудозем,13180.5,1736.3,534.9,1201.4,282.5,9384.1,154.3,1271.3,352.0,
ОБЛАСТ СМОЛЯН,Смолян,51812.7,3695.8,1162.5,2533.3,450.0,30725.6,1184.7,11623.0,4133.6,
ОБЛАСТ СМОЛЯН,Чепеларе,8645.4,1349.9,325.3,1024.6,217.4,6045.0,195.1,525.1,312.9,
ОБЛАСТ СМОЛЯН,СТОЛИЧНА ОБЩИНА,1248955.7,80490.6,2818.3,77672.3,12774.1,962831.5,65885.0,103805.0,23169.5,
ОБЛАСТ СОФИЙСКА,Антон,2278.0,825.5,75.1,750.4,171.5,1111.0,70.9,40.5,58.6,
ОБЛАСТ СОФИЙСКА,Божурище,10083.5,1341.8,241.4,1100.4,196.5,7795.3,342.4,94.6,312.9,
ОБЛАСТ СОФИЙСКА,Ботевград,39309.8,2716.6,420.8,2295.8,260.1,26103.5,2965.6,5985.6,1278.4,
ОБЛАСТ СОФИЙСКА,Годеч,4872.6,1225.9,296.1,929.8,185.0,2984.7,129.6,210.5,136.9,
ОБЛАСТ СОФИЙСКА,Горна Малина,8636.7,1387.4,430.2,957.2,194.0,5936.5,203.8,621.7,293.3,
ОБЛАСТ СОФИЙСКА,Долна баня,12287.5,1035.4,99.1,936.3,219.8,4694.2,276.0,5944.8,117.3,
ОБЛАСТ СОФИЙСКА,Драгоман,6298.5,1334.3,415.8,918.5,272.2,2307.5,301.8,1828.5,254.2,
ОБЛАСТ СОФИЙСКА,Елин Пелин,27849.9,2369.3,601.9,1767.4,289.8,21428.7,755.0,2264.0,743.1,
ОБЛАСТ СОФИЙСКА,Етрополе,15954.5,1597.3,288.8,1308.5,271.5,11144.1,981.9,1391.2,568.5,
ОБЛАСТ СОФИЙСКА,Златица,7188.2,1130.6,154.8,975.8,195.5,4852.6,167.9,626.5,215.1,
ОБЛАСТ СОФИЙСКА,Ихтиман,19988.8,2084.3,468.8,1615.5,248.9,15348.5,474.5,1480.6,352.0,
ОБЛАСТ СОФИЙСКА,Копривщица,4401.8,857.7,75.1,782.6,249.7,2134.8,35.2,56.7,1067.7,
ОБЛАСТ СОФИЙСКА,Костенец,13328.8,1527.0,227.5,1299.5,206.0,10316.2,423.1,348.1,508.4,
ОБЛАСТ СОФИЙСКА,Костинброд,17926.7,1868.9,353.5,1515.4,303.7,13186.4,664.2,1571.1,332.4,
ОБЛАСТ СОФИЙСКА,Мирково,2660.9,952.1,176.2,775.9,206.6,1232.9,59.5,72.9,136.9,
ОБЛАСТ СОФИЙСКА,Пирдоп,8781.8,1196.0,106.5,1089.5,192.0,5751.7,303.1,1182.5,156.5,
ОБЛАСТ СОФИЙСКА,Правец,14859.1,1437.6,347.2,1090.4,245.3,9744.4,265.0,2372.8,794.0,
ОБЛАСТ СОФИЙСКА,Самоков,41545.5,3199.7,742.0,2457.7,360.5,28793.8,888.6,6769.9,1533.0,
ОБЛАСТ СОФИЙСКА,Своге,17427.2,2450.0,834.9,1615.1,241.4,10927.0,355.4,2866.7,586.7,
ОБЛАСТ СОФИЙСКА,Сливница,10056.2,1430.2,298.2,1132.0,215.0,7074.4,237.7,805.6,293.3,
ОБЛАСТ СОФИЙСКА,Чавдар,2247.6,809.2,75.1,734.1,196.5,1127.2,23.6,32.4,58.7,
ОБЛАСТ СОФИЙСКА,Челопеч,3961.8,826.2,75.1,751.1,192.2,2640.3,133.8,32.4,136.9,
ОБЛАСТ СТАРА ЗАГОРА,Братя Даскалови,8902.6,1693.5,650.1,1043.4,217.9,6135.4,141.9,361.9,352.0,
ОБЛАСТ СТАРА ЗАГОРА,Гурково,6111.5,1188.7,205.0,983.7,199.7,4263.5,154.1,129.5,176.0,
ОБЛАСТ СТАРА ЗАГОРА,Гълъбово,14054.7,1635.3,356.1,1279.2,199.9,9626.6,223.2,2037.3,332.4,
ОБЛАСТ СТАРА ЗАГОРА,Казанлък,81360.9,5213.4,680.9,4532.5,409.2,52972.5,5821.5,14316.9,2627.4,
ОБЛАСТ СТАРА ЗАГОРА,Мъглиж,13427.8,1715.4,397.9,1317.5,262.9,10346.5,326.6,483.1,293.3,
ОБЛАСТ СТАРА ЗАГОРА,Николаево,7708.0,1128.2,164.2,964.0,202.2,5723.4,214.8,243.8,195.6,
ОБЛАСТ СТАРА ЗАГОРА,Опан,3193.7,1164.2,383.5,780.7,165.6,1474.3,25.4,129.5,234.7,
ОБЛАСТ СТАРА ЗАГОРА,Павел баня,17464.3,2024.5,451.3,1573.2,245.8,12873.7,1032.1,897.1,391.1,
ОБЛАСТ СТАРА ЗАГОРА,Раднево,18436.8,2228.9,625.7,1603.2,294.9,12669.0,496.1,2023.2,724.7,
ОБЛАСТ СТАРА ЗАГОРА,Стара Загора,171304.9,9733.3,1474.1,8259.2,650.4,113776.3,14089.9,27751.7,5303.3,
ОБЛАСТ СТАРА ЗАГОРА,Чирпан,24408.9,2265.5,502.6,1762.9,372.0,18161.5,1136.6,1652.3,821.0,
ОБЛАСТ ТЪРГОВИЩЕ,Антоново,6209.3,1887.8,835.5,1052.3,241.7,3385.4,71.8,251.0,371.6,
ОБЛАСТ ТЪРГОВИЩЕ,Омуртаг,16513.8,3469.3,1215.2,2254.1,197.4,10493.0,960.8,493.8,899.5,
ОБЛАСТ ТЪРГОВИЩЕ,Опака,5559.4,1272.4,226.9,1045.5,219.7,3130.2,75.1,686.0,176.0,
ОБЛАСТ ТЪРГОВИЩЕ,Попово,30485.0,3143.5,1015.8,2127.7,303.3,19515.2,499.1,5270.3,1753.6,
ОБЛАСТ ТЪРГОВИЩЕ,Търговище,67553.6,5739.3,1529.7,4209.6,404.0,43152.8,4429.0,10474.3,3354.2,
ОБЛАСТ ХАСКОВО,Димитровград,44717.4,4110.9,782.2,3328.7,348.4,31967.1,1231.2,5925.6,1134.2,
ОБЛАСТ ХАСКОВО,Ивайловград,8053.1,1717.6,639.1,1078.5,211.9,4709.1,105.8,1132.7,176.0,
ОБЛАСТ ХАСКОВО,Любимец,11079.8,1477.4,287.3,1190.1,214.3,8068.3,894.2,210.5,215.1,
ОБЛАСТ ХАСКОВО,Маджарово,3279.7,1257.9,371.8,886.1,206.7,1623.5,24.3,89.1,78.2,
ОБЛАСТ ХАСКОВО,Минерални бани,5686.4,1503.9,391.3,1112.6,176.9,3612.9,54.8,161.9,176.0,
ОБЛАСТ ХАСКОВО,Свиленград,27089.2,2368.8,494.3,1874.5,339.0,18280.5,1569.8,3845.3,685.8,
ОБЛАСТ ХАСКОВО,Симеоновград,9968.6,1482.2,288.8,1193.4,181.4,6699.3,596.2,696.6,312.9,
ОБЛАСТ ХАСКОВО,Стамболово,7304.4,2384.8,814.3,1570.5,203.0,4076.2,78.5,366.3,195.6,
ОБЛАСТ ХАСКОВО,Тополовград,13028.4,1660.6,476.7,1183.9,233.6,7763.6,197.5,2723.3,449.8,
ОБЛАСТ ХАСКОВО,Харманли,24092.9,2764.3,694.2,2070.1,270.3,16831.4,610.7,2956.4,659.8,
ОБЛАСТ ХАСКОВО,Хасково,96957.3,6580.7,1106.8,5473.9,498.6,71193.8,3402.6,11601.8,3679.8,
ОБЛАСТ ШУМЕН,Велики Преслав,13570.5,1850.2,397.5,1452.7,235.0,6432.9,619.8,3192.2,1240.4,
ОБЛАСТ ШУМЕН,Венец,6975.8,1872.3,453.9,1418.4,172.2,4142.6,87.4,427.5,273.8,
ОБЛАСТ ШУМЕН,Върбица,10223.9,1990.6,532.1,1458.5,219.0,7448.3,163.3,226.7,176.0,
ОБЛАСТ ШУМЕН,Каолиново,12402.9,2416.1,524.8,1891.3,232.7,9138.0,181.0,259.1,176.0,
ОБЛАСТ ШУМЕН,Каспичан,9729.2,1433.7,306.8,1126.9,240.1,5815.8,256.7,1591.8,391.1,
ОБЛАСТ ШУМЕН,Никола Козлево,8317.5,1545.1,366.7,1178.4,225.9,5962.0,106.4,145.7,332.4,
ОБЛАСТ ШУМЕН,Нови пазар,25000.0,2239.8,467.2,1772.6,277.6,15015.1,844.1,6134.5,488.9,
ОБЛАСТ ШУМЕН,Смядово,13007.6,1344.1,315.5,1028.6,239.6,4491.6,188.6,6411.3,332.4,
ОБЛАСТ ШУМЕН,Хитрино,5362.6,2083.3,655.3,1428.0,174.8,2507.2,41.5,242.9,312.9,
ОБЛАСТ ШУМЕН,Шумен,107444.2,6099.0,795.8,5303.2,482.4,70897.6,9403.5,14005.0,6556.7,
ОБЛАСТ ЯМБОЛ,Болярово,9760.7,1382.5,548.8,833.7,264.4,2688.7,64.5,5086.8,273.8,
ОБЛАСТ ЯМБОЛ,Елхово,16647.8,2011.5,560.6,1450.9,273.8,11173.7,287.8,2186.9,714.1,
ОБЛАСТ ЯМБОЛ,Стралджа,14776.7,1945.0,636.2,1308.8,240.8,9258.7,318.5,2387.9,625.8,
ОБЛАСТ ЯМБОЛ,„Тунджа“,19972.4,3025.7,1309.0,1716.7,305.5,12253.9,497.0,2599.7,1290.6,
ОБЛАСТ ЯМБОЛ,Ямбол,80781.8,4648.2,87.6,4560.6,426.6,57951.5,4294.8,10378.7,3082.0,
ОБЛАСТ ЯМБОЛ,ВСИЧКО:,7892909.1,726475.7,134698.7,591777.0,87259.0,5378940.4,372378.1,1051667.4,272372.3,3816.2
