table_idx,article,paragraph,caption,row_no,label,value_kBGN
0,,,,,"брой: 25, от дата 25.3.2025 г. Официален раздел / НАРОДНО СЪБРАНИЕ",стр.30
1,1,1,"Чл. 1. (1) Приема бюджета на Националната здравноосигурителна каса (НЗОК) за 2025 г. по приходи и трансфери – всичко на обща сума 9 474 716,2 хил. лв., както следва:",№ по ред,Показатели,Сума (в хил. лв.)
1,1,1,"Чл. 1. (1) Приема бюджета на Националната здравноосигурителна каса (НЗОК) за 2025 г. по приходи и трансфери – всичко на обща сума 9 474 716,2 хил. лв., както следва:",1,2,3
1,1,1,"Чл. 1. (1) Приема бюджета на Националната здравноосигурителна каса (НЗОК) за 2025 г. по приходи и трансфери – всичко на обща сума 9 474 716,2 хил. лв., както следва:",I.,ПРИХОДИ И ТРАНСФЕРИ – ВСИЧКО,"9 474 716,2"
1,1,1,"Чл. 1. (1) Приема бюджета на Националната здравноосигурителна каса (НЗОК) за 2025 г. по приходи и трансфери – всичко на обща сума 9 474 716,2 хил. лв., както следва:",1.,Здравноосигурителни приходи,"9 256 409,0"
1,1,1,"Чл. 1. (1) Приема бюджета на Националната здравноосигурителна каса (НЗОК) за 2025 г. по приходи и трансфери – всичко на обща сума 9 474 716,2 хил. лв., както следва:",1.1.,Здравноосигурителни вноски,"5 746 704,3"
1,1,1,"Чл. 1. (1) Приема бюджета на Националната здравноосигурителна каса (НЗОК) за 2025 г. по приходи и трансфери – всичко на обща сума 9 474 716,2 хил. лв., както следва:",1.2.,Трансфери за здравно осигуряване,"3 509 704,7"
1,1,1,"Чл. 1. (1) Приема бюджета на Националната здравноосигурителна каса (НЗОК) за 2025 г. по приходи и трансфери – всичко на обща сума 9 474 716,2 хил. лв., както следва:",2.,Неданъчни приходи,"27 174,9"
1,1,1,"Чл. 1. (1) Приема бюджета на Националната здравноосигурителна каса (НЗОК) за 2025 г. по приходи и трансфери – всичко на обща сума 9 474 716,2 хил. лв., както следва:",3.,Получени трансфери от Министерството на здравеопазването за:,"191 132,3"
1,1,1,"Чл. 1. (1) Приема бюджета на Националната здравноосигурителна каса (НЗОК) за 2025 г. по приходи и трансфери – всичко на обща сума 9 474 716,2 хил. лв., както следва:",3.1.,"Лекарствени продукти – ваксини и дейности по чл. 82, ал. 2, т. 3 от Закона за здравето","27 937,7"
1,1,1,"Чл. 1. (1) Приема бюджета на Националната здравноосигурителна каса (НЗОК) за 2025 г. по приходи и трансфери – всичко на обща сума 9 474 716,2 хил. лв., както следва:",3.2.,"Дейности за здравно неосигурени лица по чл. 82, ал. 1, т. 1а, 2, 3а и 6б от Закона за здравето","8 789,0"
1,1,1,"Чл. 1. (1) Приема бюджета на Националната здравноосигурителна каса (НЗОК) за 2025 г. по приходи и трансфери – всичко на обща сума 9 474 716,2 хил. лв., както следва:",3.3.,"Суми по чл. 37, ал. 6 от Закона за здравното осигуряване","16 035,0"
1,1,1,"Чл. 1. (1) Приема бюджета на Националната здравноосигурителна каса (НЗОК) за 2025 г. по приходи и трансфери – всичко на обща сума 9 474 716,2 хил. лв., както следва:",3.4.,"Дейности във връзка с лечение на лица до 18-годишна възраст по чл. 82, ал. 1а, 3 и 6 от Закона за здравето и на лица над 18-годишна възраст по чл. 82, ал. 1а, 3 и 6 от Закона за здравето","83 370,6"
1,1,1,"Чл. 1. (1) Приема бюджета на Националната здравноосигурителна каса (НЗОК) за 2025 г. по приходи и трансфери – всичко на обща сума 9 474 716,2 хил. лв., както следва:",3.5.,"Помощни средства, приспособления, съоръжения и медицински изделия за хората с увреждания, извън обхвата на задължителното здравно осигуряване","55 000,0"
2,1,2,"(2) Приема бюджета на НЗОК за 2025 г. по разходи и трансфери – всичко на обща сума 9 474 716,2 хил. лв., както следва:",№ по ред,Показатели,Сума (в хил. лв.)
2,1,2,"(2) Приема бюджета на НЗОК за 2025 г. по разходи и трансфери – всичко на обща сума 9 474 716,2 хил. лв., както следва:",1,2,3
2,1,2,"(2) Приема бюджета на НЗОК за 2025 г. по разходи и трансфери – всичко на обща сума 9 474 716,2 хил. лв., както следва:",II.,РАЗХОДИ И ТРАНСФЕРИ – ВСИЧКО,"9 474 716,2"
2,1,2,"(2) Приема бюджета на НЗОК за 2025 г. по разходи и трансфери – всичко на обща сума 9 474 716,2 хил. лв., както следва:",1.,Разходи,"9 474 716,2"
2,1,2,"(2) Приема бюджета на НЗОК за 2025 г. по разходи и трансфери – всичко на обща сума 9 474 716,2 хил. лв., както следва:",1.1.,Текущи разходи,"9 192 023,9"
2,1,2,"(2) Приема бюджета на НЗОК за 2025 г. по разходи и трансфери – всичко на обща сума 9 474 716,2 хил. лв., както следва:",1.1.1.,Разходи за персонал,"91 802,7"
2,1,2,"(2) Приема бюджета на НЗОК за 2025 г. по разходи и трансфери – всичко на обща сума 9 474 716,2 хил. лв., както следва:",1.1.2.,Издръжка на административните дейности,"35 210,0"
2,1,2,"(2) Приема бюджета на НЗОК за 2025 г. по разходи и трансфери – всичко на обща сума 9 474 716,2 хил. лв., както следва:",1.1.3.,Здравноосигурителни плащания,"8 873 878,9"
2,1,2,"(2) Приема бюджета на НЗОК за 2025 г. по разходи и трансфери – всичко на обща сума 9 474 716,2 хил. лв., както следва:",1.1.3.1.,здравноосигурителни плащания за първична извънболнична медицинска помощ,"647 577,6"
2,1,2,"(2) Приема бюджета на НЗОК за 2025 г. по разходи и трансфери – всичко на обща сума 9 474 716,2 хил. лв., както следва:",1.1.3.2.,здравноосигурителни плащания за специализирана извънболнична медицинска помощ (включително за комплексно диспансерно (амбулаторно) наблюдение),"658 218,6"
2,1,2,"(2) Приема бюджета на НЗОК за 2025 г. по разходи и трансфери – всичко на обща сума 9 474 716,2 хил. лв., както следва:",1.1.3.3.,здравноосигурителни плащания за дентална помощ (включително за заплащане изработката на медицинско изделие „тотална зъбна протеза“),"416 466,2"
2,1,2,"(2) Приема бюджета на НЗОК за 2025 г. по разходи и трансфери – всичко на обща сума 9 474 716,2 хил. лв., както следва:",1.1.3.4.,здравноосигурителни плащания за медико-диагностична дейност,"303 859,4"
2,1,2,"(2) Приема бюджета на НЗОК за 2025 г. по разходи и трансфери – всичко на обща сума 9 474 716,2 хил. лв., както следва:",1.1.3.5.,"здравноосигурителни плащания за: лекарствени продукти, медицински изделия и диетични храни за специални медицински цели за домашно лечение на територията на страната; за заплащане на дейностите по отпускане на лекарствени продукти, включени в Позитивния лекарствен списък по чл. 262, ал. 6, т. 1 от Закона за лекарствените продукти в хуманната медицина с ниво на заплащане 100 на сто, медицински изделия и диетични храни за специални медицински цели за домашно лечение, и финансиране на аптеки по критериите по чл. 45, ал. 17, т. 4б от Закона за здравното осигуряване; за лекарствени продукти за лечение на злокачествени заболявания, включени в пакета здравни дейности, гарантиран от бюджета на НЗОК, и прилагани в условията на болничната медицинска помощ, които НЗОК заплаща извън стойността на оказваните медицински услуги; лекарствени продукти за домашно лечение на територията на страната за вродени коагулопатии и при животозастрашаващи кръвоизливи и спешни оперативни и инвазивни интервенции при пациенти с коагулопатии, включени в пакета здравни дейности, гарантиран от бюджета на НЗОК, и прилагани в условията на болнична медицинска помощ, които НЗОК заплаща извън стойността на оказваните медицински услуги:","2 368 531,1"
2,1,2,"(2) Приема бюджета на НЗОК за 2025 г. по разходи и трансфери – всичко на обща сума 9 474 716,2 хил. лв., както следва:",1.1.3.5.1.,"в т.ч. за заплащане на дейностите по отпускане на лекарствени продукти, включени в Позитивния лекарствен списък по чл. 262, ал. 6, т. 1 от Закона за лекарствените продукти в хуманната медицина с ниво на заплащане 100 на сто, медицински изделия, за които стойността, която НЗОК заплаща, е равна на цената по смисъла на § 1, т. 29а от допълнителните разпоредби на Закона за медицинските изделия, и диетични храни за специални медицински цели за домашно лечение, и до 11 млн. лв. за финансиране на аптеки по критериите по чл. 45, ал. 17, т. 4б от Закона за здравното осигуряване","77 495,4"
2,1,2,"(2) Приема бюджета на НЗОК за 2025 г. по разходи и трансфери – всичко на обща сума 9 474 716,2 хил. лв., както следва:",1.1.3.5.2.,в т.ч. за медицински изделия за домашно лечение на територията на страната,"45 156,6"
2,1,2,"(2) Приема бюджета на НЗОК за 2025 г. по разходи и трансфери – всичко на обща сума 9 474 716,2 хил. лв., както следва:",1.1.3.5.3.,в т.ч. за лекарствени продукти и диетични храни за специални медицински цели за домашно лечение на територията на страната,"1 117 251,7"
2,1,2,"(2) Приема бюджета на НЗОК за 2025 г. по разходи и трансфери – всичко на обща сума 9 474 716,2 хил. лв., както следва:",1.1.3.5.3.1.,"в т.ч. за лекарствени продукти за домашно лечение на територията на страната, назначени с протокол, за които се извърша експертиза по чл. 78, т. 2 от Закона за здравното осигуряване, с изключение на тези по т. 1.1.3.5.5, изречение първо","719 835,2"
2,1,2,"(2) Приема бюджета на НЗОК за 2025 г. по разходи и трансфери – всичко на обща сума 9 474 716,2 хил. лв., както следва:",1.1.3.5.3.2.,"в т.ч. за лекарствени продукти за домашно лечение на територията на страната, назначени без протокол, за които не се извършва експертиза по чл. 78, т. 2 от Закона за здравното осигуряване и за лекарствени продукти по лекарско предписание за домашно лечение на остри инфекциозни заболявания, включително антибактериални лекарствени продукти, на територията на страната на лица до 7-годишна възраст","390 325,9"
2,1,2,"(2) Приема бюджета на НЗОК за 2025 г. по разходи и трансфери – всичко на обща сума 9 474 716,2 хил. лв., както следва:",1.1.3.5.3.3.,в т.ч. за диетични храни за специални медицински цели за домашно лечение на територията на страната,"7 090,6"
2,1,2,"(2) Приема бюджета на НЗОК за 2025 г. по разходи и трансфери – всичко на обща сума 9 474 716,2 хил. лв., както следва:",1.1.3.5.4.,"в т.ч. за лекарствени продукти за лечение на злокачествени заболявания, включени в пакета здравни дейности, гарантиран от бюджета на НЗОК, и прилагани в условията на болнична медицинска помощ, които НЗОК заплаща извън стойността на оказваните медицински услуги, с изключение на тези по т. 1.1.3.5.6","1 050 212,0"
2,1,2,"(2) Приема бюджета на НЗОК за 2025 г. по разходи и трансфери – всичко на обща сума 9 474 716,2 хил. лв., както следва:",1.1.3.5.5.,"в т.ч. за лекарствени продукти за вродени коагулопатии за домашно лечение на територията на страната; лекарствени продукти при животозастрашаващи кръвоизливи и спешни оперативни и инвазивни интервенции при пациенти с коагулопатии, включени в пакета здравни дейности, гарантиран от бюджета на НЗОК, и прилагани в условията на болнична медицинска помощ, които НЗОК заплаща извън стойността на оказваните медицински услуги","52 415,4"
2,1,2,"(2) Приема бюджета на НЗОК за 2025 г. по разходи и трансфери – всичко на обща сума 9 474 716,2 хил. лв., както следва:",1.1.3.5.6.,"в т.ч. за антинеопластични лекарствени продукти по чл. 6, ал. 1, прилагани при базова химиотерапия за лечение на злокачествени заболявания, включени в пакета здравни дейности, гарантиран от бюджета на НЗОК, и прилагани в условията на болнична медицинска помощ, които НЗОК заплаща извън стойността на оказваните медицински услуги","26 000,0"
2,1,2,"(2) Приема бюджета на НЗОК за 2025 г. по разходи и трансфери – всичко на обща сума 9 474 716,2 хил. лв., както следва:",1.1.3.6.,"здравноосигурителни плащания за медицински изделия, прилагани в болничната медицинска помощ, които НЗОК заплаща извън стойността на оказваните медицински услуги","207 342,1"
2,1,2,"(2) Приема бюджета на НЗОК за 2025 г. по разходи и трансфери – всичко на обща сума 9 474 716,2 хил. лв., както следва:",1.1.3.6.1.,"в т.ч. медицински изделия за биомаркерна диагностика при онкологични заболявания, прилагани в болничната медицинска помощ, които НЗОК заплаща извън стойността на оказваните медицински услуги",5 000
2,1,2,"(2) Приема бюджета на НЗОК за 2025 г. по разходи и трансфери – всичко на обща сума 9 474 716,2 хил. лв., както следва:",1.1.3.7.,здравноосигурителни плащания за болнична медицинска помощ,"4 155 279,6"
2,1,2,"(2) Приема бюджета на НЗОК за 2025 г. по разходи и трансфери – всичко на обща сума 9 474 716,2 хил. лв., както следва:",1.1.3.7.1.,в т.ч. за здравноосигурителни плащания за дейностите в болничната медицинска помощ,"4 087 279,6"
2,1,2,"(2) Приема бюджета на НЗОК за 2025 г. по разходи и трансфери – всичко на обща сума 9 474 716,2 хил. лв., както следва:",1.1.3.7.2.,"в т.ч. за финансиране осигуряването на медицински персонал в лечебните заведения по чл. 55, ал. 2, т. 3в, буква „а“ от Закона за здравното осигуряване за болнична помощ","34 000,0"
2,1,2,"(2) Приема бюджета на НЗОК за 2025 г. по разходи и трансфери – всичко на обща сума 9 474 716,2 хил. лв., както следва:",1.1.3.7.3.,"в т.ч. за финансиране осигуряването на медицински персонал в лечебни заведения за болнична помощ по чл. 55, ал. 2, т. 3в, буква „б“ от Закона за здравното осигуряване","34 000,0"
2,1,2,"(2) Приема бюджета на НЗОК за 2025 г. по разходи и трансфери – всичко на обща сума 9 474 716,2 хил. лв., както следва:",1.1.3.8.,други здравноосигурителни плащания,"116 604,3"
2,1,2,"(2) Приема бюджета на НЗОК за 2025 г. по разходи и трансфери – всичко на обща сума 9 474 716,2 хил. лв., както следва:",1.1.3.8.1.,"в т.ч. за медицинска помощ, оказана в съответствие с правилата за координация на системите за социална сигурност и за поставяне на ваксини срещу COVID-19 за здравноосигурени лица","116 604,3"
2,1,2,"(2) Приема бюджета на НЗОК за 2025 г. по разходи и трансфери – всичко на обща сума 9 474 716,2 хил. лв., както следва:",1.1.4.,"Плащания от трансфери от Министерството на здравеопазването по ал. 1, ред 3 за:","191 132,3"
2,1,2,"(2) Приема бюджета на НЗОК за 2025 г. по разходи и трансфери – всичко на обща сума 9 474 716,2 хил. лв., както следва:",1.1.4.1.,"лекарствени продукти – ваксини и дейности по чл. 82, ал. 2, т. 3 от Закона за здравето","27 937,7"
2,1,2,"(2) Приема бюджета на НЗОК за 2025 г. по разходи и трансфери – всичко на обща сума 9 474 716,2 хил. лв., както следва:",1.1.4.2.,"дейности за здравно неосигурени лица по чл. 82, ал. 1, т. 1а, 2, 3а и 6б от Закона за здравето","8 789,0"
2,1,2,"(2) Приема бюджета на НЗОК за 2025 г. по разходи и трансфери – всичко на обща сума 9 474 716,2 хил. лв., както следва:",1.1.4.3.,"суми по чл. 37, ал. 6 от Закона за здравното осигуряване","16 035,0"
2,1,2,"(2) Приема бюджета на НЗОК за 2025 г. по разходи и трансфери – всичко на обща сума 9 474 716,2 хил. лв., както следва:",1.1.4.4.,"дейности във връзка с лечение на лица до 18-годишна възраст по чл. 82, ал. 1а, 3 и 6 от Закона за здравето и на лица над 18-годишна възраст по чл. 82, ал. 1а, 3 и 6 от Закона за здравето","83 370,6"
2,1,2,"(2) Приема бюджета на НЗОК за 2025 г. по разходи и трансфери – всичко на обща сума 9 474 716,2 хил. лв., както следва:",1.1.4.5.,"помощни средства, приспособления, съоръжения и медицински изделия за хората с увреждания, извън обхвата на задължителното здравно осигуряване","55 000,0"
2,1,2,"(2) Приема бюджета на НЗОК за 2025 г. по разходи и трансфери – всичко на обща сума 9 474 716,2 хил. лв., както следва:",1.2.,Придобиване на нефинансови активи,"5 000,0"
2,1,2,"(2) Приема бюджета на НЗОК за 2025 г. по разходи и трансфери – всичко на обща сума 9 474 716,2 хил. лв., както следва:",1.3.,"Резерв, включително за непредвидени и неотложни разходи","277 692,3"
3,Прил.1,,"Списък на международните непатентни наименования на антинеопластични лекарствени продукти, които се заплащат от бюджета на Националната здравноосигурителна каса на основание чл. 1, ал. 2, ред 1.1.3.5.6",,№,Международно непатентно наименование (INN)
3,Прил.1,,"Списък на международните непатентни наименования на антинеопластични лекарствени продукти, които се заплащат от бюджета на Националната здравноосигурителна каса на основание чл. 1, ал. 2, ред 1.1.3.5.6",,1.,Bendamustine
3,Прил.1,,"Списък на международните непатентни наименования на антинеопластични лекарствени продукти, които се заплащат от бюджета на Националната здравноосигурителна каса на основание чл. 1, ал. 2, ред 1.1.3.5.6",,2.,Bleomycin
3,Прил.1,,"Списък на международните непатентни наименования на антинеопластични лекарствени продукти, които се заплащат от бюджета на Националната здравноосигурителна каса на основание чл. 1, ал. 2, ред 1.1.3.5.6",,3.,Calcium folinate (leucovorin calcium)
3,Прил.1,,"Списък на международните непатентни наименования на антинеопластични лекарствени продукти, които се заплащат от бюджета на Националната здравноосигурителна каса на основание чл. 1, ал. 2, ред 1.1.3.5.6",,4.,Capecitabine
3,Прил.1,,"Списък на международните непатентни наименования на антинеопластични лекарствени продукти, които се заплащат от бюджета на Националната здравноосигурителна каса на основание чл. 1, ал. 2, ред 1.1.3.5.6",,5.,Carboplatin
3,Прил.1,,"Списък на международните непатентни наименования на антинеопластични лекарствени продукти, които се заплащат от бюджета на Националната здравноосигурителна каса на основание чл. 1, ал. 2, ред 1.1.3.5.6",,6.,Chlorambucil
3,Прил.1,,"Списък на международните непатентни наименования на антинеопластични лекарствени продукти, които се заплащат от бюджета на Националната здравноосигурителна каса на основание чл. 1, ал. 2, ред 1.1.3.5.6",,7.,Cisplatin
3,Прил.1,,"Списък на международните непатентни наименования на антинеопластични лекарствени продукти, които се заплащат от бюджета на Националната здравноосигурителна каса на основание чл. 1, ал. 2, ред 1.1.3.5.6",,8.,Cyclophosphamide
3,Прил.1,,"Списък на международните непатентни наименования на антинеопластични лекарствени продукти, които се заплащат от бюджета на Националната здравноосигурителна каса на основание чл. 1, ал. 2, ред 1.1.3.5.6",,9.,Cytarabine
3,Прил.1,,"Списък на международните непатентни наименования на антинеопластични лекарствени продукти, които се заплащат от бюджета на Националната здравноосигурителна каса на основание чл. 1, ал. 2, ред 1.1.3.5.6",,10.,Dacarbazine
3,Прил.1,,"Списък на международните непатентни наименования на антинеопластични лекарствени продукти, които се заплащат от бюджета на Националната здравноосигурителна каса на основание чл. 1, ал. 2, ред 1.1.3.5.6",,11.,Dactinomycin
3,Прил.1,,"Списък на международните непатентни наименования на антинеопластични лекарствени продукти, които се заплащат от бюджета на Националната здравноосигурителна каса на основание чл. 1, ал. 2, ред 1.1.3.5.6",,12.,Daunorubicin
3,Прил.1,,"Списък на международните непатентни наименования на антинеопластични лекарствени продукти, които се заплащат от бюджета на Националната здравноосигурителна каса на основание чл. 1, ал. 2, ред 1.1.3.5.6",,13.,Docetaxel
3,Прил.1,,"Списък на международните непатентни наименования на антинеопластични лекарствени продукти, които се заплащат от бюджета на Националната здравноосигурителна каса на основание чл. 1, ал. 2, ред 1.1.3.5.6",,14.,Doxorubicin
3,Прил.1,,"Списък на международните непатентни наименования на антинеопластични лекарствени продукти, които се заплащат от бюджета на Националната здравноосигурителна каса на основание чл. 1, ал. 2, ред 1.1.3.5.6",,15.,Doxorubicin (as pegylated liposomal)
3,Прил.1,,"Списък на международните непатентни наименования на антинеопластични лекарствени продукти, които се заплащат от бюджета на Националната здравноосигурителна каса на основание чл. 1, ал. 2, ред 1.1.3.5.6",,16.,Etoposide
3,Прил.1,,"Списък на международните непатентни наименования на антинеопластични лекарствени продукти, които се заплащат от бюджета на Националната здравноосигурителна каса на основание чл. 1, ал. 2, ред 1.1.3.5.6",,17.,Fludarabine
3,Прил.1,,"Списък на международните непатентни наименования на антинеопластични лекарствени продукти, които се заплащат от бюджета на Националната здравноосигурителна каса на основание чл. 1, ал. 2, ред 1.1.3.5.6",,18.,Fluorouracil
3,Прил.1,,"Списък на международните непатентни наименования на антинеопластични лекарствени продукти, които се заплащат от бюджета на Националната здравноосигурителна каса на основание чл. 1, ал. 2, ред 1.1.3.5.6",,19.,Gemcitabine
3,Прил.1,,"Списък на международните непатентни наименования на антинеопластични лекарствени продукти, които се заплащат от бюджета на Националната здравноосигурителна каса на основание чл. 1, ал. 2, ред 1.1.3.5.6",,20.,Hydroxycarbamide (hydroxyurea)
3,Прил.1,,"Списък на международните непатентни наименования на антинеопластични лекарствени продукти, които се заплащат от бюджета на Националната здравноосигурителна каса на основание чл. 1, ал. 2, ред 1.1.3.5.6",,21.,Ifosfamide
3,Прил.1,,"Списък на международните непатентни наименования на антинеопластични лекарствени продукти, които се заплащат от бюджета на Националната здравноосигурителна каса на основание чл. 1, ал. 2, ред 1.1.3.5.6",,22.,Irinotecan
3,Прил.1,,"Списък на международните непатентни наименования на антинеопластични лекарствени продукти, които се заплащат от бюджета на Националната здравноосигурителна каса на основание чл. 1, ал. 2, ред 1.1.3.5.6",,23.,Mercaptopurine
3,Прил.1,,"Списък на международните непатентни наименования на антинеопластични лекарствени продукти, които се заплащат от бюджета на Националната здравноосигурителна каса на основание чл. 1, ал. 2, ред 1.1.3.5.6",,24.,Methotrexate
3,Прил.1,,"Списък на международните непатентни наименования на антинеопластични лекарствени продукти, които се заплащат от бюджета на Националната здравноосигурителна каса на основание чл. 1, ал. 2, ред 1.1.3.5.6",,25.,Oxaliplatin
3,Прил.1,,"Списък на международните непатентни наименования на антинеопластични лекарствени продукти, които се заплащат от бюджета на Националната здравноосигурителна каса на основание чл. 1, ал. 2, ред 1.1.3.5.6",,26.,Paclitaxel
3,Прил.1,,"Списък на международните непатентни наименования на антинеопластични лекарствени продукти, които се заплащат от бюджета на Националната здравноосигурителна каса на основание чл. 1, ал. 2, ред 1.1.3.5.6",,27.,Pegaspargase
3,Прил.1,,"Списък на международните непатентни наименования на антинеопластични лекарствени продукти, които се заплащат от бюджета на Националната здравноосигурителна каса на основание чл. 1, ал. 2, ред 1.1.3.5.6",,28.,Procarbazine
3,Прил.1,,"Списък на международните непатентни наименования на антинеопластични лекарствени продукти, които се заплащат от бюджета на Националната здравноосигурителна каса на основание чл. 1, ал. 2, ред 1.1.3.5.6",,29.,Tioguanine
3,Прил.1,,"Списък на международните непатентни наименования на антинеопластични лекарствени продукти, които се заплащат от бюджета на Националната здравноосигурителна каса на основание чл. 1, ал. 2, ред 1.1.3.5.6",,30.,Vinblastine
3,Прил.1,,"Списък на международните непатентни наименования на антинеопластични лекарствени продукти, които се заплащат от бюджета на Националната здравноосигурителна каса на основание чл. 1, ал. 2, ред 1.1.3.5.6",,31.,Vincristine
3,Прил.1,,"Списък на международните непатентни наименования на антинеопластични лекарствени продукти, които се заплащат от бюджета на Националната здравноосигурителна каса на основание чл. 1, ал. 2, ред 1.1.3.5.6",,32.,Vinorelbine
