unit_code,code,level,name_bg,short_bg,name_en,amount_BGN
0200,0200,unit,Администрацията на президента,Администрация на президента,Presidency,13833300
0200,0200.01.00,policy,Функционална област „Осъществяване на конституционните правомощия на президента на Република България“,Конституционни правомощия на президента,The President's constitutional powers,13833300
0200,0200.01.01,programme,Бюджетна програма „Подпомагане и осигуряване дейността на президента и вицепрезидента на Република България при изпълнение на конституционните и законовите им правомощия“,Подпомагане на дейността на президента и вицепрезидента,Supporting the work of the President and Vice President,13833300
0300,0300,unit,Министерския съвет,Министерски съвет,Council of Ministers,243829500
0300,0300.01.00,policy,Област „Осигуряване дейността и организацията на работата на Министерския съвет“,Работа на Министерския съвет,Running the Council of Ministers,22052000
0300,0300.01.01,programme,Бюджетна програма „Министерски съвет и организация на дейността му“,Министерски съвет и организация на дейността му,The Council of Ministers and its organisation,11679000
0300,0300.01.02,programme,Бюджетна програма „Координация и мониторинг на хоризонтални политики“,Координация и мониторинг на хоризонтални политики,Coordination and monitoring of cross-cutting policies,10373000
0300,0300.02.00,policy,Политика в областта на управлението на средствата от ЕС,Управление на средствата от ЕС,Managing EU funds,501800
0300,0300.02.01,programme,Бюджетна програма „Координация при управление на средствата от ЕС“,Координация при управлението на средствата от ЕС,Coordinating the management of EU funds,501800
0300,0300.03.00,policy,Политика в областта на осъществяването на държавните функции на територията на областите в България,Областни администрации,Regional governors’ administrations,72493600
0300,0300.03.01,programme,Бюджетна програма „Осъществяване на държавната политика на областно ниво“,Държавната политика на областно ниво,State policy at provincial level,72493600
0300,0300.04.00,policy,Политика в областта на правото на вероизповедание,Вероизповедания,Religious denominations,78368600
0300,0300.04.01,programme,Бюджетна програма „Вероизповедания“,Вероизповедания,Religious denominations,78368600
0300,0300.05.00,policy,Политика в областта на архивното дело,Държавни архиви,State archives,13746700
0300,0300.05.01,programme,Бюджетна програма „Национален архивен фонд“,Национален архивен фонд,National Archival Fund,13746700
0300,0300.06.00,policy,Бюджетна програма „Администрация“,Администрация,Administration,14832900
0300,0300.07.00,policy,Други бюджетни програми,Други програми,Other programmes,41833900
0300,0300.07.01,programme,Бюджетна програма „Други дейности и услуги“,Други дейности и услуги,Other activities and services,25430000
0300,0300.07.02,programme,Бюджетна програма „Убежище и бежанци“,Убежище и бежанци,Asylum and refugees,16403900
0400,0400,unit,Конституционния съд,Конституционен съд,Constitutional Court,14018200
0400,0400.01.00,policy,Функционална област „Върховенство на Конституцията“,Върховенство на Конституцията,Supremacy of the Constitution,14018200
0400,0400.01.01,programme,Бюджетна програма „Тълкуване на Конституцията“,Тълкуване на Конституцията,Interpreting the Constitution,14018200
0500,0500,unit,Сметната палата,Сметна палата,National Audit Office,33835300
0500,0500.01.00,policy,Функционална област „Контрол по изпълнението на бюджета и управлението на публичните средства и дейности“,Одит на бюджета и публичните средства,Audit of the budget and public funds,33835300
0500,0500.01.01,programme,"Бюджетна програма „Независим, ефективен и ефикасен одит, подпомагащ доброто управление и отчетността на публичните средства и дейности“",Одит на публичните средства и дейности,Audit of public funds and activities,33835300
1000,1000,unit,Министерството на финансите,Министерство на финансите,Ministry of Finance,887588800
1000,1000.01.00,policy,Политика в областта на устойчивите и прозрачни публични финанси,Устойчиви и прозрачни публични финанси,Sustainable and transparent public finances,151786400
1000,1000.01.01,programme,Бюджетна програма „Бюджет и финансово управление“,Бюджет и финансово управление,Budget and financial management,24326100
1000,1000.01.02,programme,Бюджетна програма „Защита на публичните финансови интереси“,Защита на публичните финансови интереси,Protecting public financial interests,127460300
1000,1000.02.00,policy,Политика в областта на ефективното събиране на всички държавни приходи,"Събиране на данъци и мита (НАП, Митници)",Collecting taxes and customs duties,610203700
1000,1000.02.01,programme,Бюджетна програма „Администриране на държавните приходи“,Администриране на държавните приходи (НАП и Агенция „Митници“),Administering state revenue (tax and customs agencies),610203700
1000,1000.03.00,policy,"Политика в областта на защитата на обществото и икономиката от финансови измами, контрабанда на стоки, изпиране на пари и финансиране на тероризма","Борба с финансови измами, контрабанда и пране на пари","Fighting financial fraud, smuggling and money laundering",71733500
1000,1000.03.01,programme,Бюджетна програма „Интегриране на финансовата система във финансовата система на ЕС“,Интегриране на финансовата система в тази на ЕС,Integrating the financial system into the EU’s,2223100
1000,1000.03.02,programme,Бюджетна програма „Митнически контрол и надзор (нефискален)“,Митнически контрол и надзор (нефискален),Customs control and supervision (non-fiscal),69510400
1000,1000.04.00,policy,Политика в областта на управлението на дълга,Управление на дълга,Debt management,7307000
1000,1000.04.01,programme,Бюджетна програма „Управление на ликвидността“,Управление на ликвидността,Liquidity management,7307000
1000,1000.06.00,policy,Бюджетна програма „Администрация“,Администрация,Administration,46558200
1100,1100,unit,Министерството на външните работи,Министерство на външните работи,Ministry of Foreign Affairs,223796000
1100,1100.01.00,policy,Политика в областта на активната двустранна и многостранна дипломация,Дипломация (посолства и представителства),Diplomacy (embassies and missions),220540400
1100,1100.01.01,programme,"Бюджетна програма „Принос за формиране на политики на НАТО, обща външна политика и политика на сигурност на ЕС и участие на България в ОССЕ“","НАТО, обща външна политика и политика на сигурност на ЕС, ОССЕ","NATO, EU common foreign and security policy, OSCE",10241500
1100,1100.01.02,programme,"Бюджетна програма „Европейска политика. Регионално и двустранно сътрудничество с държавите от ЮИЕ. Двустранни отношения с държавите-членки на ЕС, ЕИП, ЕАСТ и с Обединеното Кралство“","Европейска политика, Югоизточна Европа и отношения с европейските държави","European policy, South-East Europe and relations with European countries",481800
1100,1100.01.03,programme,Бюджетна програма „Многостранно сътрудничество и глобални политики“,Многостранно сътрудничество и глобални политики,Multilateral cooperation and global policies,24861800
1100,1100.01.04,programme,Бюджетна програма „Двустранни отношения с държави извън ЕС и ЕИП“,Двустранни отношения с държави извън ЕС и ЕИП,Bilateral relations with non-EU/EEA countries,210000
1100,1100.01.05,programme,Бюджетна програма „Консулска дипломация и управление на кризи“,Консулска дипломация и управление на кризи,Consular diplomacy and crisis management,385000
1100,1100.01.06,programme,Бюджетна програма „Международно сътрудничество за развитие и хуманитарна помощ“,Сътрудничество за развитие и хуманитарна помощ,Development cooperation and humanitarian aid,6844500
1100,1100.01.07,programme,"Бюджетна програма „Изграждане на позитивен образ на България зад граница и подкрепа за българските общности, организации и инициативи на българите в чужбина“",Образ на България в чужбина и подкрепа за българите зад граница,Bulgaria’s image abroad and support for Bulgarians abroad,0
1100,1100.01.08,programme,Бюджетна програма „Осигуряване на прозрачност и обществена подкрепа за външната политика“,Прозрачност и обществена подкрепа за външната политика,Transparency and public support for foreign policy,110000
1100,1100.01.09,programme,Бюджетна програма „Обучение и професионална квалификация на служителите в дипломатическата служба“,Обучение на служителите в дипломатическата служба,Training of diplomatic staff,25000
1100,1100.01.10,programme,Бюджетна програма „Ефективно функциониране на външнополитическата дейност“,Ефективно функциониране на външнополитическата дейност,Effective conduct of foreign policy,460000
1100,1100.01.11,programme,Бюджетна програма „Администриране и осигуряване на дейността на Централно управление на МВнР“,Централно управление на министерството,Ministry headquarters,47063000
1100,1100.01.12,programme,Бюджетна програма „Администриране и осигуряване на дейността на задграничните представителства“,Посолства и други задгранични представителства,Embassies and other missions abroad,129857800
1100,1100.02.00,policy,Политика в областта на публичната дипломация и публичните дейности в подкрепа на целите на външната политика,Публична дипломация,Public diplomacy,1755800
1100,1100.02.01,programme,Бюджетна програма „Публична дипломация“,Публична дипломация,Public diplomacy,1136600
1100,1100.02.02,programme,Бюджетна програма „Културна дипломация“,Културна дипломация,Cultural diplomacy,619200
1100,1100.03.00,policy,Политика в областта на подкрепата за българските общности и лицата с българско самосъзнание зад граница,Подкрепа за българите в чужбина,Support for Bulgarian communities abroad,1499800
1100,1100.03.01,programme,Бюджетна програма „Подкрепа за българските общности и лицата с българско самосъзнание зад граница; съхраняване на българското културно-историческо наследство“,Подкрепа за българските общности зад граница и културно-историческото наследство,Support for Bulgarian communities abroad and their heritage,1499800
1200,1200,unit,Министерството на отбраната,Министерство на отбраната,Ministry of Defence,4353444200
1200,1200.01.00,policy,Политика в областта на отбранителните способности,Отбранителни способности,Defence capabilities,4205524700
1200,1200.01.01,programme,Бюджетна програма „Подготовка и използване на въоръжените сили“,Подготовка и използване на въоръжените сили,Training and deployment of the armed forces,2140172300
1200,1200.01.02,programme,Бюджетна програма „Управление на човешките ресурси и резерв“,Управление на човешките ресурси и резерв,Human resources and reserve,34480100
1200,1200.01.03,programme,Бюджетна програма „Военна полиция“,Военна полиция,Military police,71162100
1200,1200.01.04,programme,Бюджетна програма „Медицинско осигуряване“,Медицинско осигуряване,Military medical care,171258400
1200,1200.01.05,programme,Бюджетна програма „Военно-патриотично възпитание и военно-почивно дело“,Военно-патриотично възпитание и военно-почивно дело,Military-patriotic education and recreation,51780100
1200,1200.01.06,programme,Бюджетна програма „Изследвания и технологии“,Изследвания и технологии,Research and technology,17015400
1200,1200.01.07,programme,Бюджетна програма „Военно образование“,Военно образование,Military education,14619800
1200,1200.01.08,programme,"Бюджетна програма „Административно осигуряване, инфраструктура и управление на риска“","Административно осигуряване, инфраструктура и управление на риска","Administration, infrastructure and risk management",376446200
1200,1200.01.09,programme,Бюджетна програма „Управление на инвестиционни проекти“,Управление на инвестиционни проекти,Investment projects,1328590300
1200,1200.02.00,policy,Политика в областта на съюзната и международната сигурност,Съюзна и международна сигурност,Allied and international security,147919500
1200,1200.02.01,programme,Бюджетна програма „Членство в НАТО и ЕС и международно сътрудничество“,Членство в НАТО и ЕС и международно сътрудничество,"NATO and EU membership, international cooperation",50068100
1200,1200.02.02,programme,Бюджетна програма „Военно разузнаване“,Военно разузнаване,Military intelligence,97851400
1300,1300,unit,Министерството на вътрешните работи,Министерство на вътрешните работи,Ministry of Interior,4135659700
1300,1300.01.00,policy,Политика в областта на противодействието на престъпността и опазването на обществения ред,Борба с престъпността и обществен ред,Fighting crime and keeping public order,2490079900
1300,1300.01.01,programme,"Бюджетна програма „Противодействие на престъпността, опазване на обществения ред и превенция“","Противодействие на престъпността, обществен ред и превенция","Fighting crime, public order and prevention",2490079900
1300,1300.02.00,policy,Политика в областта на защитата на границите и контрол на миграционните процеси,Охрана на границите и миграция,Border protection and migration,646272100
1300,1300.02.01,programme,"Бюджетна програма „Граничен контрол, охрана на държавната граница, регулиране и контрол на миграционните процеси“","Граничен контрол, охрана на границата и миграция","Border control, border protection and migration",646272100
1300,1300.03.00,policy,Политика в областта на пожарната безопасност и защитата на населението при извънредни ситуации,Пожарна безопасност и защита при бедствия,Fire safety and civil protection,677774000
1300,1300.03.01,programme,"Бюджетна програма „Пожарна безопасност и защита на населението при пожари, бедствия и извънредни ситуации“",Пожарна безопасност и защита при бедствия,Fire safety and civil protection,677774000
1300,1300.04.00,policy,Политика в областта на управлението и развитието на системата на Министерството на вътрешните работи,Управление и развитие на МВР,Running and developing the Interior Ministry,321533700
1300,1300.04.01,programme,Бюджетна програма „Информационно осигуряване и административно обслужване“,Информационно осигуряване и административно обслужване,Information systems and administrative services,203791700
1300,1300.04.02,programme,Бюджетна програма „Медицинско обслужване“,Медицинско обслужване,Medical services,62636000
1300,1300.04.03,programme,"Бюджетна програма „Научни изследвания и разработки, обучение и квалификация“","Научни изследвания, обучение и квалификация","Research, training and qualification",55106000
1400,1400,unit,Министерството на правосъдието,Министерство на правосъдието,Ministry of Justice,692281100
1400,1400.01.00,policy,Политика в областта на правосъдието,Правосъдие,Justice,243245000
1400,1400.01.01,programme,Бюджетна програма „Правна рамка за функционирането на съдебната система“,Правна рамка за функционирането на съдебната система,Legal framework for the judicial system,36458900
1400,1400.01.02,programme,Бюджетна програма „Регистри“,Регистри,Registers,40411200
1400,1400.01.03,programme,Бюджетна програма „Охрана на съдебната власт“,Охрана на съдебната власт,Security of the judiciary,155218400
1400,1400.01.04,programme,Бюджетна програма „Равен достъп до правосъдие“,Равен достъп до правосъдие,Equal access to justice,11156500
1400,1400.02.00,policy,Политика в областта на изпълнение на наказанията,Затвори и изпълнение на наказанията,Prisons and enforcement of sentences,434524900
1400,1400.02.01,programme,Бюджетна програма „Затвори - изолация на правонарушителите“,Затвори — изолация на правонарушителите,Prisons,312461400
1400,1400.02.02,programme,Бюджетна програма „Арести и пробация“,Арести и пробация,Detention facilities and probation,122063500
1400,1400.03.00,policy,Бюджетна програма „Администрация“,Администрация,Administration,14511200
1500,1500,unit,Министерството на труда и социалната политика,Министерство на труда и социалната политика,Ministry of Labour and Social Policy,3513932300
1500,1500.01.00,policy,"Политика в областта на пазара на труда, свободното движение на работници и трудовата миграция",Пазар на труда и заетост,Labour market and employment,164889000
1500,1500.01.01,programme,Бюджетна програма „Активна политика на пазара на труда“,Активна политика на пазара на труда,Active labour market policy,164514300
1500,1500.01.02,programme,Бюджетна програма „Свободно движение на работници и трудова миграция“,Свободно движение на работници и трудова миграция,Free movement of workers and labour migration,374700
1500,1500.02.00,policy,Политика в областта на трудовите отношения,Трудови отношения,Labour relations,35653600
1500,1500.02.01,programme,Бюджетна програма „Осигуряване на подходящи условия на труд“,Подходящи условия на труд,Decent working conditions,35653600
1500,1500.03.00,policy,Политика в областта на социалното подпомагане и равнопоставеността на жените и мъжете,Социално подпомагане и равнопоставеност,Social assistance and gender equality,451191900
1500,1500.03.01,programme,Бюджетна програма „Социални помощи“,Социални помощи,Social assistance,451004700
1500,1500.03.02,programme,Бюджетна програма „Равнопоставеност на жените и мъжете“,Равнопоставеност на жените и мъжете,Gender equality,187200
1500,1500.04.00,policy,Политика в областта на хората с увреждания,Хора с увреждания,People with disabilities,2043936900
1500,1500.04.01,programme,Бюджетна програма „Подкрепа на и за хората с увреждания“,Подкрепа на и за хората с увреждания,Support for people with disabilities,2043936900
1500,1500.05.00,policy,Политика в областта на социалното включване,Социално включване,Social inclusion,801610300
1500,1500.05.01,programme,Бюджетна програма „Подкрепа за децата и семействата“,Подкрепа за децата и семействата,Support for children and families,801610300
1500,1500.06.00,policy,"Политика в областта на жизненото равнище, демографското развитие и социалните инвестиции",Жизнено равнище и демография,Living standards and demography,1239500
1500,1500.06.01,programme,"Бюджетна програма „Насърчаване, координация и мониторинг на демографското развитие, жизненото равнище и доходите от труд“","Демографско развитие, жизнено равнище и доходи от труд","Demography, living standards and earnings",567100
1500,1500.06.02,programme,"Бюджетна програма „Насърчаване, развитие и мониторинг на социалната икономика и корпоративната социална отговорност“",Социална икономика и корпоративна социална отговорност,Social economy and corporate responsibility,672400
1500,1500.07.00,policy,Бюджетна програма „Администрация“,Администрация,Administration,15411100
1600,1600,unit,Министерството на здравеопазването,Министерство на здравеопазването,Ministry of Health,1203828300
1600,1600.01.00,policy,"Политика в областта на промоцията, превенцията и контрола на общественото здраве",Обществено здраве и профилактика,Public health and prevention,178912700
1600,1600.01.01,programme,Бюджетна програма „Държавен здравен контрол“,Държавен здравен контрол,State health inspection,46573000
1600,1600.01.02,programme,Бюджетна програма „Промоция и превенция на незаразните болести“,Промоция и превенция на незаразните болести,Prevention of non-communicable diseases,14135600
1600,1600.01.03,programme,Бюджетна програма „Профилактика и надзор на заразните болести“,Профилактика и надзор на заразните болести,Prevention and surveillance of infectious diseases,116542700
1600,1600.01.04,programme,Бюджетна програма „Намаляване търсенето на наркотични вещества“,Намаляване търсенето на наркотични вещества,Reducing drug demand,1661400
1600,1600.02.00,policy,Политика в областта на диагностиката и лечението,Диагностика и лечение,Diagnostics and treatment,929558400
1600,1600.02.01,programme,"Бюджетна програма „Контрол на медицинските дейности, здравна информация и електронно здравеопазване“","Контрол на медицинските дейности, здравна информация и електронно здравеопазване","Medical oversight, health information and e-health",51772500
1600,1600.02.02,programme,Бюджетна програма „Осигуряване на медицинска помощ на специфични групи от населението“,Медицинска помощ за специфични групи от населението,Medical care for specific population groups,198573300
1600,1600.02.03,programme,Бюджетна програма „Спешна медицинска помощ“,Спешна медицинска помощ,Emergency medical care,421514300
1600,1600.02.04,programme,Бюджетна програма „Психиатрична помощ“,Психиатрична помощ,Psychiatric care,127667900
1600,1600.02.05,programme,Бюджетна програма „Осигуряване на кръв и кръвни продукти“,Осигуряване на кръв и кръвни продукти,Blood and blood products,43359800
1600,1600.02.06,programme,"Бюджетна програма „Медико-социални грижи за деца в неравностойно положение, майчино и детско здравеопазване“","Медико-социални грижи за деца, майчино и детско здравеопазване","Care for disadvantaged children, maternal and child health",86670600
1600,1600.03.00,policy,Политика в областта на лекарствените продукти и медицинските изделия,Лекарства и медицински изделия,Medicines and medical devices,50181000
1600,1600.03.01,programme,Бюджетна програма „Достъпни и качествени лекарствени продукти и медицински изделия“,Достъпни и качествени лекарства и медицински изделия,"Accessible, quality medicines and medical devices",50181000
1600,1600.04.00,policy,Бюджетна програма „Администрация“,Администрация,Administration,45176200
1700,1700,unit,Министерството на образованието и науката,Министерство на образованието и науката,Ministry of Education and Science,1333961000
1700,1700.01.00,policy,"Политика в областта на всеобхватното, достъпно и качествено предучилищно и училищно образование. Учене през целия живот",Предучилищно и училищно образование,Pre-school and school education,1205342000
1700,1700.01.01,programme,Бюджетна програма „Осигуряване на качеството в системата на предучилищното и училищното образование“,Качество на предучилищното и училищното образование,Quality of pre-school and school education,189056300
1700,1700.01.02,programme,Бюджетна програма „Улесняване на достъпа до образование. Приобщаващо образование“,Достъп до образование и приобщаващо образование,Access to education and inclusive education,228941000
1700,1700.01.03,programme,Бюджетна програма „Училищно образование“,Училищно образование,School education,750995100
1700,1700.01.04,programme,Бюджетна програма „Развитие на способностите на децата и учениците“,Развитие на способностите на децата и учениците,Developing children’s and pupils’ abilities,9861000
1700,1700.01.05,programme,Бюджетна програма „Образование на българите в чужбина“,Образование на българите в чужбина,Education of Bulgarians abroad,22740900
1700,1700.01.06,programme,Бюджетна програма „Учене през целия живот“,Учене през целия живот,Lifelong learning,3747700
1700,1700.02.00,policy,Политика в областта на равен достъп до качествено висше образование и развитие на научния потенциал,Висше образование и наука,Higher education and research,114626300
1700,1700.02.01,programme,Бюджетна програма „Подобряване на достъпа и повишаване на качеството във висшето образование“,Достъп и качество във висшето образование,Access to and quality of higher education,35667600
1700,1700.02.02,programme,Бюджетна програма „Студентско подпомагане“,Студентско подпомагане,Student support,26688600
1700,1700.02.03,programme,Бюджетна програма „Международен образователен обмен“,Международен образователен обмен,International educational exchange,6047900
1700,1700.02.04,programme,"Бюджетна програма „Оценка и развитие на националния научен потенциал за изграждане на устойчива връзка образование - наука - бизнес като основа за развитие на икономика, базирана на знанието“",Национален научен потенциал и връзка образование – наука – бизнес,National research capacity and education–science–business links,22081400
1700,1700.02.05,programme,Бюджетна програма „Координация и мониторинг на научния потенциал за интегриране в европейското изследователско пространство и глобалната информационна мрежа“,Интегриране в европейското изследователско пространство,Integration into the European Research Area,24140800
1700,1700.03.00,policy,Бюджетна програма „Администрация“,Администрация,Administration,13992700
1800,1800,unit,Министерството на културата,Министерство на културата,Ministry of Culture,457163900
1800,1800.01.00,policy,Политика в областта на опазване на движимото и недвижимото културно наследство,Културно наследство,Cultural heritage,46166100
1800,1800.01.01,programme,Бюджетна програма „Опазване на недвижимото културно наследство“,Опазване на недвижимото културно наследство,Protecting immovable cultural heritage,16371300
1800,1800.01.02,programme,Бюджетна програма „Опазване и представяне на движимото културно наследство и визуалните изкуства“,Движимо културно наследство и визуални изкуства,Movable cultural heritage and visual arts,29794800
1800,1800.02.00,policy,Политика в областта на създаване и популяризиране на съвременно изкуство в страната и в чужбина и достъп до качествено художествено образование,"Съвременно изкуство (театри, опери, оркестри)","Contemporary arts (theatres, operas, orchestras)",402120600
1800,1800.02.01,programme,Бюджетна програма „Национален фонд „Култура“,Национален фонд „Култура“,National Culture Fund,9872700
1800,1800.02.02,programme,Бюджетна програма „Филмово изкуство“,Филмово изкуство,Film,56204100
1800,1800.02.03,programme,Бюджетна програма „Сценични изкуства“,Сценични изкуства,Performing arts,221359200
1800,1800.02.04,programme,"Бюджетна програма „Фестивали, конкурси, събития и чествания“","Фестивали, конкурси, събития и чествания","Festivals, competitions, events and celebrations",5493000
1800,1800.02.05,programme,Бюджетна програма „Авторско право и сродните му права“,Авторско право и сродните му права,Copyright and related rights,684100
1800,1800.02.06,programme,"Бюджетна програма „Подпомагане развитието на българската култура и изкуства, на българския книжен сектор, библиотеки и читалища“","Българска култура, книжен сектор, библиотеки и читалища","Bulgarian culture, books, libraries and community centres",14353900
1800,1800.02.07,programme,Бюджетна програма „Популяризиране на българската култура в чужбина“,Популяризиране на българската култура в чужбина,Promoting Bulgarian culture abroad,6173900
1800,1800.02.08,programme,Бюджетна програма „Обучение на кадри в областта на изкуството и културата“,Обучение на кадри в изкуството и културата,Training in the arts and culture,87979700
1800,1800.03.00,policy,Бюджетна програма „Администрация“,Администрация,Administration,8877200
1900,1900,unit,Министерството на околната среда и водите,Министерство на околната среда и водите,Ministry of Environment and Water,147573300
1900,1900.01.00,policy,Политика в областта на опазването и ползването на компонентите на околната среда,Опазване на околната среда,Environmental protection,60769400
1900,1900.01.01,programme,"Бюджетна програма „Оценка, управление и опазване на водите на Република България“",Опазване и управление на водите,Water protection and management,12759200
1900,1900.01.02,programme,Бюджетна програма „Интегрирана система за управление на отпадъците и опазване на почвите“,Управление на отпадъците и опазване на почвите,Waste management and soil protection,5390400
1900,1900.01.03,programme,Бюджетна програма „Намаляване на вредните емисии в атмосферата и подобряване качеството на атмосферния въздух“,Чистота на въздуха,Air quality,3794000
1900,1900.01.04,programme,"Бюджетна програма „Съхраняване, укрепване и възстановяване на екосистеми, местообитания, видове и генетичните им ресурси“","Екосистеми, местообитания и видове","Ecosystems, habitats and species",26936100
1900,1900.01.05,programme,"Бюджетна програма „Информиране, участие на обществеността в процеса на вземане на решения и прилагане на механизмите за контрол“",Информиране и участие на обществеността,Public information and participation,2539500
1900,1900.01.06,programme,Бюджетна програма „Оценка и управление на въздействието върху околната среда“,Оценка на въздействието върху околната среда,Environmental impact assessment,6572000
1900,1900.01.07,programme,Бюджетна програма „Управление на дейностите по изменение на климата“,Изменение на климата,Climate change,2778200
1900,1900.02.00,policy,Политика в областта на Националната система за мониторинг на околната среда и информационна обезпеченост,Мониторинг на околната среда,Environmental monitoring,19803000
1900,1900.02.01,programme,Бюджетна програма „Национална система за мониторинг на околната среда и информационна обезпеченост“,Мониторинг на околната среда и информационна обезпеченост,Environmental monitoring and information,19803000
1900,1900.03.00,policy,Други бюджетни програми,Други програми,Other programmes,34589000
1900,1900.03.01,programme,"Бюджетна програма „Дейности по метеорология, хидрология и агрометеорология“","Метеорология, хидрология и агрометеорология","Meteorology, hydrology and agrometeorology",34589000
1900,1900.04.00,policy,Бюджетна програма „Администрация“,Администрация,Administration,32411900
2000,2000,unit,Министерството на икономиката и индустрията,Министерство на икономиката и индустрията,Ministry of Economy and Industry,122409500
2000,2000.01.00,policy,Политика в областта на устойчивото икономическо развитие и конкурентоспособност,Икономическо развитие и конкурентоспособност,Economic development and competitiveness,90614600
2000,2000.01.01,programme,"Бюджетна програма „Облекчаване на регулации, опростяване на процедури по предоставяне на административни услуги“",По-леки регулации и по-прости административни услуги,Lighter regulation and simpler administrative services,5578300
2000,2000.01.02,programme,Бюджетна програма „Насърчаване на малките и средните предприятия и индустрията“,Насърчаване на малките и средните предприятия и индустрията,Support for SMEs and industry,1670300
2000,2000.01.03,programme,Бюджетна програма „Закрила на обектите на индустриална собственост“,Закрила на индустриалната собственост,Industrial property protection,5536300
2000,2000.01.04,programme,Бюджетна програма „Инфраструктура по качеството в подкрепа развитието на икономиката“,Инфраструктура по качеството,Quality infrastructure,44311400
2000,2000.01.05,programme,Бюджетна програма „Подобряване на възможностите за участие в единния европейски пазар“,Участие в единния европейски пазар,Participation in the EU single market,1730400
2000,2000.01.06,programme,Бюджетна програма „Преструктуриране и ефективно управление на държавната собственост“,Държавна собственост,State property,21994300
2000,2000.01.07,programme,Бюджетна програма „Защита на потребителите“,Защита на потребителите,Consumer protection,9793600
2000,2000.02.00,policy,Политика в областта на ефективното външноикономическо сътрудничество,Външноикономическо сътрудничество,Foreign economic cooperation,18831600
2000,2000.02.01,programme,Бюджетна програма „Реализация на експортния потенциал и участие в търговската политика на Европейския съюз“,Износ и търговска политика на ЕС,Exports and EU trade policy,18831600
2000,2000.03.00,policy,Бюджетна програма „Администрация“,Администрация,Administration,12963300
2100,2100,unit,Министерството на регионалното развитие и благоустройството,Министерство на регионалното развитие и благоустройството,Ministry of Regional Development and Public Works,2070448700
2100,2100.01.00,policy,Политика за интегрирано развитие на регионите за постигане на растеж и подобряване качеството на жизнената среда,Регионално развитие,Regional development,23443800
2100,2100.01.01,programme,"Бюджетна програма „Стратегическо планиране на регионалното и пространственото развитие, децентрализация и териториално сътрудничество“","Стратегическо планиране, децентрализация и териториално сътрудничество","Regional planning, decentralisation and territorial cooperation",3993000
2100,2100.01.02,programme,Бюджетна програма „Подобряване на жилищните условия на маргинализирани групи от населението“,Жилищни условия на маргинализирани групи,Housing for marginalised groups,15823800
2100,2100.01.03,programme,"Бюджетна програма „Ефективно управление на държавната собственост, държавното участие в търговските дружества и държавни предприятия и развитие на публично-частното партньорство и концесионирането“","Държавна собственост, публично-частно партньорство и концесии","State property, public-private partnerships and concessions",3627000
2100,2100.02.00,policy,"Политика за подобряване на инвестиционния процес, поддържане, модернизация и изграждане на техническата инфраструктура",Пътища и техническа инфраструктура,Roads and technical infrastructure,2016413200
2100,2100.02.01,programme,Бюджетна програма „Рехабилитация и изграждане на пътна инфраструктура“,Рехабилитация и изграждане на пътна инфраструктура,Road construction and rehabilitation,1932854300
2100,2100.02.02,programme,"Бюджетна програма „Устройство на територията, благоустройство, геозащита, водоснабдяване и канализация“","Устройство на територията, геозащита, водоснабдяване и канализация","Spatial planning, landslide protection, water and sewerage",65448500
2100,2100.02.03,programme,Бюджетна програма „Нормативно регулиране и контрол на строителните продукти и инвестиционния процес в строителството“,Контрол на строителните продукти и инвестиционния процес,Construction products and investment process control,18110400
2100,2100.03.00,policy,Бюджетна програма „Ефективна администрация и координация“,Администрация и координация,Administration and coordination,30591700
2200,2200,unit,Министерството на земеделието и храните,Министерство на земеделието и храните,Ministry of Agriculture and Food,369334800
2200,2200.01.00,policy,Политика в областта на земеделието и селските райони,Земеделие и селски райони,Agriculture and rural areas,276449600
2200,2200.01.01,programme,Бюджетна програма „Земеделски земи“,Земеделски земи,Agricultural land,65516700
2200,2200.01.02,programme,Бюджетна програма „Природни ресурси в селските райони“,Природни ресурси в селските райони,Natural resources in rural areas,112900
2200,2200.01.03,programme,Бюджетна програма „Растениевъдство“,Растениевъдство,Crop production,40950600
2200,2200.01.04,programme,Бюджетна програма „Хидромелиорации“,Хидромелиорации,Irrigation and drainage,37996000
2200,2200.01.05,programme,Бюджетна програма „Животновъдство“,Животновъдство,Livestock,5051000
2200,2200.01.06,programme,Бюджетна програма „Организация на пазарите и държавни помощи“,Организация на пазарите и държавни помощи,Market organisation and state aid,2361800
2200,2200.01.07,programme,"Бюджетна програма „Агростатистика, анализи и прогнози“","Агростатистика, анализи и прогнози",Agricultural statistics and forecasts,1278600
2200,2200.01.08,programme,Бюджетна програма „Научни изследвания“,Научни изследвания,Research,0
2200,2200.01.09,programme,Бюджетна програма „Съвети и консултации“,Съвети и консултации,Advisory services,1761400
2200,2200.01.10,programme,Бюджетна програма „Земеделска техника“,Земеделска техника,Agricultural machinery,1257000
2200,2200.01.11,programme,Бюджетна програма „Безопасност по хранителната верига“,Безопасност по хранителната верига,Food chain safety,119195800
2200,2200.01.12,programme,Бюджетна програма „Подобряване на живота в селските райони“,Подобряване на живота в селските райони,Rural quality of life,967800
2200,2200.02.00,policy,Политика в областта на рибарството и аквакултурите,Рибарство и аквакултури,Fisheries and aquaculture,9217000
2200,2200.02.01,programme,Бюджетна програма „Рибарство и аквакултури“,Рибарство и аквакултури,Fisheries and aquaculture,9217000
2200,2200.03.00,policy,Политика в областта на съхраняването и увеличаването на горите и дивеча,Гори и дивеч,Forests and wildlife,46487900
2200,2200.03.01,programme,Бюджетна програма „Специализирани дейности в горските територии“,Специализирани дейности в горските територии,Forest management,41487900
2200,2200.03.02,programme,"Бюджетна програма „Планиране, опазване от посегателства, пожари и лесозащита“",Опазване на горите от посегателства и пожари,Forest protection and fire prevention,5000000
2200,2200.04.00,policy,Бюджетна програма „Администрация“,Администрация,Administration,37180300
2300,2300,unit,Министерството на транспорта и съобщенията,Министерство на транспорта и съобщенията,Ministry of Transport and Communications,1125479900
2300,2300.01.00,policy,Политика в областта на транспорта,Транспорт,Transport,993782100
2300,2300.01.01,programme,Бюджетна програма „Развитие и поддръжка на транспортната инфраструктура“,Развитие и поддръжка на транспортната инфраструктура,Developing and maintaining transport infrastructure,320699200
2300,2300.01.02,programme,"Бюджетна програма „Организация, управление на транспорта, осигуряване на безопасност, сигурност и екологосъобразност“","Управление на транспорта, безопасност и сигурност","Transport management, safety and security",667491400
2300,2300.01.03,programme,Бюджетна програма „Търсене и спасяване във водния и въздушния транспорт“,Търсене и спасяване по море и във въздуха,Maritime and air search and rescue,4779200
2300,2300.01.04,programme,"Бюджетна програма „Разследване на произшествия във въздушния, водния и железопътния транспорт“",Разследване на транспортни произшествия,Investigating transport accidents,812300
2300,2300.02.00,policy,Политика в областта на съобщенията и цифровата свързаност,Съобщения и цифрова свързаност,Communications and digital connectivity,96380800
2300,2300.02.01,programme,Бюджетна програма „Развитие на съобщенията и цифровата свързаност“,Съобщения и цифрова свързаност,Communications and digital connectivity,96380800
2300,2300.03.00,policy,"Бюджетна програма „Административно обслужване, медицинска и психологическа експертиза“","Администрация, медицинска и психологическа експертиза","Administration, medical and psychological assessment",35317000
2400,2400,unit,Министерството на енергетиката,Министерство на енергетиката,Ministry of Energy,84456600
2400,2400.01.00,policy,Политика в областта на устойчивото и конкурентоспособно енергийно развитие,Енергетика,Energy,74170500
2400,2400.01.01,programme,"Бюджетна програма „Ефективно функциониране на енергийните предприятия, инфраструктура и пазари“","Енергийни предприятия, инфраструктура и пазари","Energy companies, infrastructure and markets",2364000
2400,2400.01.02,programme,Бюджетна програма „Сигурност при енергоснабдяването и при управление на РАО и ИЕЯС“,Сигурност на енергоснабдяването и радиоактивни отпадъци,Security of energy supply and radioactive waste,65026100
2400,2400.01.03,programme,Бюджетна програма „Устойчиво енергийно развитие“,Устойчиво енергийно развитие,Sustainable energy development,3838300
2400,2400.01.04,programme,Бюджетна програма „Подобряване на процесите на концесиониране и управление на подземните богатства и геоложките изследвания“,Подземни богатства и геоложки изследвания,Mineral resources and geological surveys,2942100
2400,2400.02.00,policy,Бюджетна програма „Администрация“,Администрация,Administration,10286100
2500,2500,unit,Министерството на младежта и спорта,Министерство на младежта и спорта,Ministry of Youth and Sports,179469800
2500,2500.01.00,policy,Политика в областта на спорта за учащи и спорта в свободното време,Спорт за учащи и за всички,Sport for students and for everyone,36102600
2500,2500.01.01,programme,Бюджетна програма „Спорт за учащи“,Спорт за учащи,Sport for students,27755300
2500,2500.01.02,programme,Бюджетна програма „Спорт в свободното време“,Спорт в свободното време,Leisure sport,8347300
2500,2500.02.00,policy,Политика в областта на спорта за високи постижения,Спорт за високи постижения,Elite sport,111983800
2500,2500.02.01,programme,Бюджетна програма „Олимпийска подготовка“,Олимпийска подготовка,Olympic preparation,32626400
2500,2500.02.02,programme,Бюджетна програма „Спорт за високи постижения“,Спорт за високи постижения,Elite sport,79357400
2500,2500.03.00,policy,"Политика в областта на привеждането на спортните обекти и съоръжения във вид, отговарящ на съвременните международни стандарти",Спортни бази и съоръжения,Sports facilities,20129600
2500,2500.03.01,programme,Бюджетна програма „Спортни обекти и съоръжения“,Спортни обекти и съоръжения,Sports facilities,20129600
2500,2500.04.00,policy,Политика в областта на усвояването и прилагането на добри международни практики за спорта,Международни практики в спорта,International good practice in sport,753400
2500,2500.04.01,programme,"Бюджетна програма „Изграждане на високоефективен капацитет за активно международно сътрудничество в сферата на физическото възпитание, спорта и социалния туризъм“",Международно сътрудничество в спорта,International cooperation in sport,753400
2500,2500.05.00,policy,Политика в областта на младите хора,Младежи,Young people,6431000
2500,2500.05.01,programme,Бюджетна програма „Младите в действие“,Младите в действие,Youth in action,6431000
2500,2500.06.00,policy,Бюджетна програма „Администрация“,Администрация,Administration,4069400
3000,3000,unit,Държавната агенция „Национална сигурност“,ДАНС (Държавна агенция „Национална сигурност“),State Agency for National Security,278862400
3000,3000.01.00,policy,Политика в областта на защитата на националната сигурност,Защита на националната сигурност,Protecting national security,278862400
3000,3000.01.01,programme,Бюджетна програма „Национална сигурност“,Национална сигурност,National security,278862400
3200,3200,unit,Комисията за разкриване на документите и за обявяване на принадлежност на български граждани към Държавна сигурност и разузнавателните служби на Българската народна армия,Комисия по досиетата,Commission on State Security Files,5301300
3200,3200.01.00,policy,Функционална област „Архив на Държавна сигурност и разузнавателните служби на Българската народна армия“,Архив на Държавна сигурност,State Security archive,5301300
3200,3200.01.01,programme,Бюджетна програма „Достъп до архивните документи и обявяване на принадлежност на български граждани към Държавна сигурност и разузнавателните служби на Българската народна армия“,Достъп до архивите на Държавна сигурност,Access to the State Security archives,5301300
3300,3300,unit,Комисията за защита от дискриминация,Комисия за защита от дискриминация,Commission for Protection against Discrimination,4317300
3300,3300.01.00,policy,Функционална област „Противодействие и защита на гражданите от дискриминация“,Защита от дискриминация,Protection against discrimination,4317300
3300,3300.01.01,programme,Бюджетна програма „Противодействие на дискриминация“,Противодействие на дискриминацията,Combating discrimination,4317300
3400,3400,unit,Комисията за защита на личните данни,Комисия за защита на личните данни,Commission for Personal Data Protection,6728900
3400,3400.01.00,policy,Функционална област „Защита на личните данни на физическите лица“,Защита на личните данни,Personal data protection,6728900
3400,3400.01.01,programme,Бюджетна програма „Защита на физическите лица при обработването на лични данни и свободното движение на такива данни“,Защита на личните данни,Personal data protection,6728900
3700,3700,unit,Комисията за отнемане на незаконно придобито имущество,Комисия за отнемане на незаконно придобитото имущество,Commission for Illegal Assets Forfeiture,15986100
3700,3700.01.00,policy,Функционална област „Предотвратяване на възможностите за незаконно придобиване на имущество“,Отнемане на незаконно имущество,Forfeiture of illegal assets,15986100
3700,3700.01.01,programme,Бюджетна програма „Установяване и отнемане на незаконно придобито имущество“,Отнемане на незаконно придобито имущество,Forfeiture of illegally acquired assets,15986100
3800,3800,unit,Националната служба за охрана,Национална служба за охрана,National Protection Service,95622400
3800,3800.01.00,policy,Функционална област „Осигуряване безопасността на охраняваните лица и обекти и предоставяне на специализиран транспорт“,Охрана на лица и обекти,Protection of persons and sites,95622400
3800,3800.01.01,programme,Бюджетна програма „Държавна охрана“,Държавна охрана,State protection,95622400
3900,3900,unit,Държавната агенция „Разузнаване“,Държавна агенция „Разузнаване“,State Intelligence Agency,69431000
3900,3900.01.00,policy,"Политика в областта на информационно-аналитичното обезпечаване на държавното ръководство, подпомагащо процеса на вземане на решения с цел защита на националната сигурност и интересите на Република България",Разузнаване,Intelligence,69431000
3900,3900.01.01,programme,Бюджетна програма „Разузнаване“,Разузнаване,Intelligence,69431000
4000,4000,unit,Омбудсмана на Република България,Омбудсман,Ombudsman,4820400
4000,4000.01.00,policy,Функционална област „Защита правата на гражданите“,Защита на правата на гражданите,Protecting citizens' rights,4820400
4000,4000.01.01,programme,Бюджетна програма „Застъпничество и защита на правата и свободите на гражданите“,Защита на правата и свободите на гражданите,Protecting citizens’ rights and freedoms,4820400
4100,4100,unit,Националния статистически институт,Национален статистически институт,National Statistical Institute,46101000
4100,4100.01.00,policy,"Функционална област „Безпристрастна, обективна, навременна и точна информация за състоянието на Република България“",Официална статистика,Official statistics,46101000
4100,4100.01.01,programme,Бюджетна програма „Национална статистическа програма“,Национална статистическа програма,National statistical programme,46101000
4200,4200,unit,Комисията за защита на конкуренцията,Комисия за защита на конкуренцията,Commission for Protection of Competition,7724900
4200,4200.01.00,policy,Функционална област „Защита на конкуренцията и контрол на законосъобразността при процедурите по възлагане на обществени поръчки и предоставяне на концесии“,Конкуренция и контрол на обществените поръчки,Competition and public procurement oversight,7724900
4200,4200.01.01,programme,"Бюджетна програма „Защита на конкуренцията и свободната стопанска инициатива, осъществяване на контрол за законосъобразност при процедурите по възлагане на обществени поръчки и предоставяне на концесии“",Защита на конкуренцията и контрол на обществените поръчки,Competition protection and public procurement oversight,7724900
4300,4300,unit,Комисията за регулиране на съобщенията,Комисия за регулиране на съобщенията,Communications Regulation Commission,25161600
4300,4300.01.00,policy,Функционална област „Електронни съобщения и пощенски услуги“,Електронни съобщения и пощи,Electronic communications and postal services,25161600
4300,4300.01.01,programme,Бюджетна програма „Регулиране на електронните съобщения и пощенските услуги“,Регулиране на електронните съобщения и пощенските услуги,Regulating electronic communications and postal services,25161600
4400,4400,unit,Съвета за електронни медии,Съвет за електронни медии,Council for Electronic Media,3445800
4400,4400.01.00,policy,Функционална област „Регулиране на медийните услуги и на услуги на платформи за споделяне на видеоклипове“,Регулиране на медиите,Media regulation,3445800
4400,4400.01.01,programme,"Бюджетна програма „Надзор, лицензионни, регистрационни и правни режими“","Надзор, лицензиране и регистрация на медиите","Media supervision, licensing and registration",3445800
4500,4500,unit,Комисията за енергийно и водно регулиране,Комисия за енергийно и водно регулиране,Energy and Water Regulatory Commission,15207100
4500,4500.01.00,policy,Функционална област „Държавна регулация в енергетиката и ВиК сектора“,Регулиране на енергетиката и ВиК,Energy and water regulation,15207100
4500,4500.01.01,programme,Бюджетна програма „Държавно регулиране на дейностите в енергетиката и ВиК сектора“,Регулиране на енергетиката и ВиК сектора,Regulating energy and water utilities,15207100
4600,4600,unit,Агенцията за ядрено регулиране,Агенция за ядрено регулиране,Nuclear Regulatory Agency,10240700
4600,4600.01.00,policy,Функционална област „Регулация на ядрената безопасност и радиационната защита на Република България“,Ядрена безопасност и радиационна защита,Nuclear safety and radiation protection,10240700
4600,4600.01.01,programme,Бюджетна програма „Регулиране и контрол на ядрената безопасност и радиационната защита на Република България“,Ядрена безопасност и радиационна защита,Nuclear safety and radiation protection,10240700
4700,4700,unit,Комисията за финансов надзор,Комисия за финансов надзор,Financial Supervision Commission,28038300
4700,4700.01.00,policy,Функционална област „Регулация и надзор на небанковия финансов сектор“,Надзор на небанковия финансов сектор,Supervision of non-bank finance,28038300
4700,4700.01.01,programme,Бюджетна програма „Подобряване на регулацията и надзора на небанковия финансов сектор“,Регулация и надзор на небанковия финансов сектор,Regulating and supervising non-bank finance,28038300
4800,4800,unit,Държавната комисия по сигурността на информацията,Държавна комисия по сигурността на информацията,State Commission on Information Security,20342400
4800,4800.01.00,policy,Функционална област „Защита на класифицираната информация“,Защита на класифицираната информация,Protecting classified information,20342400
4800,4800.01.01,programme,"Бюджетна програма „Организиране, осъществяване, координиране и контролиране на дейността по защитата на класифицираната информация и осигуряване на еднаквата ѝ защита в национален и международен план“",Защита на класифицираната информация,Protecting classified information,20342400
5300,5300,unit,Държавната агенция „Държавен резерв и военновременни запаси“,Държавен резерв и военновременни запаси,State Reserve and Wartime Stocks Agency,101555900
5300,5300.01.00,policy,"Политика в областта на държавните резерви, военновременните запаси и задължителните запаси от нефт и нефтопродукти",Държавни резерви и запаси,State reserves and stocks,101555900
5300,5300.01.01,programme,Бюджетна програма „Държавни резерви и военновременни запаси“,Държавни резерви и военновременни запаси,State reserves and wartime stocks,85372200
5300,5300.01.02,programme,Бюджетна програма „Запаси за извънредни ситуации от нефт и нефтопродукти и целеви запаси от нефтопродукти“,Запаси от нефт и нефтопродукти,Oil and oil product stocks,16183700
7100,7100,unit,Министерството на туризма,Министерство на туризма,Ministry of Tourism,28818100
7100,7100.01.00,policy,Политика в областта на устойчивото развитие на туризма,Развитие на туризма,Tourism development,24054400
7100,7100.01.01,programme,Бюджетна програма „Подобряване на политиките и регулациите в сектора на туризма“,Политики и регулации в туризма,Tourism policy and regulation,4964700
7100,7100.01.02,programme,Бюджетна програма „Развитие на националната туристическа реклама и международно сътрудничество в областта на туризма“,Туристическа реклама и международно сътрудничество,Tourism promotion and international cooperation,19089700
7100,7100.02.00,policy,Бюджетна програма „Администрация“,Администрация,Administration,4763700
7400,7400,unit,Министерството на иновациите и растежа,Министерство на иновациите и растежа,Ministry of Innovation and Growth,61036900
7400,7400.01.00,policy,Политика в областта на развитието на инвестициите и иновациите в подкрепа на растежа на българската икономика,Инвестиции и иновации за растеж,Investment and innovation for growth,56204100
7400,7400.01.01,programme,Бюджетна програма „Насърчаване на иновациите“,Насърчаване на иновациите,Promoting innovation,26420900
7400,7400.01.02,programme,Бюджетна програма „Насърчаване на инвестициите“,Насърчаване на инвестициите,Investment promotion,29783200
7400,7400.02.00,policy,Бюджетна програма „Администрация“,Администрация,Administration,4832800
7500,7500,unit,Министерството на електронното управление,Министерство на електронното управление,Ministry of e-Government,55976400
7500,7500.01.00,policy,Политика в областта на електронното управление,Електронно управление,E-government,55976400
7500,7500.01.01,programme,Бюджетна програма „Електронно управление и информационно общество“,Електронно управление и информационно общество,E-government and the information society,55976400
8100,8100,unit,Комисията за противодействие на корупцията,Комисия за противодействие на корупцията,Anti-Corruption Commission,17829200
8100,8100.01.00,policy,"Функционална област „Осъществяване на превенция, ефективно противодействие на корупцията и установяване на конфликт на интереси“",Противодействие на корупцията и конфликт на интереси,Fighting corruption and conflicts of interest,17829200
8100,8100.01.01,programme,"Бюджетна програма „Превенция и противодействие на прояви за корупция от лица, заемащи публични длъжности, и установяване конфликт на интереси“",Противодействие на корупцията сред лицата на публични длъжности,Countering corruption among public officials,17829200
8200,8200,unit,Централната избирателна комисия,Централна избирателна комисия,Central Election Commission,7929200
8200,8200.01.00,policy,"Функционална област „Организиране и произвеждане на законосъобразни, честни и свободни избори и национални референдуми“",Организиране на избори,Running elections,7929200
8200,8200.01.01,programme,Бюджетна програма „Избори и национални референдуми“,Избори и национални референдуми,Elections and national referendums,0
8200,8200.01.02,programme,Бюджетна програма „Изграждане на професионална администрация и ефективно управление“,Професионална администрация и ефективно управление,Professional administration and effective management,7929200
8300,8300,unit,Комисията за публичен надзор над регистрираните одитори,Комисия за публичен надзор над регистрираните одитори,Commission for Public Oversight of Statutory Auditors,2856200
8300,8300.01.00,policy,Функционална област „Осъществяване на публичен надзор над регистрираните одитори“,Надзор над одиторите,Auditor oversight,2856200
8300,8300.01.01,programme,Бюджетна програма „Публичен надзор над регистрираните одитори“,Публичен надзор над регистрираните одитори,Public oversight of statutory auditors,2856200
8400,8400,unit,Държавния фонд „Земеделие“,Държавен фонд „Земеделие“,State Fund Agriculture,542442100
8400,8400.01.00,policy,Политика на Министерството на земеделието и храните в областта на земеделието и селските райони,Земеделие и селски райони (субсидии),Agriculture and rural areas (subsidies),501763600
8400,8400.01.01,programme,Бюджетна програма „Развитие на селските райони“,Развитие на селските райони,Rural development,33751600
8400,8400.01.02,programme,Бюджетна програма „Селскостопански пазарни механизми“,Селскостопански пазарни механизми,Agricultural market measures,14636100
8400,8400.01.03,programme,Бюджетна програма „Директни плащания и мерки за специфично подпомагане“,Директни плащания и специфично подпомагане,Direct payments and specific support,3317600
8400,8400.01.04,programme,"Бюджетна програма „Държавни помощи, национални доплащания и САПАРД“","Държавни помощи, национални доплащания и САПАРД","State aid, national top-ups and SAPARD",450058300
8400,8400.02.00,policy,Политика на Министерството на земеделието и храните в областта на рибарството и аквакултурите,Рибарство и аквакултури (субсидии),Fisheries and aquaculture (subsidies),493600
8400,8400.02.01,programme,Бюджетна програма „Рибарство и аквакултури“,Рибарство и аквакултури,Fisheries and aquaculture,493600
8400,8400.03.00,policy,Бюджетна програма „Администрация“,Администрация,Administration,40184900
8500,8500,unit,Националното бюро за контрол на специалните разузнавателни средства,Бюро за контрол на специалните разузнавателни средства,Bureau for Control of Special Intelligence Means,2580700
8500,8500.01.00,policy,"Функционална област „Наблюдение на процедурите по разрешаване, прилагане и използване на специални разузнавателни средства“",Контрол на подслушването (СРС),Oversight of surveillance,2580700
8500,8500.01.01,programme,Бюджетна програма „Контрол на специалните разузнавателни средства“,Контрол на специалните разузнавателни средства,Oversight of special intelligence means,2580700
8600,8600,unit,Държавната агенция „Технически операции“,Държавна агенция „Технически операции“,State Agency for Technical Operations,149261100
8600,8600.01.00,policy,Политика в областта на осигуряването и прилагането на специални разузнавателни средства с цел защита на националната сигурност и опазване на обществения ред,Специални разузнавателни средства,Special intelligence means,149261100
8600,8600.01.01,programme,Бюджетна програма „Технически операции“,Технически операции,Technical operations,149261100
