№,Бюджетни взаимоотношения (трансфери),2025 г.,2026 г.,2027 г.,2028 г.,source
1,Предоставени трансфери от централния бюджет за бюджета на Българската национална телевизия,"93 665,0","93 732,4","93 790,4","93 842,9","Актуализирана средносрочна бюджетна прогноза за периода 2025–2028 г. (мотиви към законопроекта за държавния бюджет за 2025 г., РМС № 88/24.02.2025), приложение № 6: https://www.strategy.bg/download/1296995"
,"в т. ч. по чл. 70, ал. 4, т. 2 от Закона за радиото и телевизията","6 100,0","6 100,0","6 100,0","6 100,0","Актуализирана средносрочна бюджетна прогноза за периода 2025–2028 г. (мотиви към законопроекта за държавния бюджет за 2025 г., РМС № 88/24.02.2025), приложение № 6: https://www.strategy.bg/download/1296995"
2,Предоставени трансфери от централния бюджет за бюджета на Българското национално радио,"66 132,5","66 318,7","66 479,7","66 659,7","Актуализирана средносрочна бюджетна прогноза за периода 2025–2028 г. (мотиви към законопроекта за държавния бюджет за 2025 г., РМС № 88/24.02.2025), приложение № 6: https://www.strategy.bg/download/1296995"
,"в т. ч. по чл. 70, ал. 4, т. 2 от Закона за радиото и телевизията","3 900,0","3 900,0","3 900,0","3 900,0","Актуализирана средносрочна бюджетна прогноза за периода 2025–2028 г. (мотиви към законопроекта за държавния бюджет за 2025 г., РМС № 88/24.02.2025), приложение № 6: https://www.strategy.bg/download/1296995"
3,Предоставени трансфери от централния бюджет за бюджета на Българската телеграфна агенция,"15 668,6","16 873,9","15 679,0","14 484,5","Актуализирана средносрочна бюджетна прогноза за периода 2025–2028 г. (мотиви към законопроекта за държавния бюджет за 2025 г., РМС № 88/24.02.2025), приложение № 6: https://www.strategy.bg/download/1296995"
4,Предоставени трансфери от бюджета на Министерството на образованието и науката за бюджетите на Българската академия на науките и държавните висши училища - общо,"1 450 908,9","1 460 410,9","1 468 420,9","1 476 870,3","Актуализирана средносрочна бюджетна прогноза за периода 2025–2028 г. (мотиви към законопроекта за държавния бюджет за 2025 г., РМС № 88/24.02.2025), приложение № 6: https://www.strategy.bg/download/1296995"
4.1,- за бюджета на Българската академия на науките,"240 292,2","240 665,5","241 027,7","241 414,9","Актуализирана средносрочна бюджетна прогноза за периода 2025–2028 г. (мотиви към законопроекта за държавния бюджет за 2025 г., РМС № 88/24.02.2025), приложение № 6: https://www.strategy.bg/download/1296995"
4.2,- за бюджетите на държавните висши училища,"1 210 616,7","1 219 745,4","1 227 393,2","1 235 455,4","Актуализирана средносрочна бюджетна прогноза за периода 2025–2028 г. (мотиви към законопроекта за държавния бюджет за 2025 г., РМС № 88/24.02.2025), приложение № 6: https://www.strategy.bg/download/1296995"
5,Предоставени трансфери от бюджета на Министерството на околната среда и водите за бюджета на Българската академия на науките,"675,0","675,0","675,0","675,0","Актуализирана средносрочна бюджетна прогноза за периода 2025–2028 г. (мотиви към законопроекта за държавния бюджет за 2025 г., РМС № 88/24.02.2025), приложение № 6: https://www.strategy.bg/download/1296995"
6,Предоставени трансфери от бюджета на Министерството на отбраната за бюджетите на държавните висши военни училища,"85 800,1","92 015,1","95 866,1","98 729,1","Актуализирана средносрочна бюджетна прогноза за периода 2025–2028 г. (мотиви към законопроекта за държавния бюджет за 2025 г., РМС № 88/24.02.2025), приложение № 6: https://www.strategy.bg/download/1296995"
