name,count
ААФЕТ,6
АБАЗ,13
АБАЗЕЛ,6
АБАС,13
АББАЗ,6
АБДИ,25
АБДИЛ,4
АБДИЯ,41
АБДРАХМАН,25
АБДРИМ,39
АБДУЛ,58
АБДУЛА,176
АБДУЛАКИЯ,3
АБДУЛАХ,30
АБДУЛЛА,8
АБДУЛЛАХ,12
АБДУЛРАХМАН,8
АБДУРАИМ,6
АБДУРАМАН,6
АБДУРАХИМ,14
АБДУРАХМАН,123
АБДЮЛ,6
АБДЮЛГАФУР,17
АБЕ,3
АБЕДИН,54
АБИ,6
АБИБ,6
АБИБЕ,135
АБИДЕ,18
АБИДИМ,22
АБИДИН,65
АБИЛ,58
АБИП,25
АБИТ,6
АБИШ,12
АБТИ,19
АБТОРАИМ,2
АБТРАИМ,2
АБТУЛА,90
АБЯ,6
АВА,498
АВВА,6
АВГУСТ,8
АВГУСТИН,43
АВДИ,47
АВДОРМАН,11
АВЗЕ,12
АВЗИЕ,6
АВЗИЯ,44
АВИЗЕ,31
АВИША,100
АВИШЕ,65
АВКА,18
АВКЕ,5
АВКСЕНТИ,23
АВНИ,45
АВРАМ,347
АВСА,5
АВТОНОМКА,68
АВУНКА,6
АВУША,14
АВУШКА,96
АГАПИЯ,4
АГЛАИДА,2
АГЛИКА,47
АГНЕСА,31
АГНИЦА,33
АГОРА,184
АГУШ,50
АГЮЛ,10
АДАВИЕ,16
АДАЛБЕРТ,22
АДАМ,34
АДВИЕ,13
АДВИЯ,6
АДЕВИЕ,61
АДЕВИЯ,2
АДЕЛ,11
АДЕЛА,36
АДЕЛАИДА,8
АДЕЛИН,5
АДЕЛИНА,247
АДЕМ,2174
АДЖАР,12
АДЖЕР,29
АДЖИРЕ,6
АДИЛ,456
АДИЛЕ,645
АДИЛЕЯ,12
АДИЛЯН,6
АДИМЕ,22
АДИНАН,65
АДИФЕ,98
АДЛЕР,26
АДНАН,210
АДНЯН,16
АДРАМАН,20
АДРЕАН,3
АДРИАН,334
АДРИАНА,349
АДРИЯН,101
АДРИЯНА,22
АДЯМ,2
АЖДА,77
АЖЕР,6
АЖЛЯ,3
АЗБИЕ,8
АЗЕ,4
АЗЕГЮЛ,58
АЗЕЛ,35
АЗЗЕ,2
АЗИ,6
АЗИБЕ,6
АЗИЕ,32
АЗИЗ,107
АЗИЗЕ,901
АЗИМ,53
АЗИМЕ,272
АЗИС,408
АЗМЕ,19
АЗМИ,8
АЗНИФА,6
АЗЯ,9
АИШЯ,2
АЙБАР,6
АЙБЕНИЗ,39
АЙВАЗ,28
АЙГЕН,9
АЙГЪН,5
АЙГЮЛ,214
АЙГЮН,154
АЙГЮНЕШ,16
АЙДАНЕ,12
АЙДАР,14
АЙДЕНИЗ,6
АЙДЕЯ,8
АЙДЖАН,220
АЙДЖИХАН,18
АЙДИН,8
АЙДИЯ,2
АЙДОАН,40
АЙДОВАН,45
АЙДУС,8
АЙДЪН,2071
АЙЖАН,15
АЙКУТ,14
АЙКЪЗ,33
АЙЛЕН,15
АЙЛИН,779
АЙЛЯ,207
АЙЛЯН,32
АЙНЕЛ,67
АЙНЕР,18
АЙНЕТ,9
АЙНИЛ,17
АЙНУР,708
АЙНУРА,22
АЙНУРЕ,4
АЙРА,6
АЙРЕ,21
АЙРЕГЮЛ,8
АЙРЕДИН,75
АЙРЕТ,9
АЙРИ,17
АЙРИДИН,6
АЙРИЕ,36
АЙРИШ,3
АЙРИЯ,36
АЙРОЛА,31
АЙРУЛА,30
АЙРУН,25
АЙРУША,6
АЙРУШКА,6
АЙСАН,2
АЙСЕВЕР,2
АЙСЕЛ,773
АЙСЕН,45
АЙСЕНУР,6
АЙСЕР,154
АЙСУ,2
АЙСУН,133
АЙСЯЛ,3
АЙТАН,8
АЙТАЧ,10
АЙТЕН,1543
АЙТЕНА,14
АЙТИН,2
АЙФЕР,257
АЙХАН,1170
АЙША,269
АЙШЕ,10331
АЙШЕГЮЛ,781
АЙШЕН,4
АЙШЕНУР,12
АЙШЯ,25
АЙЯ,6
АЙЯН,18
АКИ,115
АКИБЕ,2
АКИМЕ,6
АКИФ,1009
АКИФЕ,18
АКИЯ,156
АККАН,2
АКЛИМЕ,2
АКСЕЛ,176
АКСЕНИЯ,26
АКСЕНТИ,12
АКСИАН,21
АКСИДАН,3
АКСИНИЯ,198
АКТАН,13
АКТЕН,3
АКЧАЙ,11
АКШЕН,7
АКЪ,2
АКЪН,10
АЛАЙДИН,32
АЛАТТИН,9
АЛБЕН,256
АЛБЕНА,2237
АЛБЕНКО,13
АЛБЕРТ,126
АЛБЕРТИНА,36
АЛБЕРТО,17
АЛГИН,2
АЛДЖАН,11
АЛДИН,384
АЛДОМИР,62
АЛЕАТИН,2
АЛЕВ,73
АЛЕВИН,48
АЛЕДИН,6
АЛЕЙДИН,273
АЛЕЙТИН,27
АЛЕК,7
АЛЕКО,184
АЛЕКС,222
АЛЕКСА,104
АЛЕКСАНДР,27
АЛЕКСАНДРА,766
АЛЕКСАНДРИНА,321
АЛЕКСАНДЪР,8968
АЛЕКСЕЙ,290
АЛЕКСИ,801
АЛЕКСИН,2
АЛЕКСИНА,42
АЛЕКСИЯ,7
АЛЕМЕ,3
АЛЕН,48
АЛЕНА,6
АЛЕНКА,5
АЛЕНУШКА,6
АЛЕФ,7
АЛЕФТЕР,2
АЛЕХА,4
АЛЕХТИН,10
АЛИ,7582
АЛИАЙДИН,39
АЛИАН,6
АЛИАНА,25
АЛИБАЗ,6
АЛИБАЙРЯМ,6
АЛИБЕ,8
АЛИБРЯМ,8
АЛИД,8
АЛИДА,4
АЛИДЕ,6
АЛИДИН,58
АЛИЕ,181
АЛИЕНВЕР,7
АЛИИБРЯМ,2
АЛИЛ,365
АЛИМ,95
АЛИМАЗА,6
АЛИМЕ,238
АЛИМЯ,6
АЛИНА,176
АЛИОСМАН,760
АЛИПИ,88
АЛИРЗА,9
АЛИРИЗА,83
АЛИС,14
АЛИСЕ,22
АЛИСИЯ,2
АЛИТ,30
АЛИФЕ,18
АЛИХИКМЕТ,21
АЛИШ,725
АЛИШАН,18
АЛИЯ,208
АЛИЯН,3
АЛКАН,7
АЛКИН,361
АЛКИНУР,29
АЛЛА,11
АЛМА,52
АЛМАЗ,143
АЛМЕ,22
АЛПАЙ,51
АЛПАСАН,3
АЛПЕР,136
АЛТАЙ,19
АЛТАН,112
АЛТЕН,4
АЛТЕР,20
АЛТУНАЙ,10
АЛТЪН,7
АЛТЪНА,6
АЛТЪНАЙ,207
АЛТЪНЕР,9
АЛТЪНКА,27
АЛЧИН,2
АЛЬОНА,14
АЛЬОША,333
АЛЯ,3
АЛЯЙДИН,110
АЛЯЙТИН,75
АЛЯТИН,50
АЛЯХТИН,19
АМДИ,23
АМЕД,6
АМЕТ,42
АМЗА,25
АМИД,72
АМИДЕ,300
АМИНЕ,24
АМИР,5
АМИТ,27
АМИШ,35
АНА,1725
АНАКИ,9
АНАМША,4
АНАНИ,45
АНАСТАС,463
АНАСТАСИЙКА,33
АНАСТАСИОС,43
АНАСТАСИЯ,423
АНАСТАСЯ,3
АНАТОЛИ,942
АНАТОЛИИ,28
АНАТОЛИЙ,240
АНАТОЛИЯ,36
АНГЕЛ,12627
АНГЕЛИН,74
АНГЕЛИНА,1782
АНГЕЛИНКА,157
АНГЕЛЧО,22
АНГО,9
АНГУШ,29
АНДЖЕЛА,15
АНДОН,1883
АНДРЕ,43
АНДРЕАН,122
АНДРЕАНА,44
АНДРЕЙ,2525
АНДРЕЯ,137
АНДРЕЯН,25
АНДРЕЯНА,29
АНДРИАН,27
АНДРИАНА,111
АНДРИЯН,103
АНЕЛ,5
АНЕЛИ,4
АНЕЛИН,8
АНЕЛИНА,8
АНЕЛИЯ,2452
АНЕСА,23
АНЕСТИ,36
АНЕТА,1464
АНЕТКА,11
АНЖЕЛ,62
АНЖЕЛА,158
АНЖЕЛИКА,2
АНЖЕЛИНА,3
АНЖЕЛО,55
АНИ,825
АНИКА,10
АНИМИР,22
АНИСЛАВ,7
АНИТА,409
АНИФЕ,2008
АНИФЕЯ,6
АНИФКА,6
АНИФЯ,19
АНИЦА,9
АНИЧКА,8
АНКА,2505
АНКО,34
АННА,1518
АНТИМ,186
АНТО,9
АНТОАН,82
АНТОАНА,32
АНТОАНЕТА,1619
АНТОАНЕТКА,60
АНТОН,4981
АНТОНИ,146
АНТОНИА,6
АНТОНИЙ,81
АНТОНИНА,129
АНТОНИО,260
АНТОНИЯ,975
АНТЪНИ,10
АНУША,3
АНУШКА,98
АНФЕ,98
АНЧЕ,90
АНЧО,118
АНША,13
АНШЕ,77
АНШЕГЮЛ,43
АНЪМА,37
АНЪМСЕР,6
АНЬО,5
АНЮ,44
АНЮТА,28
АПДУЛБАКИ,4
АПДУЛЛА,6
АПОСТОЛ,701
АПОСТОЛКА,2
АППАЗ,30
АППЕ,6
АПРИЛКА,32
АПТАРАМАН,38
АПТИ,257
АПТИКАДИР,53
АПТИКЕРИМ,5
АПТИЛ,9
АПТИЛЯЗ,8
АПТИЛЯЗИМ,64
АПТИЛЯЗИС,11
АПТИШУКРИ,2
АПТРАИМ,31
АПТРАМАН,22
АПТУЛА,553
АПТУЛАЗИМ,11
АПТУЛКАСИМ,5
АПТУЛЛА,15
АПТУЛЛАХ,6
АПТУЛЯЗИС,45
АПТУЛЯТИФ,8
АПТУРАИМ,3
АПТУРАМАН,43
АПТУРАХИМ,43
АПТУРМАН,8
АРАМАДАН,6
АРАНГЕЛ,41
АРАХАНГЕЛ,30
АРАХИН,11
АРБЕН,67
АРГИЛ,82
АРГИР,101
АРГИРА,30
АРЕН,2
АРЕФАТ,5
АРЖЕНТИНА,3
АРЗА,44
АРЗЕ,17
АРЗИЕ,14
АРЗИЯ,5
АРЗУ,19
АРЗЪ,101
АРЗЪГЮЛ,10
АРИЕ,6
АРИСТОТЕЛ,19
АРИФ,1217
АРИФАД,33
АРИФЕ,86
АРКАДИ,2
АРКЪН,11
АРСЕН,31
АРСЕНЕТА,20
АРСЕНИ,16
АРСЛАН,3
АРСО,101
АРТИНА,8
АРТУР,23
АРУН,80
АРУСЯК,12
АРФА,13
АРФЕ,65
АРФИНА,37
АРФИЯ,2
АРХАНГЕЛ,4
АСАН,1760
АСАНИСЕН,6
АСАНЮСЕИН,6
АСВИЕ,12
АСЕЙКА,6
АСЕН,7893
АСЕНИЕ,42
АСЕНИЯ,6
АСЕНКА,79
АСИБЕ,441
АСИЕ,610
АСИЙБЕ,2
АСИЛЕ,10
АСИМ,111
АСИНЕ,137
АСИНЕЯ,25
АСИП,3
АСИЯ,95
АСЛЪ,16
АСМА,12
АСМЕ,31
АСМИНА,3
АСМУШКА,4
АСПАРУХ,519
АССИЕ,6
АСЯ,806
АТАВЛА,14
АТАВУЛА,13
АТАНАС,17090
АТАНАСА,22
АТАНАСИЙ,3
АТАНАСКА,1615
АТЕЙКА,6
АТЕМ,55
АТЕЯ,8
АТИДЖА,124
АТИДЖЕ,2175
АТИДЖИНКА,8
АТИЕ,324
АТИЖЕ,61
АТИКЕ,180
АТИЛА,42
АТИМЕ,4
АТИП,6
АТИЧКА,4
АТИШ,7
АТИША,6
АТИЯ,30
АТЛАН,8
АТОВЛА,8
АТТИ,19
АТТЧЕ,3
АТУРА,11
АТУФ,2
АТУШЕ,60
АТЧА,20
АТЧЕ,328
АТЧЕГЮЛ,30
АТЪФ,24
АУРЕЛ,2
АФЕТ,16
АФЕТКА,14
АФИДАТ,14
АФИЗЕ,301
АФИЗЯ,2
АФИЙСЕ,3
АФИСЕ,50
АФИФЕ,13
АФКА,12
АФРА,2
АФРОДИТА,33
АФСАД,6
АФФЕ,13
АХИЛ,2
АХИМ,18
АХМАД,7
АХМЕД,13287
АХМЕДАЛИ,65
АХМЕТ,231
АХПАЗ,6
АХСАТ,13
АЧЕЛИЯ,2
АЧО,31
АШИМ,98
АШИМЕ,6
АШИРЕ,6
АШКЪН,174
АШКЪНАЙ,2
АЮП,33
АЯН,27
БААДИН,26
БААКИ,9
БААКИР,3
БААРИ,4
БААТИЯ,3
БАГРЯН,12
БАДЕ,14
БАДИЕ,6
БАИРАМ,6
БАЙЗИТ,20
БАЙКО,43
БАЙРАМ,554
БАЙРАМАЛИ,234
БАЙРАМША,45
БАЙРАМШЕ,6
БАЙРЕ,11
БАЙРЕМ,3
БАЙРИЕ,536
БАЙРИЯ,10
БАЙРЯМ,859
БАЙРЯМАЛИ,41
БАЙРЯМКА,6
БАЙСЕ,468
БАЙСЕЛ,19
БАЙСЕР,12
БАЙСИЕ,13
БАЙСЯ,29
БАЙТИНУР,5
БАЙЧО,42
БАКИ,37
БАКИЕ,117
БАКИЗЕ,6
БАКИР,12
БАКИЯ,15
БАЛАСА,2
БАЛИН,11
БАЛЬО,2
БАЛЮ,57
БАНЕ,2
БАНИЕ,2
БАНКА,38
БАНКО,172
БАНО,211
БАНЧО,100
БАНЬО,38
БАНЮ,14
БАРЕЙКА,6
БАРЕЯ,6
БАРИ,5
БАРИЕ,79
БАРИКЕ,10
БАРЪШ,162
БАСРИ,1355
БАСРИЕ,130
БАСТРИ,42
БАТИЕ,52
БАФИР,20
БАХАДЪР,65
БАХАР,178
БАХАТИН,2
БАХИСЕ,24
БАХРЕДИН,29
БАХРЕТИН,35
БАХРИ,437
БАХРИДИН,4
БАХРИЕ,751
БАХРИЯ,14
БАХСЕН,2
БАХСИЯ,6
БАХТЕГЮЛЯР,6
БАХТИ,28
БАХТИАР,46
БАХТИГЮЛ,19
БАХТИЕ,98
БАХТИЕР,2
БАХТИН,4
БАХТИНАР,66
БАХТИШАН,11
БАХТИШЕН,273
БАХТИЯ,12
БАХТИЯР,273
БАХТЪШЕН,6
БАХШЕНДЕ,14
БАШО,6
БАЯЗИД,66
БАЯЗИТ,24
БАЯЗЪТ,3
БАЯР,6
БЕАТА,6
БЕАТРИС,41
БЕАТРИСА,12
БЕГИЕ,80
БЕГИЯ,6
БЕДЕХА,24
БЕДЖЕТ,4
БЕДИА,6
БЕДИЕ,2
БЕДИХА,107
БЕДРЕДИН,9
БЕДРИ,609
БЕДРИЕ,540
БЕДРИЯ,15
БЕЖДЕТ,30
БЕЖЕТ,6
БЕИМ,7
БЕИНЧ,34
БЕИЯ,6
БЕЙГИЕ,6
БЕЙДАТ,20
БЕЙДЖА,8
БЕЙДЖАН,163
БЕЙДЖЕ,40
БЕЙДЖЕТ,26
БЕЙЕ,24
БЕЙЖЕ,2
БЕЙЖЕТ,2
БЕЙЗА,9
БЕЙЗАБИ,10
БЕЙЗАД,50
БЕЙЗАТ,295
БЕЙЗЕР,8
БЕЙЗИТ,3
БЕЙЗИТКА,12
БЕЙИЕ,6
БЕЙКА,18
БЕЙКАТ,6
БЕЙКЪЗ,6
БЕЙЛИЛ,40
БЕЙЛЮЛ,15
БЕЙМИ,2
БЕЙНААБИ,2
БЕЙНАБИ,5
БЕЙНАЗЕ,6
БЕЙНАЗИЕ,6
БЕЙНАЛ,50
БЕЙНАМ,5
БЕЙНАМИ,37
БЕЙНИ,2
БЕЙНИЗА,6
БЕЙНУЛ,3
БЕЙНУР,117
БЕЙРА,9
БЕЙРАМ,22
БЕЙРАН,2
БЕЙРУЛ,12
БЕЙСАТ,16
БЕЙСИМ,1132
БЕЙСИН,68
БЕЙТИ,379
БЕЙТИЕ,13
БЕЙТИН,7
БЕЙТИНАС,15
БЕЙТУЛА,331
БЕЙТУЛАХ,20
БЕЙТУЛЛА,32
БЕЙТУЛЛАХ,5
БЕЙХАН,901
БЕЙХАНЕ,6
БЕЙХАТ,6
БЕЙЧЕТ,40
БЕЙЯ,6
БЕКИР,1261
БЕКО,2
БЕКТАШ,19
БЕКТЕШ,43
БЕЛА,2
БЕЛАНА,6
БЕЛГИН,435
БЕЛГИЯ,8
БЕЛГЮЗАР,8
БЕЛГЮЛЗАР,6
БЕЛГЮНАР,27
БЕЛЗЕТА,3
БЕЛИНА,3
БЕЛИС,9
БЕЛКИ,2
БЕЛКИЕ,2
БЕЛКИЗЕ,6
БЕЛКИСЕ,6
БЕЛКЪЗ,57
БЕЛЛА,31
БЕЛНАЗА,7
БЕЛНАС,6
БЕЛОМОРКА,4
БЕЛОСЛАВ,13
БЕЛОСЛАВА,15
БЕЛЧИН,2
БЕЛЧО,37
БЕЛЬО,27
БЕЛЮ,2
БЕЛЯЙДИН,21
БЕЛЯН,8
БЕЛЯНА,6
БЕНАЙ,4
БЕНАН,17
БЕНГИСЕР,6
БЕНЕР,5
БЕНЕТ,2
БЕНИАМИН,8
БЕНИДЕ,39
БЕНИЗЕ,24
БЕНИСЕ,16
БЕНИТО,5
БЕНКА,119
БЕНКО,9
БЕНЮ,17
БЕРА,16
БЕРГЮЛ,3
БЕРИЕ,8
БЕРИМАН,3
БЕРИХАН,3
БЕРК,21
БЕРКАН,34
БЕРКАНТ,175
БЕРНА,14
БЕРОЛ,62
БЕРСИХАН,20
БЕСАТ,33
БЕСИМ,17
БЕСРИ,44
БЕТИНА,118
БЕХАДИН,43
БЕХАЕТИН,9
БЕХАЙДИН,22
БЕХАЙТИН,10
БЕХАН,6
БЕХАТ,42
БЕХАТИН,6
БЕХДЖЕТ,6
БЕХИДЕ,2
БЕХИДЖЕ,336
БЕХИЕ,246
БЕХИЗЕ,16
БЕХИЧ,50
БЕХИЯ,18
БЕХНУР,55
БЕХРА,29
БЕХРАМ,2
БЕХРИЯ,3
БЕХРУЛ,8
БЕХТИ,206
БЕХТИЕ,31
БЕХТОЛА,2
БЕХТУЛА,10
БЕХЧЕД,71
БЕХЧЕТ,503
БЕЧО,18
БЕШЕРИЕ,12
БЕШИР,26
БЕЯДИН,3
БЕЯМИЛ,3
БЕЯМИН,2
БЕЯН,19
БЕЯТИН,54
БИАНА,12
БИАНКА,30
БИГИЕ,6
БИЕМИ,6
БИКИР,27
БИЛАЛ,29
БИЛГЕН,19
БИЛГИН,751
БИЛГИНАЙ,8
БИЛГИНЕ,6
БИЛГЮН,6
БИЛЕН,35
БИЛЕНГЮЛ,6
БИЛЕНТ,160
БИЛИЯН,4
БИЛЛЮР,6
БИЛНАЗ,29
БИЛНАЗА,8
БИЛНУР,11
БИЛСЕН,2
БИЛСЕР,36
БИЛЧЕН,18
БИЛЮЛ,4
БИЛЯЛ,1004
БИЛЯН,108
БИЛЯНА,802
БИЛЯНТ,19
БИМКО,2
БИНА,20
БИНАЗ,5
БИНАЗИЕ,6
БИНАС,48
БИНГЮЛ,41
БИНДЕХАТ,8
БИНЕЗА,2
БИНЕЛ,6
БИНЕР,2
БИНИЗЕ,6
БИНКА,230
БИНКО,33
БИННАЗ,39
БИННАС,26
БИННАСИЕ,8
БИНОЛ,10
БИНСЕС,8
БИНЧО,2
БИНЯМИН,11
БИРГИН,2
БИРГЮЛ,127
БИРГЮН,23
БИРДЖАН,302
БИРКАНТ,6
БИРОЛ,172
БИРСЕЛ,22
БИРСЕН,162
БИРСЕС,5
БИРСЕФА,11
БИРТАН,73
БИРТЕН,2
БИРХАН,45
БИРХАЯТ,7
БИРЧАН,2
БИРШАН,6
БИРШЕН,5
БИСЕР,3301
БИСЕРА,42
БИСЕРКА,228
БИСЕРЧО,3
БИСТРА,429
БИСТРИЦА,2
БИХТЕР,11
БЛАГА,77
БЛАГИН,9
БЛАГИНА,2
БЛАГО,85
БЛАГОВЕСКА,39
БЛАГОВЕСТ,749
БЛАГОВЕСТА,240
БЛАГОВЕСТКА,6
БЛАГОЙ,1995
БЛАГОЙКА,34
БЛАГОЙЧО,2
БЛАГОМИР,40
БЛАГОРОДКА,38
БЛАГОРОДНА,8
БЛАГОСЛАВ,42
БЛАГОЯ,17
БЛАЖКА,5
БЛАЖКО,10
БЛАЖО,38
БОБЕ,65
БОБИ,24
БОГАЛИНА,13
БОГАТИН,4
БОГДАН,622
БОГДАНА,177
БОГДАНКА,94
БОГДАНЧО,5
БОГИНКА,2
БОГИНЯ,37
БОГОМИЛ,936
БОГОМИЛА,34
БОГОМИЛКА,16
БОГОМИР,26
БОГОСЛАВ,3
БОГОЯ,2
БОЖАН,29
БОЖАНА,99
БОЖАНКА,176
БОЖЕМИР,4
БОЖИДАР,2219
БОЖИДАРА,11
БОЖИДАРКА,68
БОЖИК,118
БОЖИЛ,249
БОЖИН,28
БОЖИНКА,6
БОЖИЯ,80
БОЖКА,6
БОЖКО,129
БОЖО,24
БОЖУРА,54
БОЖУРКА,50
БОЙКА,839
БОЙКО,1890
БОЙНА,6
БОЙЧО,745
БОМБОНЕЙЧО,2
БОНА,15
БОНЕ,35
БОНИ,16
БОНКА,397
БОНЧО,403
БОНЬО,150
БОНЮ,18
БОРИЛ,2
БОРИНА,3
БОРИНКА,12
БОРИС,5084
БОРИСКА,6
БОРИСЛАВ,6319
БОРИСЛАВА,486
БОРИСЛАВКА,5
БОРКА,251
БОРКО,120
БОРЯН,74
БОРЯНА,983
БОРЯНКА,33
БОСИЛКА,38
БОСИЛКО,10
БОТА,4
БОТИ,18
БОТКО,3
БОТО,5
БОТЬО,120
БОТЮ,32
БОЧО,48
БОШКО,2
БОЮ,19
БОЯН,2900
БОЯНА,299
БОЯНКА,217
БРАЙКО,83
БРАНИМИР,208
БРАНИМИРА,18
БРАНИСЛАВ,13
БРАНКО,11
БРАТАНА,14
БРАТИМИР,5
БРАТОЯ,8
БРИГИТА,7
БУДИНКА,37
БУДЬОНИ,21
БУЛЕНТ,2
БУНКА,2
БУРАК,23
БУРГИБА,7
БУРО,8
БУРХАН,15
БУРЧИН,8
БУША,12
БУШКА,6
БЪНКА,4
БЪРЗА,10
БЪРЗЮ,10
БЮЙНЕМИ,6
БЮЛЕНТ,718
БЮЛСЕР,17
БЮЛЯНТ,128
БЮЛЯРЯМ,31
БЮНАЙМИН,19
БЮНТЕР,2
БЮНЯМИН,28
БЮНЯТ,5
БЮРСЕН,37
БЮРХАН,462
БЯЛКА,3
БЯЛКО,8
БЯНКА,35
БЯНКО,5
ВАДЕТ,161
ВАДЖИБЕ,6
ВАДЖИДЕ,8
ВАДЖИП,5
ВАДИЕ,5
ВАДИМ,31
ВАДИХА,5
ВАИД,140
ВАИЗ,2
ВАИС,20
ВАИТ,22
ВАЙДА,344
ВАЙДЕ,246
ВАЙДЕТ,6
ВАЙДИН,69
ВАЙЗИТ,2
ВАЙСЕ,11
ВАЙТИН,30
ВАКЛИН,246
ВАКЛИНА,25
ВАКЛУШ,5
ВАКРИЛ,15
ВАЛЕНТИН,9177
ВАЛЕНТИНА,3169
ВАЛЕНТИНО,13
ВАЛЕНЦИЯ,6
ВАЛЕРИ,3172
ВАЛЕРИИ,8
ВАЛЕРИЙ,167
ВАЛЕРИЯ,213
ВАЛИНКА,19
ВАЛТЕР,93
ВАЛЮ,34
ВАЛЯ,953
ВАНА,24
ВАНГА,7
ВАНГЕЛ,749
ВАНГЕЛА,12
ВАНГЕЛИНКА,14
ВАНГЕЛИЯ,256
ВАНГЕЛУДА,6
ВАНЕСА,69
ВАНИНА,42
ВАНКА,63
ВАНКО,58
ВАНУШКА,20
ВАНЧЕ,4
ВАНЧО,45
ВАНЬО,488
ВАНЮ,5
ВАНЮША,48
ВАНЯ,2284
ВАРАДИН,2
ВАРВАРА,17
ВАРДАНА,6
ВАРЕТИН,47
ВАРСАМ,8
ВАРЧО,4
ВАРЯ,2
ВАСА,2
ВАСВИ,122
ВАСВИДИН,6
ВАСВИЕ,473
ВАСВИЯ,21
ВАСИЛ,15043
ВАСИЛА,63
ВАСИЛЕН,34
ВАСИЛЕНА,133
ВАСИЛИЯ,6
ВАСИЛКА,2823
ВАСИЛЧО,6
ВАСИСЛАВА,35
ВАСИФ,6
ВАСКА,236
ВАСКО,661
ВАСУЛЕНКА,8
ВАСУФ,3
ВАСФИ,69
ВАСФИЕ,17
ВАСФИЯ,55
ВАСЯ,85
ВАХДЕТ,43
ВАХДИ,12
ВАХДИЯ,3
ВАХИД,4
ВАХИДЕ,44
ВАЦА,8
ВАЧКО,2
ВАЧО,26
ВЕДАТ,836
ВЕДЖИЕ,17
ВЕДЖИХА,17
ВЕДИЕ,6
ВЕДИХА,110
ВЕДИЯ,2
ВЕЕБИ,11
ВЕЖДЕТ,5
ВЕЖДИ,275
ВЕЖДИЕ,28
ВЕЖДИН,15
ВЕЖЕН,6
ВЕЗИР,42
ВЕЗИХА,8
ВЕЗОЛА,74
ВЕЗУЛА,6
ВЕЙЗАТ,10
ВЕЙС,5
ВЕЙСАЛ,240
ВЕЙСЕЛ,52
ВЕЙСЕЛЕ,28
ВЕКИЛ,5
ВЕЛА,135
ВЕЛАЙДИН,4
ВЕЛЕМИР,2
ВЕЛЕНА,4
ВЕЛЕТ,2
ВЕЛИ,1014
ВЕЛИАН,3
ВЕЛИЗАР,531
ВЕЛИЗАРА,51
ВЕЛИК,392
ВЕЛИКА,625
ВЕЛИКО,822
ВЕЛИМИР,74
ВЕЛИМИРА,111
ВЕЛИН,973
ВЕЛИНА,426
ВЕЛИСЛАВ,362
ВЕЛИСЛАВА,152
ВЕЛИЧКА,2738
ВЕЛИЧКО,1277
ВЕЛИЯ,5
ВЕЛИЯН,28
ВЕЛКА,161
ВЕЛКО,661
ВЕЛЧО,343
ВЕЛЬО,580
ВЕЛЮ,14
ВЕЛЯН,8
ВЕЛЯНА,22
ВЕНА,25
ВЕНАН,6
ВЕНЕ,2
ВЕНЕЛИН,1421
ВЕНЕЛИНА,187
ВЕНЕЛИНКА,40
ВЕНЕРА,65
ВЕНЕТА,1676
ВЕНЕТИ,7
ВЕНЕТКА,205
ВЕНЕЦИЙ,23
ВЕНЕЦИЯ,3
ВЕНЕЦКО,2
ВЕНИ,8
ВЕНИАМИН,2
ВЕНИЗЕЛ,17
ВЕНИЛИН,47
ВЕНИСЛАВ,163
ВЕНИСЛАВА,104
ВЕНКА,343
ВЕНКО,702
ВЕНХАР,7
ВЕНЦЕСЛАВ,176
ВЕНЦЕСЛАВА,4
ВЕНЦИ,78
ВЕНЦИЛ,2
ВЕНЦИСЛАВ,4822
ВЕНЦИСЛАВА,169
ВЕНЧЕНЦИЯ,3
ВЕНЧО,121
ВЕНЧОСЛАВ,32
ВЕРА,692
ВЕРАДИН,6
ВЕРАТ,4
ВЕРГИЛ,174
ВЕРГИНА,23
ВЕРГИНИЯ,190
ВЕРДЖИНИЯ,17
ВЕРЖИНИЯ,105
ВЕРИ,3
ВЕРКА,715
ВЕРОНИКА,455
ВЕРОСЛАВ,14
ВЕРХАД,41
ВЕРХАТ,48
ВЕРЧО,22
ВЕСА,162
ВЕСЕЛ,14
ВЕСЕЛА,807
ВЕСЕЛЕ,2
ВЕСЕЛИН,7704
ВЕСЕЛИНА,1882
ВЕСЕЛИНКА,344
ВЕСЕЛКА,454
ВЕСЕЛЯ,6
ВЕСИ,24
ВЕСИЙЛЯ,6
ВЕСИЛЕ,264
ВЕСИСЛАВА,5
ВЕСИХА,3
ВЕСКА,1200
ВЕСКО,503
ВЕСЛЕ,6
ВЕСЛИЕ,36
ВЕСНА,7
ВЕТА,6
ВЕТКА,8
ВЕТОНИЯ,2
ВЕХБИ,110
ВЕХДАТ,30
ВЕЦА,3
ВЕЧЕСЛАВ,8
ВЕЧИЕ,53
ВЕЧИЯ,6
ВЕЧО,8
ВИВИАН,6
ВИДА,56
ВИДАЕТ,5
ВИДАТ,6
ВИДЕЛИН,80
ВИДЕЛИНА,30
ВИДЕН,18
ВИДИ,34
ВИДИН,97
ВИДКА,147
ВИДКО,20
ВИДОЛ,152
ВИДЬО,83
ВИДЮ,15
ВИЖДАН,637
ВИКЕНТИ,2
ВИКТОР,1450
ВИКТОРИО,2
ВИКТОРИЯ,961
ВИЛДАМ,6
ВИЛДАН,855
ВИЛДАНА,19
ВИЛДАНЕ,18
ВИЛДАНИЕ,75
ВИЛИ,99
ВИЛИАН,33
ВИЛИАНА,33
ВИЛИЗАР,20
ВИЛИМИРА,8
ВИЛИНА,39
ВИЛИСЛАВ,4
ВИЛИСЛАВА,17
ВИЛИЯН,97
ВИЛИЯНА,87
ВИЛМА,41
ВИЛСОН,3
ВИЛХЕМ,14
ВИЛХЕРИЯ,16
ВИЛЯМ,2
ВИЛЯН,23
ВИЛЯНА,12
ВИНЕЛИНА,22
ВИНЕТУ,3
ВИНКА,26
ВИНОРА,6
ВИОЛА,16
ВИОЛЕТА,3601
ВИОЛЕТКА,406
ВИОЛИН,130
ВИОЛИНА,207
ВИРГИНИЯ,63
ВИРЖИНИЯ,16
ВИТА,23
ВИТАЛИ,23
ВИТАЛИЙ,47
ВИТАН,110
ВИТАНА,3
ВИТКА,98
ВИТКО,4
ВИТЛИЕМ,41
ВИТОРИО,3
ВИТОША,15
ВИХРА,10
ВИХРЕН,58
ВИХЪР,76
ВИЧКА,8
ВИЧКО,36
ВИЧО,186
ВИШКА,48
ВИШКО,2
ВЛАДА,13
ВЛАДИ,44
ВЛАДИМИР,5686
ВЛАДИМИРА,107
ВЛАДИНА,33
ВЛАДИСЛАВ,1307
ВЛАДИСЛАВА,187
ВЛАДКА,18
ВЛАДКО,314
ВЛАДО,246
ВЛАЙКА,17
ВЛАЙКО,3
ВЛАЙО,32
ВЛАСЮ,2
ВЛАШО,2
ВЛАЮ,14
ВЛЪЧКО,17
ВОДИЧКА,44
ВОИН,36
ВОЙКО,4
ВОЙН,8
ВОЙЧО,2
ВОЛГА,12
ВОЛЕН,19
ВОЛОДЯ,48
ВРЪБКА,7
ВРЪБЧО,17
ВУТКО,8
ВУТО,17
ВУЧЕ,44
ВЪЛА,13
ВЪЛКА,99
ВЪЛКАН,135
ВЪЛКАНА,42
ВЪЛКО,593
ВЪЛО,14
ВЪЛЧАН,122
ВЪЛЧИН,9
ВЪЛЧИНА,2
ВЪЛЧКО,19
ВЪЛЧО,650
ВЪЛЬО,222
ВЪЛЮ,120
ВЪРБА,21
ВЪРБАН,249
ВЪРБАНКА,20
ВЪРБИНА,43
ВЪРБИНКА,29
ВЪСВИ,5
ВЪТКА,15
ВЪТКО,38
ВЪТО,21
ВЪТЬО,43
ВЪЦО,2
ВЪЧКА,6
ВЪЧО,39
ВЯРА,340
ВЯРКА,17
ВЯЧЕСЛАВ,33
ГАБРИЕЛ,277
ГАБРИЕЛА,698
ГАВРАИЛ,229
ГАВРАИЛА,19
ГАВРИЛ,405
ГАГИК,15
ГАЛЕН,81
ГАЛЕНА,135
ГАЛЕНТИН,37
ГАЛИБ,131
ГАЛИМАН,44
ГАЛИМЕ,9
ГАЛИМИР,44
ГАЛИН,1387
ГАЛИНА,3748
ГАЛИНКА,31
ГАЛИП,77
ГАЛИТЬОН,37
ГАЛУНКА,40
ГАЛЬОТКО,3
ГАЛЯ,2407
ГАНА,162
ГАНЕМИР,9
ГАНИ,102
ГАНИМЕ,179
ГАНКА,928
ГАНКО,3
ГАНЧО,1424
ГАНЬО,99
ГАНЮ,28
ГАРИБ,48
ГАТЬО,2
ГАТЮ,2
ГАФЕР,8
ГАЦА,24
ГАЧО,21
ГЕЗКА,10
ГЕЙЛ,6
ГЕЛА,153
ГЕЛКА,2
ГЕНА,485
ГЕНАДИ,670
ГЕНАДИЙ,43
ГЕНДЖАБАЙ,6
ГЕНДЖАЙ,39
ГЕНДЖЕБАЙ,7
ГЕНДЖИБАЙ,10
ГЕНИ,14
ГЕНКА,639
ГЕНКО,247
ГЕНО,551
ГЕНОВЕВА,259
ГЕНЧАЙ,52
ГЕНЧО,1411
ГЕНЬО,5
ГЕНЮ,41
ГЕОМИЛ,5
ГЕОРГЕНА,2
ГЕОРГИ,56235
ГЕОРГИНА,101
ГЕОРГИОС,40
ГЕОРГИЦА,4
ГЕОРГИЯ,21
ГЕРАСИМ,196
ГЕРАСКО,13
ГЕРГА,58
ГЕРГАН,50
ГЕРГАНА,3296
ГЕРГИН,15
ГЕРГИНА,258
ГЕРГИНКА,8
ГЕРГО,24
ГЕРМАН,104
ГЕРМАНА,4
ГЕРО,117
ГЕРОЙКА,2
ГЕРЧО,73
ГЕТА,5
ГЕТКО,18
ГЕТО,53
ГЕЧО,81
ГЕШО,3
ГИЗДА,27
ГИЗДАНА,5
ГИЗЕМ,3
ГИЛИЗАРА,6
ГИЛМАН,6
ГИНА,290
ГИНКА,1157
ГИНЧО,64
ГИНЬО,39
ГИНЮ,37
ГИТА,20
ГИЦА,48
ГИЦКА,4
ГИЧКА,122
ГИЧКО,15
ГИЧО,63
ГЙОКАН,11
ГЙОКШАН,6
ГЛОРИЯ,78
ГОЙКО,4
ГОРАЗД,9
ГОРАН,346
ГОРАНКА,5
ГОРИЦА,61
ГОРКА,20
ГОРЧО,35
ГОРЯН,35
ГОСПОДИН,1653
ГОСПОДИНА,6
ГОСПОДИНКА,130
ГОЦА,5
ГОЦО,4
ГОЧО,211
ГОШО,729
ГРАДИМИР,36
ГРАМЕН,18
ГРАЦИЕЛА,17
ГРЕГОР,3
ГРЕТА,148
ГРИГОР,1138
ГРИГОРИЙ,31
ГРИША,155
ГРИШКА,7
ГРОЗДА,7
ГРОЗДАН,402
ГРОЗДАНА,20
ГРОЗДАНКА,227
ГРОЗДЕНА,41
ГРОЗДЕНКА,10
ГРОЗДИМИР,32
ГРОЗДЮ,6
ГРОЗЬО,100
ГРОЗЮ,20
ГРОИЦА,27
ГРУДИ,53
ГРУДЮ,13
ГРУЙО,41
ГРУЙЧО,68
ГРУЬО,3
ГУНА,2
ГУНКА,4
ГУРКА,29
ГУРКО,43
ГУТЬО,27
ГЪЛАБИН,12
ГЪЛАБИНКА,31
ГЪЛАБИЦА,14
ГЪЛИМАН,56
ГЪЛМАН,41
ГЪЛЪБ,197
ГЪЛЪБИН,48
ГЪЛЪБИНА,111
ГЪЛЪБИНКА,17
ГЪЛЪБИЦА,7
ГЪЛЪБКА,24
ГЪНЧО,106
ГЪРДИ,14
ГЪЯСИДИН,3
ГЬОКАН,57
ГЬОКСЕЛ,103
ГЬОКСЕС,8
ГЬОКХАН,91
ГЬОКЧЕН,84
ГЬОКШЕН,2
ГЬОНЧО,2
ГЬОНЬО,2
ГЬОНЮЛ,98
ГЮВЕН,32
ГЮЗАДЕ,9
ГЮЗДЕ,6
ГЮЗЕИЛАН,6
ГЮЗЕЙЛЯН,4
ГЮЗЕЛА,3
ГЮЙСЮМ,65
ГЮКСЕЛ,40
ГЮКЧАЙ,5
ГЮКЧЕН,4
ГЮЛА,117
ГЮЛАЕТ,15
ГЮЛАЙ,24
ГЮЛАЙДЪН,5
ГЮЛБАКИЯ,6
ГЮЛБАНЕ,4
ГЮЛБАР,6
ГЮЛБАРА,10
ГЮЛБАРЕ,6
ГЮЛБАРИЕ,18
ГЮЛБАХАР,551
ГЮЛБАХТИН,3
ГЮЛБЕАЗ,9
ГЮЛБЕАЗА,6
ГЮЛБЕДЕН,5
ГЮЛБЕЙДЕ,31
ГЮЛБЕН,37
ГЮЛБЕНЕ,6
ГЮЛБЕНЕТА,6
ГЮЛБЕНЕТКА,6
ГЮЛБЕНИ,3
ГЮЛБЕНИЗ,6
ГЮЛБЕНТ,9
ГЮЛБЕНУР,23
ГЮЛБЕР,63
ГЮЛБЕХАН,26
ГЮЛБЕЯЗ,588
ГЮЛБЕЯН,42
ГЮЛБЕЯС,20
ГЮЛБИАЗ,6
ГЮЛБИЕ,465
ГЮЛБИНАР,33
ГЮЛБИНЕ,35
ГЮЛБИЯ,56
ГЮЛБИЯЗ,11
ГЮЛБИЯН,6
ГЮЛБЮЗ,62
ГЮЛВЕДА,41
ГЮЛВЕНУР,2
ГЮЛВЕР,74
ГЮЛВЕРА,33
ГЮЛГАДЪН,82
ГЮЛГЮН,8
ГЮЛГЮНА,10
ГЮЛДАЛЪ,13
ГЮЛДАН,25
ГЮЛДАНЕ,198
ГЮЛДАНИЕ,174
ГЮЛДЕБЕР,8
ГЮЛДЕНЕ,6
ГЮЛДЕНЕТ,7
ГЮЛДЕНИЗ,35
ГЮЛДЕНИС,14
ГЮЛДЕНУР,33
ГЮЛДЖАЙ,6
ГЮЛДЖАН,415
ГЮЛДЖЕТ,12
ГЮЛДЖИНАР,6
ГЮЛДЖИХАН,245
ГЮЛДИНЕ,18
ГЮЛЕ,6
ГЮЛЕЗАР,53
ГЮЛЕЗАРА,74
ГЮЛЕЙЗАРА,10
ГЮЛЕЙМАН,2
ГЮЛЕЙХА,35
ГЮЛЕН,19
ГЮЛЕНГИН,10
ГЮЛЕР,466
ГЮЛЕРА,6
ГЮЛЕЯН,28
ГЮЛЕЯР,6
ГЮЛЕЯТ,6
ГЮЛЖАН,10
ГЮЛЖАНА,6
ГЮЛЖЕХРА,9
ГЮЛЗАДЕ,74
ГЮЛЗАДИН,6
ГЮЛЗАЙДЕ,9
ГЮЛЗАР,201
ГЮЛЗАРА,68
ГЮЛЗЕТ,14
ГЮЛЗИЯ,28
ГЮЛИВЕР,14
ГЮЛИЕ,8
ГЮЛИЗАР,113
ГЮЛИЗАРА,98
ГЮЛИСТАН,36
ГЮЛИША,5
ГЮЛИЯ,3
ГЮЛИЯЗ,6
ГЮЛИЯН,17
ГЮЛКА,36
ГЮЛКАДЪН,9
ГЮЛКИБАР,42
ГЮЛЛА,2
ГЮЛЛЮ,95
ГЮЛЛЮГЯР,3
ГЮЛЛЯ,14
ГЮЛМАЙ,17
ГЮЛМЕНА,6
ГЮЛМЕФЕР,6
ГЮЛМИЕ,12
ГЮЛМИЯ,5
ГЮЛНАДИЕ,77
ГЮЛНАЗ,784
ГЮЛНАЗА,6
ГЮЛНАЗИЕ,125
ГЮЛНАЗИК,6
ГЮЛНАН,6
ГЮЛНАР,238
ГЮЛНАРИЕ,53
ГЮЛНАС,40
ГЮЛНЕВЕР,12
ГЮЛНЕЗАР,10
ГЮЛНЕС,12
ГЮЛНИГЯР,9
ГЮЛНИХАЛ,27
ГЮЛНУР,123
ГЮЛНЮС,6
ГЮЛПЕРЕ,6
ГЮЛСЕ,6
ГЮЛСЕВЕН,56
ГЮЛСЕВЕР,87
ГЮЛСЕВИМ,98
ГЮЛСЕВИМА,8
ГЮЛСЕВИН,4
ГЮЛСЕВИНЧ,8
ГЮЛСЕЛ,4
ГЮЛСЕМА,14
ГЮЛСЕН,23
ГЮЛСЕНА,16
ГЮЛСЕР,163
ГЮЛСЕРЕН,61
ГЮЛСЕРИ,8
ГЮЛСЕРИЕ,6
ГЮЛСЕРИМ,10
ГЮЛСЕРИН,8
ГЮЛСЕРИЯ,8
ГЮЛСИЕ,24
ГЮЛСУМ,33
ГЮЛСУМА,6
ГЮЛСЮМ,413
ГЮЛСЮМА,3
ГЮЛСЮМЕ,19
ГЮЛСЮН,7
ГЮЛСЯР,36
ГЮЛТАНЕ,8
ГЮЛТЕКИН,99
ГЮЛТЕН,1800
ГЮЛТЕНА,17
ГЮЛТЕР,44
ГЮЛТЕРА,5
ГЮЛТЕРИЕ,81
ГЮЛТЕРИЯ,34
ГЮЛТИЕ,3
ГЮЛТЯН,3
ГЮЛФА,122
ГЮЛФЕ,83
ГЮЛФЕР,196
ГЮЛФЕРА,136
ГЮЛФЕРАХ,5
ГЮЛФЕРЕ,51
ГЮЛФЕРИЕ,23
ГЮЛФЕРИН,8
ГЮЛФЕЯ,19
ГЮЛФИДА,13
ГЮЛФИДАН,25
ГЮЛФИДЕ,37
ГЮЛФИЕ,740
ГЮЛФИЗАР,6
ГЮЛФИЗЕ,84
ГЮЛФИНАЗ,22
ГЮЛФИЯ,7
ГЮЛХАЕТ,2
ГЮЛХАН,407
ГЮЛХЕР,9
ГЮЛЧАЙ,113
ГЮЛЧАНА,3
ГЮЛЧЕ,8
ГЮЛЧЕЙРА,33
ГЮЛЧЕН,6
ГЮЛЧЕРАЙ,6
ГЮЛЧЕХРА,14
ГЮЛЧЕХЯР,14
ГЮЛЧИН,31
ГЮЛЧИНАР,13
ГЮЛЧИРАЙ,6
ГЮЛЧИТАЙ,47
ГЮЛЧИХАН,2
ГЮЛШАДЕ,12
ГЮЛШАДИЕ,5
ГЮЛШАН,152
ГЮЛШЕН,1066
ГЮЛШЕРЕН,3
ГЮЛШЕРИН,12
ГЮЛШИРИН,3
ГЮЛЮ,63
ГЮЛЮЗ,6
ГЮЛЮЗАР,519
ГЮЛЮЗАРА,10
ГЮЛЮМСЕР,525
ГЮЛЮМСЯР,15
ГЮЛЮСТАН,204
ГЮЛЮСТУН,41
ГЮЛЮФЕР,3
ГЮЛЮЯН,7
ГЮЛЯ,6
ГЮЛЯЕТ,12
ГЮЛЯЗЕР,6
ГЮЛЯЙ,119
ГЮЛЯЙДЪН,31
ГЮЛЯЙЕТ,4
ГЮЛЯР,59
ГЮЛЯРДУАН,9
ГЮЛЯРИЯ,6
ГЮНАЕТ,3
ГЮНАЙ,1527
ГЮНАЙДИН,91
ГЮНАЙДЪН,265
ГЮНАЛ,78
ГЮНАРЖИЕ,19
ГЮНГЬОР,32
ГЮНДУАН,3
ГЮНДУДУ,3
ГЮНДЮЗ,4
ГЮНЕАЗИ,6
ГЮНЕЙ,2
ГЮНЕЙТ,24
ГЮНЕЛ,108
ГЮНЕР,938
ГЮНЕРИЕ,23
ГЮНЕРИЯ,14
ГЮНЕШ,17
ГЮНИЕР,2
ГЮНКА,37
ГЮННИХАР,35
ГЮНСЕЛИ,38
ГЮНТЕР,120
ГЮНУЛ,6
ГЮНУР,26
ГЮНЧЕН,5
ГЮНЧЕР,6
ГЮНЮЛ,80
ГЮРАЙ,60
ГЮРГА,147
ГЮРГЕНА,63
ГЮРГЯ,24
ГЮРДАЛ,3
ГЮРДЖАН,400
ГЮРДЖЮ,12
ГЮРЕЛ,44
ГЮРКА,51
ГЮРКАН,83
ГЮРЛЕР,2
ГЮРО,6
ГЮРОЛ,6
ГЮРСАЧ,31
ГЮРСЕЛ,1090
ГЮРСЕЛА,5
ГЮРСЕС,18
ГЮРТЕС,2
ГЮРХАН,92
ГЮРЧАЙ,3
ГЮСЮМ,296
ДАВИД,206
ДАВИТКО,35
ДАВУД,89
ДАВУТ,2
ДАЕТКА,2
ДАИЛ,90
ДАЙЛЕ,6
ДАКИ,80
ДАКО,10
ДАЛИЯ,8
ДАМЛА,7
ДАМЯН,1375
ДАМЯНА,104
ДАМЯНКА,23
ДАНА,12
ДАНАЕЛ,11
ДАНАИЛ,1875
ДАНАИЛА,36
ДАНИ,17
ДАНИЕЛ,3220
ДАНИЕЛА,3736
ДАНИИЛ,3
ДАНИЛ,31
ДАНИСЛАВА,11
ДАНКА,486
ДАНКО,166
ДАНО,20
ДАНЧО,1202
ДАНЬО,107
ДАНЮ,38
ДАРЕНА,8
ДАРИ,46
ДАРИН,185
ДАРИНА,911
ДАРИНКА,188
ДАРИСЛАВ,31
ДАРИЯ,53
ДАРЧО,8
ДАРЯ,28
ДАУД,262
ДАУТ,41
ДАФИН,134
ДАФИНА,290
ДАФИНКА,748
ДАФКО,3
ДАХИЛ,55
ДАЦО,11
ДАЧКО,9
ДАЧО,26
ДАЯНА,227
ДЕАН,177
ДЕАНА,17
ДЕБОРА,10
ДЕВИЛИЯ,11
ДЕВОРА,14
ДЕВРАН,15
ДЕДЮ,29
ДЕЙВИД,47
ДЕЙВИТ,8
ДЕКО,3
ДЕЛА,17
ДЕЛИАНА,17
ДЕЛИН,26
ДЕЛИЯНА,6
ДЕЛКА,224
ДЕЛКО,157
ДЕЛО,53
ДЕЛУНА,5
ДЕЛФИНА,2
ДЕЛЧО,1023
ДЕЛЬО,13
ДЕЛЮ,43
ДЕЛЯ,84
ДЕЛЯН,458
ДЕЛЯНА,165
ДЕМИР,312
ДЕМИРА,10
ДЕМИРАНА,2
ДЕМИРЕЛ,38
ДЕМИРХАН,16
ДЕМИСЛАВ,17
ДЕНА,87
ДЕНИ,43
ДЕНИЕЛА,4
ДЕНИЗ,218
ДЕНИЗА,15
ДЕНИМИР,78
ДЕНИМИРА,12
ДЕНИС,702
ДЕНИСА,19
ДЕНИСЛАВ,653
ДЕНИСЛАВА,40
ДЕНИЦА,835
ДЕНКА,791
ДЕНКО,88
ДЕННИЦА,2
ДЕНЧО,355
ДЕНЬО,153
ДЕНЮ,213
ДЕРВИШ,19
ДЕРИЯ,45
ДЕСА,3
ДЕСИ,17
ДЕСИМИР,25
ДЕСИМИРА,57
ДЕСИСЛАВ,596
ДЕСИСЛАВА,3545
ДЕСКО,28
ДЕСПА,7
ДЕСПИНА,104
ДЕСЬО,50
ДЕТЕЛИН,545
ДЕТЕЛИНА,733
ДЕТЕЛИНКА,46
ДЕЧКА,12
ДЕЧКО,201
ДЕЧО,139
ДЕШКА,84
ДЕШКО,3
ДЕШО,4
ДЕЯ,2
ДЕЯН,1713
ДЕЯНА,114
ДЖАБИЛ,17
ДЖАВАИРА,22
ДЖАВАТ,64
ДЖАВЕТ,40
ДЖАВИТ,6
ДЖАЗИБЕ,6
ДЖАИТ,41
ДЖАЙДЕ,10
ДЖАЙЛЯН,12
ДЖАЙЛЯНА,43
ДЖАЛИЛ,17
ДЖАМАЛ,643
ДЖАМАЛИ,2
ДЖАМИЛ,18
ДЖАМИЛЕ,36
ДЖАН,24
ДЖАНАН,114
ДЖАНЕЛ,26
ДЖАНЕР,112
ДЖАНЕТ,28
ДЖАНИП,6
ДЖАНКЕР,2
ДЖАНКО,14
ДЖАНСАРАН,3
ДЖАНСЕЛ,65
ДЖАНСЕП,35
ДЖАНСЕР,6
ДЖАНСУ,52
ДЖАНСУН,3
ДЖАСМИН,39
ДЖАФЕР,114
ДЖАФЕТ,13
ДЖАХИД,26
ДЖАХИДЕ,134
ДЖАХИТ,15
ДЖЕБИР,4
ДЖЕВАД,2
ДЖЕВАДИЕ,2
ДЖЕВАЙДИН,50
ДЖЕВАРИЕ,2
ДЖЕВАТ,611
ДЖЕВДЕТ,547
ДЖЕВДЖЕТ,387
ДЖЕВДЖЕТИН,11
ДЖЕВДИЕ,52
ДЖЕВЖЕТ,63
ДЖЕВИТ,17
ДЖЕВРЕТ,3
ДЖЕВРИЕ,338
ДЖЕВРИЯ,28
ДЖЕДЖЕТ,9
ДЖЕЗМИ,8
ДЖЕИД,10
ДЖЕИТ,37
ДЖЕЙКА,8
ДЖЕЙЛАН,57
ДЖЕЙЛЯН,353
ДЖЕЙЛЯНА,24
ДЖЕЙМС,4
ДЖЕЙНУР,11
ДЖЕЙСУН,2
ДЖЕЙХАН,144
ДЖЕЙХИДЕ,6
ДЖЕЙХУН,135
ДЖЕКИ,5
ДЖЕЛАЛ,69
ДЖЕЛАЛЕДИН,7
ДЖЕЛАЛЕТИН,4
ДЖЕЛАТИН,42
ДЖЕЛЕДИН,9
ДЖЕЛИАЛЕТ,3
ДЖЕЛИЛ,419
ДЖЕЛЯДИН,12
ДЖЕЛЯЙДИН,38
ДЖЕЛЯЛ,152
ДЖЕЛЯЛДИН,19
ДЖЕЛЯН,6
ДЖЕМ,24
ДЖЕМАЙ,14
ДЖЕМАЙДИН,19
ДЖЕМАЛ,1559
ДЖЕМАЛДИН,33
ДЖЕМАЛЕТТИН,2
ДЖЕМАЛИДИН,34
ДЖЕМАЛИЕ,43
ДЖЕМАЛТИН,36
ДЖЕМАРТИН,26
ДЖЕМАТИН,29
ДЖЕМАХТИН,6
ДЖЕМДЖЕ,6
ДЖЕМИЛ,772
ДЖЕМИЛА,3
ДЖЕМИЛЕ,2337
ДЖЕМИЛИЯ,12
ДЖЕМИЛЯ,62
ДЖЕМИНЕ,144
ДЖЕМИСАП,6
ДЖЕМШИТ,2
ДЖЕНА,40
ДЖЕНАЛ,17
ДЖЕНГИЗ,138
ДЖЕНГИС,211
ДЖЕНДО,22
ДЖЕНЕЛ,51
ДЖЕНЕТ,4
ДЖЕНКА,13
ДЖЕНКО,49
ДЖЕНЬО,11
ДЖЕНЮ,26
ДЖЕСУР,16
ДЖЕФЕР,96
ДЖЕФЕРИЕ,14
ДЖИВИД,6
ДЖИВРУША,8
ДЖИЛЯНА,3
ДЖИНГИЗ,2
ДЖИХАН,120
ДЖИХАТДИН,2
ДЖОМИЛЕЯ,6
ДЖОМИЛИЦА,6
ДЖОН,7
ДЖОНИ,4
ДЖОРДЖ,16
ДЖОШКУН,139
ДЖУЛИЕТ,3
ДЖУЛИЯ,48
ДЖУЛЯЙ,46
ДЖУМАДИН,10
ДЖУМАЗЕЛ,45
ДЖУМАЗИЕ,225
ДЖУМАЗИЯ,12
ДЖУМАСИЕ,65
ДЖУМИЛЕ,171
ДЖУМХУР,43
ДЖУНА,15
ДЖУНЕИТ,20
ДЖУНЕЙТ,173
ДЖУНЕТ,7
ДЖУНИЕ,13
ДЖЮВЕЙЕ,6
ДЖЮВЕРИЕ,8
ДЖЮЛВЕНТ,3
ДЖЮМИЛЕ,6
ДЖЮНЕИД,21
ДЖЮНЕИТ,23
ДЖЮНЕЙТ,10
ДЗАЙНЕП,5
ДЗЕЙНЕПА,12
ДЗЕНЕПА,6
ДЗЕПКА,43
ДЗИЛЯ,6
ДИАМАНДИ,19
ДИАН,692
ДИАНА,2768
ДИАНКА,6
ДИДА,25
ДИДИ,27
ДИДИЯНА,7
ДИДКА,2
ДИДО,6
ДИКО,97
ДИЛАН,4
ДИЛБЕР,204
ДИЛЕК,28
ДИЛЕР,8
ДИЛИЯН,26
ДИЛИЯНКА,7
ДИЛКА,9
ДИЛМАН,17
ДИЛО,58
ДИЛШЕН,24
ДИЛЯВЕР,14
ДИЛЯН,506
ДИЛЯНА,797
ДИЛЯНКА,5
ДИМА,42
ДИМАН,28
ДИМАНА,9
ДИМАНКА,8
ДИМИРА,5
ДИМИТКО,31
ДИМИТРА,158
ДИМИТРАКИ,5
ДИМИТРАНА,16
ДИМИТРИЙКА,169
ДИМИТРИН,145
ДИМИТРИНА,2252
ДИМИТРИНКА,1612
ДИМИТРИЧКА,389
ДИМИТРИЯ,368
ДИМИТЪР,42866
ДИМИТЬР,28
ДИМКА,697
ДИМКО,3
ДИМО,3291
ДИМОНА,9
ДИМЧО,1288
ДИНА,40
ДИНКА,436
ДИНКО,2164
ДИНЧАР,103
ДИНЧЕР,374
ДИНЧО,246
ДИНЬО,636
ДИНЮ,56
ДИОНЕС,2
ДИОНИС,12
ДИОНИСИЙ,3
ДИЧКА,32
ДИЧКО,64
ДИЧО,108
ДИЯН,1414
ДИЯНА,1083
ДИЯНКА,15
ДИЯНЧО,44
ДМИТРИ,25
ДМИТРИЙ,62
ДМИТРО,17
ДОАН,2
ДОБРА,132
ДОБРЕ,5
ДОБРЕНА,42
ДОБРИ,1461
ДОБРИЛ,59
ДОБРИН,1532
ДОБРИНА,264
ДОБРИНКА,1019
ДОБРИНЧО,9
ДОБРИЯН,9
ДОБРОВЕСТ,16
ДОБРОЛЮБ,3
ДОБРОМИЛ,10
ДОБРОМИР,1142
ДОБРОМИРА,48
ДОБРОСВЕТА,6
ДОБРОСЛАВ,40
ДОБРОСЛАВА,2
ДОБРЮ,5
ДОБЧО,5
ДОЙКА,131
ДОЙКО,5
ДОЙНО,39
ДОЙЧИН,337
ДОЙЧО,294
ДОКО,32
ДОЛЯ,31
ДОНА,99
ДОНИ,26
ДОНИКА,225
ДОНКА,2714
ДОНКО,189
ДОННА,45
ДОНЧО,1636
ДОНЬО,158
ДОНЮ,48
ДОРА,569
ДОРЕТА,21
ДОРИАНА,5
ДОРИН,8
ДОРИНКА,5
ДОРИЯНА,29
ДОРКА,31
ДОРМУШ,12
ДОРОТЕЯ,66
ДОРОТИ,14
ДОСИ,24
ДОСТЕНА,32
ДОСТИН,8
ДОСЬО,2
ДОУКАН,2
ДОЧКА,125
ДОЧКО,18
ДОЧО,147
ДРАГА,24
ДРАГАН,557
ДРАГАНА,29
ДРАГАНКА,26
ДРАГИНА,2
ДРАГИНКА,4
ДРАГИЯ,76
ДРАГНИ,84
ДРАГО,60
ДРАГОЙ,3
ДРАГОЙЧО,46
ДРАГОЛ,49
ДРАГОЛЮБ,5
ДРАГОМИЛА,31
ДРАГОМИР,1293
ДРАГОМИРА,31
ДРАГОСТИН,24
ДРАГОЯ,29
ДРАГУЛ,20
ДРАЖО,7
ДРАЛЧО,5
ДРУМА,8
ДРУМИ,37
ДРУМКА,33
ДУДА,19
ДУДКА,6
ДУДУ,15
ДУДУГЮЛ,3
ДУДУША,14
ДУЙГУ,46
ДУКАТИНКА,18
ДУНА,5
ДУНКА,17
ДУРАЛИ,53
ДУРАН,249
ДУРАНДЖА,17
ДУРГАДЪН,140
ДУРГУД,58
ДУРГУТ,54
ДУРДАНА,18
ДУРДАНЕ,20
ДУРДЕЯ,31
ДУРДЖАН,54
ДУРДИЕ,18
ДУРДУ,126
ДУРДУГЮЛ,179
ДУРЖАН,13
ДУРИЕ,6
ДУРКАДЪН,26
ДУРМУШ,223
ДУРМУШАЛИ,70
ДУРСУН,161
ДУРХАН,201
ДУЧКА,12
ДУШАНКА,47
ДУШКА,55
ДУШКО,131
ДЪБКА,6
ДЬОНЕ,33
ДЮВЛЕТ,13
ДЮНЕ,7
ДЮНИЕ,2
ДЮНЯМИ,46
ДЮРИЕ,98
ДЮРХАН,2
ДЮЯМИ,7
ДЯКО,88
ДЯЛЮ,3
ДЯНИСЛАВ,45
ДЯНКА,51
ДЯНКО,106
ДЯНЧО,2
ЕБАБЕ,19
ЕБАДУЛА,39
ЕБАЗЕЛ,57
ЕБАЗЕР,115
ЕБАЗИР,6
ЕБИЛЕ,6
ЕБРУ,6
ЕВА,82
ЕВАЛИНА,6
ЕВАНГЕЛИНА,3
ЕВАНГЕЛИЯ,2
ЕВГА,33
ЕВГЕНИ,2808
ЕВГЕНИЙ,556
ЕВГЕНИЯ,540
ЕВГИН,66
ЕВДЕН,2
ЕВДОКИМ,14
ЕВДОКИЯ,171
ЕВЕЛИН,231
ЕВЕЛИНА,586
ЕВЕЛИНКА,11
ЕВИАН,2
ЕВИЛИНА,14
ЕВИНЧ,26
ЕВКА,7
ЕВЛОГИ,175
ЕВРИЯ,7
ЕВРУ,6
ЕВРЮ,9
ЕВСТАТИ,63
ЕВСТРАТИ,3
ЕВТИМ,717
ЕВШЕН,13
ЕГЕМЕН,43
ЕДА,50
ЕДАВИЕ,9
ЕДАЕТ,16
ЕДВИН,38
ЕДЖАБИ,8
ЕДЖАБИЕ,6
ЕДЖЕВИД,4
ЕДЖЕВИТ,75
ЕДЖМЕЛ,6
ЕДИБЕ,18
ЕДИЕ,9
ЕДИКА,18
ЕДИП,2
ЕДИС,55
ЕДИТА,51
ЕДИШ,11
ЕДИЯ,69
ЕДРИ,32
ЕДРЮ,2
ЕДУАРД,17
ЕЖДАН,45
ЕЗГИ,3
ЕЗЕКИЯ,4
ЕЙВАЗ,18
ЕЙВАС,2
ЕЙДЖАН,24
ЕЙНИГЯР,6
ЕЙНУР,3
ЕЙСЕЛ,42
ЕЙХАН,21
ЕКАТЕРИНА,1078
ЕКАТЕРИНИ,3
ЕКНУР,2
ЕКРЕМ,190
ЕКСАНЕ,6
ЕЛАМЕ,37
ЕЛБАЗЕР,4
ЕЛБАР,17
ЕЛВАН,66
ЕЛВЕР,39
ЕЛВЕРА,36
ЕЛВИЕ,12
ЕЛВИН,25
ЕЛВИНА,5
ЕЛВИРА,154
ЕЛВИС,6
ЕЛГИН,9
ЕЛДЖАН,32
ЕЛДЪЗ,25
ЕЛДЪСКА,2
ЕЛЕЗ,6
ЕЛЕКНУР,6
ЕЛЕН,128
ЕЛЕНА,7702
ЕЛЕНКА,1697
ЕЛЕНКО,94
ЕЛЕОНОРА,727
ЕЛЗА,378
ЕЛЗЕТ,2
ЕЛЗИ,7
ЕЛЗИЕ,2
ЕЛИ,301
ЕЛИАЗЕР,11
ЕЛИАН,28
ЕЛИАНА,25
ЕЛИВАНИЕ,5
ЕЛИЗ,32
ЕЛИЗА,33
ЕЛИЗАБЕТ,134
ЕЛИЗАБЕТА,26
ЕЛИЗАР,16
ЕЛИМАЗ,8
ЕЛИМАН,9
ЕЛИН,104
ЕЛИНА,106
ЕЛИНКА,48
ЕЛИС,196
ЕЛИСАВЕТА,458
ЕЛИСЕЙ,39
ЕЛИСЪ,6
ЕЛИФ,394
ЕЛИФЕ,6
ЕЛИФКА,3
ЕЛИХАН,3
ЕЛИЦА,736
ЕЛИЧКА,52
ЕЛИШАН,27
ЕЛИЯ,8
ЕЛИЯН,32
ЕЛИЯНА,11
ЕЛКА,1055
ЕЛКО,54
ЕЛМАЗ,478
ЕЛМАЗА,3
ЕЛМАН,30
ЕЛМАС,25
ЕЛМЕР,23
ЕЛМИ,35
ЕЛМИР,2
ЕЛМИРА,77
ЕЛТИМИР,4
ЕЛТИНЕ,6
ЕЛФИДА,175
ЕЛФИДЕ,272
ЕЛФИЕ,9
ЕЛФУДА,12
ЕЛФЪДА,25
ЕЛХАН,113
ЕЛХАТ,6
ЕЛЧИН,44
ЕЛШАН,46
ЕЛЯ,26
ЕЛЯЙДИН,37
ЕЛЯСА,5
ЕМА,35
ЕМАНДИ,10
ЕМАНОИЛ,3
ЕМАНУЕЛА,48
ЕМАНУИЛ,318
ЕМБАТИН,2
ЕМБИ,2
ЕМБИЕ,1442
ЕМБИЯ,10
ЕМВРОЛА,3
ЕМЕЛ,469
ЕМЕТЕ,6
ЕМЕТУЛА,33
ЕМЗАДЕ,92
ЕМЗИЛЕТ,14
ЕМИ,13
ЕМИГЮЛСУМА,6
ЕМИЙНЕ,6
ЕМИКА,20
ЕМИЛ,9512
ЕМИЛИО,33
ЕМИЛИЯ,3386
ЕМИЛИЯН,531
ЕМИН,2083
ЕМИНАЛИ,6
ЕМИНЕ,7192
ЕМИНЕЯ,12
ЕМИНКЯЗИМ,15
ЕМИНЯ,11
ЕМИР,36
ЕМИРА,17
ЕМИРГЯН,17
ЕМИРЕН,2
ЕМИТЕ,26
ЕМИТУЛА,9
ЕМИЧКА,20
ЕМИШ,24
ЕМИШЕ,6
ЕМКА,6
ЕМНЕ,317
ЕМНЕГЮЛ,6
ЕМНЯ,16
ЕМОНА,26
ЕМОРЛАХ,5
ЕМРА,2
ЕМРАН,38
ЕМРАХ,161
ЕМРЕ,28
ЕМРИЯ,3
ЕМРОЛ,3
ЕМРУЛА,18
ЕМТУЛА,31
ЕМТУЛЛА,5
ЕМУРЛА,266
ЕМЯЛ,17
ЕНАЛ,10
ЕНВЕР,705
ЕНВЯР,51
ЕНГИН,192
ЕНДЕР,6
ЕНЕВКА,17
ЕНЕС,24
ЕНИО,7
ЕНИС,74
ЕНИСЕ,52
ЕНИСЛАВ,6
ЕНКА,33
ЕНКО,4
ЕНУР,36
ЕНУРА,13
ЕНУРИЕ,23
ЕНХОШ,22
ЕНЧО,1153
ЕНЬО,77
ЕНЮ,30
ЕРАЙ,294
ЕРАН,49
ЕРБИЛ,118
ЕРБИН,2
ЕРВАХИДИН,7
ЕРВИН,174
ЕРГИН,261
ЕРГУН,6
ЕРГЮЛ,73
ЕРГЮЛЯН,36
ЕРГЮН,517
ЕРГЮНАЙ,36
ЕРГЮНАЛ,3
ЕРГЮНАН,25
ЕРДАЛ,139
ЕРДАМ,9
ЕРДАН,29
ЕРДАНИЕ,10
ЕРДЕМ,74
ЕРДЕН,48
ЕРДЖАИЛ,5
ЕРДЖАН,1936
ЕРДЖЕБ,27
ЕРДЖЕВИТ,2
ЕРДЖИВАН,13
ЕРДИН,80
ЕРДИНАЙ,47
ЕРДИНЧ,1382
ЕРДИНЧАНЕ,8
ЕРДОАН,286
ЕРДОВАН,57
ЕРДОГАН,4
ЕРДУАН,69
ЕРДУВАН,52
ЕРДУН,42
ЕРДУХАН,62
ЕРЕДЖЕБ,598
ЕРЕДЖЕП,45
ЕРЕДИНКА,11
ЕРЕМИЯ,22
ЕРЕН,28
ЕРЖАН,122
ЕРЗАН,17
ЕРЗАНА,25
ЕРЗИН,4
ЕРИДЖАН,29
ЕРИЗАНА,3
ЕРИК,9
ЕРИКА,11
ЕРИЛКА,18
ЕРИНА,31
ЕРИНКА,9
ЕРИФЕ,6
ЕРКАН,344
ЕРКИН,66
ЕРКЯН,5
ЕРМА,18
ЕРМЕНКО,8
ЕРМЕНЧО,41
ЕРМЕТ,31
ЕРМЯНА,3
ЕРНУР,2
ЕРОЛ,1433
ЕРСАН,66
ЕРСЕВЕР,8
ЕРСЕЛ,20
ЕРСЕН,2
ЕРСИН,438
ЕРСОЙ,6
ЕРТАН,365
ЕРТАЧ,11
ЕРТЕН,6
ЕРТОЛ,46
ЕРТУН,23
ЕРТУНЧ,31
ЕРТУРУЛ,3
ЕРУСАЛИМ,36
ЕРФИН,6
ЕРХАМИ,2
ЕРХАН,1207
ЕРХАТ,6
ЕРЧИАН,9
ЕРЧИН,7
ЕРШАН,2
ЕСАД,62
ЕСАТ,100
ЕСЕНГЮЛ,41
ЕСИМ,3
ЕСИН,82
ЕСМА,225
ЕСМАН,36
ЕСМЕ,20
ЕСМЕР,7
ЕСМЕРАЙ,15
ЕСМЕЯ,5
ЕСМИХАН,6
ЕСРА,13
ЕСТЕЛА,16
ЕСЮ,29
ЕСЯНГЮЛ,3
ЕТЕЛКА,3
ЕТЕМ,109
ЕТЯМ,11
ЕФЕ,2
ЕФКА,2
ЕФРАИМ,219
ЕФРАМИ,6
ЕФРАХИМ,6
ЕФРЕМ,44
ЕФРОСИМА,39
ЕФРОСИНА,99
ЕФРУЗА,6
ЕФТАДЕ,34
ЕФТАДЕГЮЛ,9
ЕФТИДЕ,34
ЕФТИМ,274
ЕФТУШ,7
ЕХАТ,7
ЕХЛИМАН,83
ЕХРИДИН,2
ЕЧКА,9
ЕШРАФ,6
ЕШРЕФ,204
ЕЮБ,111
ЕЮП,4
ЖАВИТ,2
ЖАК,17
ЖАКЛИН,2
ЖАКЛИНА,26
ЖАМАХТИН,6
ЖАН,114
ЖАНА,471
ЖАНЕТ,61
ЖАНЕТА,214
ЖАНИ,13
ЖАНИНА,21
ЖАНКА,28
ЖАННА,29
ЖАСМИНА,149
ЖАСТИНА,30
ЖЕВАЕТ,9
ЖЕВДЕТ,2
ЖЕВЖЕД,7
ЖЕЙКА,10
ЖЕКА,33
ЖЕКО,754
ЖЕЛА,11
ЖЕЛЕЗ,29
ЖЕЛЕЗЧО,23
ЖЕЛИФЕР,2
ЖЕЛКА,164
ЖЕЛКО,11
ЖЕЛО,5
ЖЕЛЧО,6
ЖЕЛЬО,609
ЖЕЛЮ,438
ЖЕЛЯ,10
ЖЕЛЯЗ,49
ЖЕЛЯЗА,107
ЖЕЛЯЗКА,400
ЖЕЛЯЗКО,1749
ЖЕЛЯН,20
ЖЕМИЛЕ,3
ЖЕНЕТА,8
ЖЕНИ,125
ЖЕНЯ,349
ЖЕРАР,13
ЖЕЧКА,228
ЖЕЧКО,135
ЖЕЧО,196
ЖИВКА,1191
ЖИВКО,4930
ЖИВОДАР,6
ЖИВОМИР,3
ЖИНКА,6
ЖОЗЕФИНА,6
ЖОРЖЕТА,8
ЖОРИ,30
ЖОРО,109
ЖУЛВЕН,6
ЖУЛИДЕ,47
ЖУЛИЕН,51
ЖУЛИЕТА,310
ЖУЛИЯН,57
ЖУЛЯЙ,21
ЖУМАЗЕЛ,6
ЖУРВЕН,2
ЖЮЛВЕН,9
ЖЮЛДЕН,3
ЖЮРВЕН,8
ЗААЛЕ,3
ЗАБАТИН,6
ЗАБЕР,3
ЗАВЕРА,6
ЗАГОРИ,5
ЗАГОРКА,17
ЗАГОРЧО,5
ЗАДИЕ,6
ЗАДИКА,24
ЗАДИН,40
ЗАИД,119
ЗАИДЕ,6
ЗАИМ,135
ЗАИТ,30
ЗАЙВЕРА,13
ЗАЙДА,130
ЗАЙДЕ,375
ЗАЙДИЕ,6
ЗАЙДИН,24
ЗАЙДЯ,6
ЗАЙНЕП,77
ЗАЙНЕПА,182
ЗАЙРА,26
ЗАЙРЯ,5
ЗАКИЕ,22
ЗАКИР,105
ЗАКИФ,9
ЗАКРИЕ,23
ЗАЛВЕР,6
ЗАЛВЕРА,15
ЗАЛЕ,5
ЗАЛИХЕ,46
ЗАЛИШ,6
ЗАЛЛЕ,44
ЗАМФИР,46
ЗАМФИРА,16
ЗАНА,14
ЗАНКА,21
ЗАНКО,81
ЗАПРЕН,3
ЗАПРИН,86
ЗАПРИНА,6
ЗАПРИНКА,15
ЗАПРО,2
ЗАПРЮ,3
ЗАПРЯН,897
ЗАПРЯНА,29
ЗАПРЯНКА,222
ЗАРА,45
ЗАРИВКА,23
ЗАРИНА,14
ЗАРИФ,6
ЗАРИФЕ,9
ЗАРИФКА,2
ЗАРКА,25
ЗАРКО,262
ЗАРЯН,8
ЗАРЯНА,60
ЗАТЕЙКА,25
ЗАТИЕ,213
ЗАТКА,2
ЗАФЕР,267
ЗАФЕРИЕ,46
ЗАФИР,152
ЗАФИРА,45
ЗАФИРКА,49
ЗАХАРИ,942
ЗАХАРИЙ,2
ЗАХАРИЙКА,6
ЗАХАРИН,100
ЗАХАРИНА,172
ЗАХАРИНКА,217
ЗАХАРИНЧО,5
ЗАХАРИЯ,4
ЗАХИДЕ,33
ЗАХЛЕ,6
ЗАХМЕТ,2
ЗАХРА,23
ЗАХРИ,26
ЗАХРИЕ,8
ЗАШКО,5
ЗВЕЗДА,159
ЗВЕЗДАЛИН,21
ЗВЕЗДАЛИНА,5
ЗВЕЗДАН,4
ЗВЕЗДАНА,6
ЗВЕЗДЕЛИН,68
ЗВЕЗДЕЛИНА,89
ЗВЕЗДЕЛИНКА,36
ЗВЕЗДИЦА,46
ЗВЕЗДОМИР,95
ЗВЕЗДОМИРА,15
ЗДРАВЕЦ,8
ЗДРАВИСЛАВ,20
ЗДРАВКА,1118
ЗДРАВКО,3050
ЗДРАВОСЛАВ,33
ЗДРАВЧО,81
ЗЕБУР,6
ЗЕБУРЕ,40
ЗЕБУРИЕ,47
ЗЕВАДИЛ,14
ЗЕВДЖИЕ,8
ЗЕВЖЕТ,5
ЗЕВКИЯ,15
ЗЕВКЪ,44
ЗЕДИКА,41
ЗЕИД,5
ЗЕИНЕПА,6
ЗЕЙБИ,2
ЗЕЙВЕРА,15
ЗЕЙДЖАН,76
ЗЕЙДИ,4
ЗЕЙКА,18
ЗЕЙЛИЕ,6
ЗЕЙЛЯ,29
ЗЕЙНА,3
ЗЕЙНАЛ,102
ЗЕЙНЕБ,1205
ЗЕЙНЕЛ,97
ЗЕЙНЕП,476
ЗЕЙНЕПА,793
ЗЕЙНЕТ,6
ЗЕЙНИ,9
ЗЕЙНИЕ,24
ЗЕЙНИЛ,40
ЗЕЙНИШ,5
ЗЕЙНУДА,10
ЗЕЙНУЛ,6
ЗЕЙНУЛА,6
ЗЕЙНУН,6
ЗЕЙНУР,101
ЗЕЙНУШ,22
ЗЕЙРА,201
ЗЕЙРАГЮЛ,20
ЗЕЙРЕ,71
ЗЕЙРЕГЮЛ,20
ЗЕЙРРИН,3
ЗЕЙРЯ,45
ЗЕЙТЕН,8
ЗЕЙТИ,50
ЗЕЙФУЛА,31
ЗЕЙХАН,5
ЗЕЙЯТ,2
ЗЕКЕРЕ,9
ЗЕКЕРИ,3
ЗЕКЕРИЕ,410
ЗЕКЕРИЙЕ,3
ЗЕКЕРИЯ,83
ЗЕКЕРЯ,6
ЗЕКЕРЯМ,19
ЗЕКЕЯ,6
ЗЕКЕЯРЯ,34
ЗЕКИ,132
ЗЕКИЕ,868
ЗЕКИМ,8
ЗЕКИНЕ,14
ЗЕКИР,43
ЗЕКИРА,3
ЗЕКИРИЕ,23
ЗЕКИРИЯ,6
ЗЕКИРЯ,6
ЗЕКИЯ,169
ЗЕКРЕМ,12
ЗЕКРИ,28
ЗЕКРИЕ,70
ЗЕКРИЯ,16
ЗЕКЯВЕТ,6
ЗЕКЯИ,23
ЗЕКЯЯ,2
ЗЕЛВЕР,8
ЗЕЛВЕРА,75
ЗЕЛЕ,6
ЗЕЛЕХА,5
ЗЕЛИЕ,203
ЗЕЛИХА,937
ЗЕЛИХЕ,9
ЗЕЛИШ,12
ЗЕЛИША,5
ЗЕЛИЯ,57
ЗЕЛКИФ,19
ЗЕЛЛЕ,6
ЗЕЛХА,33
ЗЕЛЮНА,5
ЗЕЛЮНКА,4
ЗЕЛЯ,157
ЗЕЛЯЙДИН,5
ЗЕМЕРУДА,6
ЗЕНЕП,8
ЗЕНЕПА,103
ЗЕНИЕ,6
ЗЕНИТА,2
ЗЕНИЯ,6
ЗЕНОВИЯ,2
ЗЕНУЛА,4
ЗЕПА,22
ЗЕРА,29
ЗЕРДЖАН,5
ЗЕРЕГЮЛ,6
ЗЕРИН,5
ЗЕРНЕМА,43
ЗЕФИР,31
ЗЕФИЯ,21
ЗЕХИДЕ,2
ЗЕХЛИЯ,3
ЗЕХЛЯ,5
ЗЕХНИ,24
ЗЕХРА,691
ЗЕХРАГЮЛ,9
ЗЕХРЕГЮЛ,6
ЗЕХТИ,10
ЗЕХУРА,20
ЗИЙНЕБ,785
ЗИЙНЕП,18
ЗИЙНИЕ,6
ЗИЙНИШ,10
ЗИЙФИ,33
ЗИКИЕ,6
ЗИКИРИЕ,3
ЗИКИРИЯ,6
ЗИКИРЯ,6
ЗИКРА,33
ЗИКРЕМ,25
ЗИКРИ,108
ЗИКРИЕ,66
ЗИКРИЯ,48
ЗИЛА,3
ЗИЛЕ,3
ЗИЛЕР,6
ЗИЛИЯ,27
ЗИЛХА,37
ЗИЛЯ,84
ЗИМИРУД,12
ЗИМИРУДА,24
ЗИМРУДА,30
ЗИНА,18
ЗИНАИД,6
ЗИНАИДА,30
ЗИНАЛ,47
ЗИНЕБ,405
ЗИНЕЛ,34
ЗИНЕП,201
ЗИНЕПА,12
ЗИНЕТИ,4
ЗИНИЕ,3
ЗИНИШ,47
ЗИНКА,47
ЗИНОВИ,2
ЗИНОВИЯ,2
ЗИХНИ,185
ЗИХНИЕ,9
ЗИХРА,9
ЗИЯ,421
ЗИЯДИН,48
ЗИЯЕДИН,8
ЗИЯИДИН,56
ЗИЯЙДИН,31
ЗЛАТА,223
ЗЛАТАН,404
ЗЛАТАНКА,28
ЗЛАТЕНА,40
ЗЛАТИ,471
ЗЛАТИМИРА,9
ЗЛАТИН,146
ЗЛАТИНА,615
ЗЛАТИНКА,103
ЗЛАТИСЛАВ,3
ЗЛАТИЦА,15
ЗЛАТКА,2835
ЗЛАТКО,1440
ЗЛАТНА,20
ЗЛАТОЗАР,8
ЗЛАТОМИР,242
ЗЛАТОМИРА,30
ЗЛАТОСЛАВ,31
ЗЛАТЬО,96
ЗЛАТЮ,27
ЗОГРАФИЯ,20
ЗОИЦА,24
ЗОЙКА,73
ЗОЛЕЙКА,12
ЗОНКА,3
ЗОНЧО,8
ЗОРА,31
ЗОРАН,3
ЗОРАТ,9
ЗОРИ,12
ЗОРИНА,8
ЗОРИЦА,71
ЗОРКА,531
ЗОРКО,4
ЗОРНИЦА,611
ЗОРНИЧКА,3
ЗОРО,2
ЗОТКА,26
ЗОЯ,1022
ЗУЛФИЕ,13
ЗУЛФИН,6
ЗУЛХИ,6
ЗУРЕМА,5
ЗУХРЕ,6
ЗЪДИКА,15
ЗЪДЪКА,21
ЗЪЛВЕРА,3
ЗЬОФРЕ,16
ЗЬОХРЕ,188
ЗЮБЕЙД,17
ЗЮБЕЙДЕ,117
ЗЮБЮДЕ,6
ЗЮБЮШ,38
ЗЮВЕЙДЕ,38
ЗЮЛА,5
ЗЮЛБЕЙ,8
ЗЮЛБИЕ,179
ЗЮЛБИЯ,31
ЗЮЛДЕ,2
ЗЮЛЕЙХА,123
ЗЮЛЕЙХАН,6
ЗЮЛЕЯ,41
ЗЮЛИЕ,11
ЗЮЛИХА,8
ЗЮЛКАЙДЕ,6
ЗЮЛКАРНЕ,38
ЗЮЛКЕР,60
ЗЮЛКЕРА,12
ЗЮЛКЕРИМ,3
ЗЮЛКЕФ,7
ЗЮЛКИВ,6
ЗЮЛКИЕ,4
ЗЮЛКИЕРА,6
ЗЮЛКИФ,32
ЗЮЛКЮЛ,11
ЗЮЛКЮФ,140
ЗЮЛКЯНИ,4
ЗЮЛКЯР,101
ЗЮЛФЕ,20
ЗЮЛФЕИМ,6
ЗЮЛФЕКЕР,8
ЗЮЛФЕКИР,6
ЗЮЛФЕР,32
ЗЮЛФИ,34
ЗЮЛФИДЕ,6
ЗЮЛФИЕ,313
ЗЮЛФИКЯР,2
ЗЮЛФИН,18
ЗЮЛФИЯ,112
ЗЮЛФЮ,15
ЗЮЛХАН,21
ЗЮЛЮХА,2
ЗЮЛЯБИДИН,17
ЗЮМБИЛА,18
ЗЮМБИЛЕ,16
ЗЮМБУЛА,6
ЗЮМБЮЛ,377
ЗЮМБЮЛА,6
ЗЮМБЮЛЕ,6
ЗЮМБЮЛИЕ,9
ЗЮМРА,37
ЗЮМРУДА,25
ЗЮМРЮД,3
ЗЮМРЮТ,21
ЗЮНБУЛ,6
ЗЮНЮБЕ,6
ЗЮРА,14
ЗЮРАП,6
ЗЮРЕ,136
ЗЮРЕТ,16
ЗЮРИЕ,143
ЗЮРИЯ,6
ЗЮРФЕ,6
ЗЮТИЯ,6
ЗЮФРЕ,14
ЗЮФТЮ,60
ЗЮХАЛ,10
ЗЮХАН,22
ЗЮХРА,28
ЗЮХРЕ,69
ЗЮХРЕМ,26
ЗЮХРИЕ,14
ЗЮХТИЕ,16
ЗЮХТЮ,92
ИБАЗЕЛ,22
ИБАЗЕР,3
ИБИШ,39
ИБРАИЛ,10
ИБРАИМ,1400
ИБРАЙМ,6
ИБРАМ,252
ИБРАХИМ,3077
ИБРЕИМ,30
ИБРИМ,7
ИБРИШИМ,16
ИБРИЯМ,9
ИБРЯМ,1871
ИВА,756
ИВАЙЛА,96
ИВАЙЛО,8344
ИВАЛЕН,5
ИВАЛИН,338
ИВАЛИНА,247
ИВАН,54559
ИВАНА,453
ИВАНЕЛА,32
ИВАНЕТА,34
ИВАНИЕЛА,21
ИВАНИНА,51
ИВАНИЧКА,94
ИВАНКА,8152
ИВАНКО,19
ИВАННА,36
ИВАНЧО,282
ИВАЦ,32
ИВЕЛИАН,25
ИВЕЛИЛ,2
ИВЕЛИН,1590
ИВЕЛИНА,2055
ИВЕНА,9
ИВЕТ,19
ИВЕТА,176
ИВИЛИН,50
ИВКА,64
ИВКО,104
ИВО,2634
ИВОМИР,29
ИВОМИРА,2
ИВОНА,203
ИВЧО,4
ИГБАЛ,20
ИГБАЛЕ,64
ИГБАЛИЕ,9
ИГДАНЕ,2
ИГЛИКА,168
ИГНАСИЯ,7
ИГНАТ,411
ИГНАТА,5
ИГНАТКА,2
ИГОР,31
ИГРИЕ,8
ИГРИЛ,12
ИДАЕТ,58
ИДАЙТ,20
ИДАЛИЯ,2
ИДЖААБИ,10
ИДЖАБИ,29
ИДЖЕРАН,3
ИДЖЛЯЛ,6
ИДЖРЕТ,3
ИДИРИЗ,33
ИДИРИС,24
ИДМИР,33
ИДМИЯ,8
ИДРИЗ,518
ИДРИС,91
ИЖЛЯН,13
ИЗАБЕЛ,36
ИЗАБЕЛА,127
ИЗБЕ,6
ИЗВЕРА,11
ИЗЕР,24
ИЗЕТ,164
ИЗЕТИН,101
ИЗЗЕТ,43
ИЗИБЕ,12
ИЗИР,15
ИКБАЛ,9
ИКБАЛЕ,39
ИКЛИМАН,21
ИКЛИМЕ,103
ИКМЕТ,53
ИКНУР,6
ИКОНИЯ,5
ИКРЕМ,5
ИКСАДЕ,2
ИКСАН,38
ИКСАНЕ,17
ИКСАНИЕ,10
ИЛАРИОН,34
ИЛВАБИН,8
ИЛВЕ,14
ИЛВЕН,49
ИЛВЕНУР,10
ИЛВИЕ,143
ИЛГИЗ,5
ИЛГИНЧ,27
ИЛДА,3
ИЛДЖАН,6
ИЛДЪЗ,34
ИЛЗА,15
ИЛИАЗ,5
ИЛИАН,462
ИЛИАНА,612
ИЛИАННА,14
ИЛИЙКА,89
ИЛИЙЧО,111
ИЛИМИ,6
ИЛИН,73
ИЛИНА,119
ИЛИНКА,307
ИЛИЦА,15
ИЛИЯ,10153
ИЛИЯЗ,454
ИЛИЯН,3096
ИЛИЯНА,1089
ИЛИЯНКА,51
ИЛИЯС,32
ИЛКА,219
ИЛКАЙ,23
ИЛКБИН,35
ИЛКГЮН,8
ИЛКЕР,69
ИЛКИН,37
ИЛКНУР,42
ИЛКО,706
ИЛКСЕН,6
ИЛКЯР,72
ИЛМАЗ,84
ИЛМИ,250
ИЛМИЕ,317
ИЛМИЯ,29
ИЛМИЯЗ,6
ИЛО,3
ИЛОНА,7
ИЛОНКА,101
ИЛТЕР,70
ИЛФЕР,38
ИЛХАМИ,24
ИЛХАН,1099
ИЛЧО,491
ИЛЪДЪЗ,6
ИЛЬО,10
ИЛЯ,9
ИЛЯЗ,772
ИЛЯЙДИН,2
ИЛЯС,14
ИМААНЕ,12
ИМАН,148
ИМЕГЮЛ,6
ИМЕТУЛА,22
ИМИГЮЛ,28
ИМИКА,28
ИМИН,15
ИМИНЕ,18
ИМИР,18
ИМИРА,67
ИММАШ,6
ИМРАН,31
ИМРЕН,18
ИМЮГЮЛ,6
ИНА,84
ИНАН,15
ИНАНЧ,13
ИНДЖЕГЮЛ,17
ИНДЖИ,29
ИНДЖИГЮЛ,42
ИНДЖИЛ,6
ИНДЖИСЕР,7
ИНДЖИХА,25
ИНДЖИХАН,122
ИНДИХАН,2
ИНЕС,10
ИНЖИХАН,30
ИНКА,32
ИНКО,48
ИННА,102
ИНСАФА,14
ИНСАФКА,15
ИНУЗ,6
ИНЦАВ,2
ИНЦАВКА,38
ИНЦАФ,6
ИНЦАФКА,141
ИОАН,5
ИПЕК,4
ИРА,25
ИРГУЛА,20
ИРДЖАН,5
ИРЕМ,2
ИРЕН,60
ИРЕНА,1058
ИРЖИ,4
ИРЗА,49
ИРИН,9
ИРИНА,1897
ИРИНЕИ,16
ИРИНЕЙ,33
ИРИНКА,249
ИРИНЧО,53
ИРМА,8
ИРФАН,364
ИСА,545
ИСАЙ,7
ИСАК,56
ИСАКИ,23
ИСАМ,6
ИСАТ,9
ИСЕИН,47
ИСЕН,8
ИСИДОР,2
ИСИДОРА,2
ИСИН,9
ИСКЕНДЕР,40
ИСКРА,780
ИСКРЕН,515
ИСКРЕНА,47
ИСКРИНА,28
ИСКРО,18
ИСКЪР,40
ИСЛЯМ,191
ИСМА,18
ИСМАИЛ,6983
ИСМАИЛХАКЪ,4
ИСМАЙЛ,6
ИСМАН,85
ИСМЕГЮЛ,94
ИСМЕД,37
ИСМЕЙКА,18
ИСМЕЛ,2
ИСМЕН,23
ИСМЕТ,2457
ИСМИ,88
ИСМИГЮЛ,534
ИСМИЕ,37
ИСМИНАЗ,18
ИСМИНАР,23
ИСМИХАН,40
ИСМЮГЮЛ,55
ИСМЮЛМЕТИН,13
ИСПЕТ,19
ИСТАЛИАН,3
ИСТАЛИЯН,46
ИСТИЛИЯН,2
ИСУС,11
ИСУФ,672
ИСХАК,8
ИСХАН,39
ИСЯ,2
ИТКО,3
ИФАДИЕ,10
ИФАКЕТ,6
ИФЕТ,3
ИФТАДИЕ,6
ИФТАДИЯ,12
ИХЛИМАН,5
ИХСАН,65
ИХТИАНДЪР,39
ИХТИЯН,14
ИЦКО,44
ИЦО,8
ИЧКО,39
ИЧМЕН,6
ИЧО,2
ИШРЕФ,3
ИЯЛДЪЗА,6
ЙЛДЪЗ,55
ЙЛМАЗ,6
ЙОАН,81
ЙОАНА,404
ЙОАНИС,16
ЙОАННА,199
ЙОАННИС,14
ЙОВА,8
ЙОВАН,2
ЙОВАНА,9
ЙОВИЛИНА,6
ЙОВКА,460
ЙОВКО,389
ЙОВНО,2
ЙОВЧО,503
ЙОЗАЙ,46
ЙОЗАЛ,12
ЙОЗГЮР,24
ЙОЗДЕН,12
ЙОЗДЖАН,116
ЙОЗЕЛ,14
ЙОЗЕН,25
ЙОЗЕР,6
ЙОЗКАН,36
ЙОЗЛЕМ,38
ЙОЗЛЯМ,23
ЙОЗО,64
ЙОЛАНДА,8
ЙОЛАНТА,29
ЙОЛИТА,3
ЙОЛКА,8
ЙОНА,5
ЙОНИЗАР,3
ЙОНКА,183
ЙОНКО,449
ЙОНУЗ,7
ЙОНЧО,42
ЙОРГАКИ,29
ЙОРГО,23
ЙОРДАН,16817
ЙОРДАНА,290
ЙОРДАНЕЛИЯ,2
ЙОРДАНКА,4774
ЙОРДАНЧО,2
ЙОРДИАНА,3
ЙОСДЖАН,2
ЙОСИФ,782
ЙОСКАН,2
ЙОСКО,79
ЙОТКА,12
ЙОТКО,14
ЙОТО,124
ЙОХАН,66
ЙОЧО,28
ЙОША,19
ЙОШКА,24
ЙОШО,2
ЙЪЛДЪЗ,295
ЙЪЛДЪРАЙ,6
ЙЪЛДЪРЪМ,8
ЙЪЛМАЗ,472
ЙЪЛМАС,10
КААН,15
КААСИМ,4
КАБИЛ,138
КАДЕМ,10
КАДЕР,54
КАДИЛ,4
КАДИМЕ,45
КАДИР,1355
КАДИРЕ,11
КАДИРИЕ,6
КАДИРЮСЕИН,40
КАДИФ,2
КАДИФА,56
КАДИФЕ,119
КАДИФЕЙКА,42
КАДИФЕЯ,5
КАДИФКА,25
КАДИШАХА,7
КАДИШЕ,2
КАДРИ,182
КАДРИЕ,1866
КАДРИН,56
КАДРИШЕН,12
КАДРИЯ,113
КАДУША,12
КАДЪН,20
КАЗИБЕ,4
КАЗИМ,23
КАЙМЕД,6
КАЙМЕДА,6
КАЙМЕТ,23
КАЙМЕТА,14
КАЛБЕЯЗ,13
КАЛБИЕ,250
КАЛБИЯ,8
КАЛИН,2058
КАЛИНА,969
КАЛИНКА,973
КАЛИНЧО,6
КАЛИОПА,10
КАЛИПТЕН,87
КАЛИТКО,50
КАЛОФЕР,9
КАЛОЯН,1597
КАЛПТЕН,20
КАЛУД,4
КАЛУДКА,2
КАЛЧО,135
КАЛЯ,60
КАМБЕР,78
КАМЕЛ,4
КАМЕЛИЯ,915
КАМЕН,1566
КАМЕНА,28
КАМЕНКА,106
КАМЕР,2
КАМИЛ,5
КАМИЛЕ,15
КАНА,27
КАНЕЙ,6
КАНУШ,4
КАНЧАЕМ,6
КАНЧО,6
КАНЬО,2
КАНЮ,3
КАПКА,286
КАРАКАШ,5
КАРАМФИЛ,427
КАРАМФИЛА,127
КАРАМФИЛКА,105
КАРАНИ,60
КАРАНФИЛ,50
КАРДАМ,41
КАРЕН,4
КАРИМ,12
КАРИМЕНА,5
КАРИНА,32
КАРИНКА,22
КАРИП,5
КАРМЕЛА,10
КАРО,5
КАРОЛ,2
КАРОЛИНА,95
КАРОНА,14
КАРЮ,2
КАСАНДРА,16
КАСИМ,396
КАСИНКА,2
КАСИЯН,9
КАСЪМ,16
КАТА,43
КАТЕЛИН,16
КАТЕЛИНА,21
КАТЕРИНА,1048
КАТИН,7
КАТИНА,107
КАТИНКА,62
КАТКА,18
КАТРИН,47
КАТЮША,42
КАТЯ,3603
КЕАЗИМ,25
КЕБАРИЕ,4
КЕБИРЕ,11
КЕВА,16
КЕВИН,2
КЕВКА,21
КЕВОРК,25
КЕВСЕЛ,6
КЕВСЕР,13
КЕЗБАН,34
КЕЗВАН,12
КЕЗИБАН,2
КЕЗИМ,322
КЕЗИМЕ,8
КЕЗЙМ,20
КЕЗМЕ,4
КЕЗМЕЯ,8
КЕЙСИ,8
КЕМАЛ,946
КЕМАЛДИН,11
КЕМАЛИДИН,3
КЕМИЛ,199
КЕМИЛЕ,219
КЕМИЛЯ,37
КЕМИНЕ,6
КЕМРАН,40
КЕНАЛ,4
КЕНАН,330
КЕНИЯ,2
КЕНО,6
КЕРА,225
КЕРАН,24
КЕРАНА,84
КЕРАНКА,183
КЕРЕЗА,3
КЕРИД,7
КЕРИЙМЕ,4
КЕРИМ,701
КЕРИМАН,4
КЕРИМЕ,946
КЕРКА,47
КЕРМЕ,6
КЕТА,23
КЕТИ,24
КЕФСЕР,9
КЕФСЕРА,3
КЕШИФ,6
КЕЯЗИМ,25
КИАБЕ,5
КИБАР,9
КИБАРИЯ,5
КИБРА,36
КИБРИЕ,48
КИЗМА,8
КИЗМЕЙКА,6
КИМИЛЕ,109
КИМЛЕ,7
КИНА,361
КИНКА,144
КИНЧЕ,12
КИНЧИ,2
КИПРА,30
КИПРЕ,5
КИРАНА,39
КИРИЛ,9318
КИРИЛА,18
КИРИЛКА,209
КИРИЛЛ,39
КИРКА,7
КИРКИЦА,3
КИРКО,85
КИРКОР,21
КИРО,434
КИРЧО,339
КИРЯЗ,2
КИРЯК,28
КИТА,56
КИТКА,40
КИЦА,5
КИЧА,2
КИЧКА,193
КИША,9
КИЯЗИМ,2
КЛАВДИЯ,52
КЛАРА,17
КЛЕО,11
КЛИМЕНТ,69
КЛИМЕНТИНА,33
КОЙКА,35
КОЙНА,2
КОЙО,3
КОЙЧО,422
КОЛКА,29
КОЛО,3
КОЛЬО,2923
КОЛЮ,1248
КОЛЯ,4
КОМНЯ,26
КОНДА,3
КОНДИ,70
КОНДЬО,47
КОНДЮ,31
КОНО,2
КОНСТАНТИН,1251
КОНСТАНТИНА,61
КОПРИНКА,55
КОПЧО,43
КОРАЙ,2
КОРНЕЛИЯ,134
КОРУТЮРК,14
КОСАРА,13
КОСИ,4
КОСТА,1910
КОСТАДИН,7493
КОСТАДИНА,62
КОСТАДИНКА,491
КОСТАДИНЧО,13
КОСТАНТИН,6
КОСТАНТИНА,9
КОСТАС,14
КОСТЕ,47
КОСТО,90
КОСТОДИН,40
КОСТЯ,30
КОСЬО,100
КОСЮ,22
КОТО,23
КОЦЕ,27
КОЦИ,4
КОЦКА,3
КОЦО,76
КОЧО,2
КОЮ,14
КРАЙЧО,16
КРАЛИ,39
КРАЛИЦА,23
КРАЛЧО,21
КРАЛЬО,2
КРАЛЮ,6
КРАСА,56
КРАСЕН,526
КРАСЕНА,15
КРАСИ,15
КРАСИМ,13
КРАСИМИЛА,6
КРАСИМИР,16241
КРАСИМИРА,3318
КРАСИМИРКА,3
КРАСИНА,17
КРАСИНКА,4
КРАСТИН,8
КРАЯ,8
КРЕМА,32
КРЕМЕН,35
КРЕМЕНА,858
КРЕМЕНКА,3
КРИКОР,13
КРИСТАЛИНА,3
КРИСТИАН,263
КРИСТИАНА,50
КРИСТИН,65
КРИСТИНА,988
КРИСТИЯН,1017
КРИСТИЯНА,175
КРИСТО,25
КРИСТОФЪР,15
КРУМ,1226
КРЪСТАН,58
КРЪСТАНА,168
КРЪСТАНКА,15
КРЪСТАНЧО,46
КРЪСТЕМИРА,3
КРЪСТЕНА,14
КРЪСТИН,18
КРЪСТИНА,310
КРЪСТИНКА,147
КРЪСТО,78
КРЪСТЬО,713
КРЪСТЮ,957
КУБРАТ,33
КУДРЕТ,63
КУЕНТИН,3
КУЗМАН,218
КУЛА,4
КУЛИ,2
КУЛЬО,2
КУМАН,50
КУМАНА,23
КУМРИЕ,6
КУМЧО,20
КУНА,82
КУНДА,6
КУНИ,14
КУНКА,116
КУНЧО,198
КУНЬО,19
КУНЮ,20
КУПЕН,2
КУПРА,6
КУРБАН,78
КУРТИ,84
КУТИ,18
КУЦАР,25
КЪДРА,112
КЪДРИ,36
КЪДРИЕ,170
КЪДРИН,47
КЪДРИЯ,12
КЪДРУШКА,6
КЪДРЬО,37
КЪЗА,17
КЪЗИЕ,9
КЪЙМЕТ,370
КЪНА,5
КЪНАЙ,48
КЪНИ,4
КЪНЧО,832
КЪНЬО,87
КЪНЮ,56
КЮБРА,23
КЮРСИЕ,76
КЮРСИЯ,20
КЯБЕ,2
КЯЗИМ,857
КЯЗИМЕ,30
КЯЗЪМ,43
КЯМАЛ,23
КЯМИЛ,455
КЯМИЛЕ,87
КЯМРАН,64
КЯМУРАН,19
КЯНИЕ,50
КЯСИМ,3
КЯТИБЕ,28
КЯФИЕ,26
КЯХИНЕ,3
КЯШИФ,78
ЛАВА,5
ЛАДИСЛАВ,4
ЛАЗА,6
ЛАЗАР,1401
ЛАЗАРИН,62
ЛАЗАРИНА,141
ЛАЗАРИНКА,42
ЛАЗАРКА,2
ЛАЗАРЯН,3
ЛАЗО,17
ЛАЙОШ,33
ЛАКО,32
ЛАЛА,11
ЛАЛИ,10
ЛАЛКА,449
ЛАЛКО,78
ЛАЛО,23
ЛАЛЬО,146
ЛАЛЮ,198
ЛАМБИ,31
ЛАМБО,33
ЛАМБРИ,2
ЛАРИСА,18
ЛАРСЕН,19
ЛАТА,3
ЛАТИН,108
ЛАТИНА,44
ЛАТИНКА,284
ЛАТИФ,10
ЛАТКА,35
ЛАТЮ,19
ЛАФЕТ,2
ЛАЧЕЗАР,2
ЛАЧО,19
ЛЕБАЗИЕ,2
ЛЕБЕ,9
ЛЕБИБЕ,3
ЛЕВЕН,20
ЛЕВЕНТ,723
ЛЕВЗИН,2
ЛЕВКО,2
ЛЕВХИЕ,40
ЛЕВЧО,30
ЛЕВЯНТ,27
ЛЕДА,8
ЛЕДЕН,11
ЛЕЗИЕ,36
ЛЕЙЛА,119
ЛЕЙЛЕ,13
ЛЕЙЛЯ,324
ЛЕЙЛЯН,2
ЛЕКО,5
ЛЕЛФЕР,5
ЛЕМАН,529
ЛЕНА,118
ЛЕНИ,18
ЛЕНИН,2
ЛЕНКА,59
ЛЕНКО,133
ЛЕНУР,10
ЛЕНЧО,25
ЛЕОН,22
ЛЕОНАРД,4
ЛЕОНАРДО,14
ЛЕОНИД,215
ЛЕОНОРА,3
ЛЕРЗАН,8
ЛЕРИЗАН,26
ЛЕСКА,10
ЛЕТАФЕТ,6
ЛЕТВИЯ,3
ЛЕТИВ,6
ЛЕТИФ,190
ЛЕТКА,10
ЛЕТФЕР,6
ЛЕФТЕР,136
ЛЕФТЕРА,15
ЛЕХВИЕ,20
ЛЕХЛИБАР,6
ЛЕЧКО,22
ЛЕЧО,3
ЛИБАС,9
ЛИДА,5
ЛИДИЯ,1008
ЛИДКА,50
ЛИЗА,27
ЛИЛА,5
ЛИЛИ,204
ЛИЛИЯ,1079
ЛИЛИЯНА,17
ЛИЛКА,29
ЛИЛКО,81
ЛИЛО,128
ЛИЛЧО,3
ЛИЛЯН,113
ЛИЛЯНА,2309
ЛИЛЯНКА,5
ЛИМОНКА,34
ЛИНА,126
ЛИНКА,26
ЛИНКО,14
ЛИНОРКА,6
ЛИФАТ,3
ЛИЧКО,39
ЛИЧО,41
ЛИЯ,8
ЛОЗА,27
ЛОЗАН,94
ЛОЗАНА,22
ЛОЗАНКА,11
ЛОЗЕНА,63
ЛОЗИНА,3
ЛОЗИНКА,3
ЛОЗКА,13
ЛОЗКО,17
ЛОЗЮ,9
ЛОРА,403
ЛОРЕТА,31
ЛОТИ,7
ЛУИЗА,98
ЛУКА,124
ЛУКАН,104
ЛУКО,197
ЛУКРЕЦИЯ,13
ЛУЛА,2
ЛУЛКА,11
ЛУЛЧО,73
ЛУНА,8
ЛУЧАН,10
ЛУЧИАНО,13
ЛУЧКО,66
ЛУШКА,62
ЛЪЧЕЗАР,1213
ЛЮБА,332
ЛЮБЕН,2543
ЛЮБЕНА,12
ЛЮБИМА,62
ЛЮБИМКА,31
ЛЮБИНА,26
ЛЮБИНКА,31
ЛЮБИЦА,42
ЛЮБИША,40
ЛЮБКА,1206
ЛЮБМИЛА,3
ЛЮБО,35
ЛЮБОВ,31
ЛЮБОЗАР,3
ЛЮБОМИР,4809
ЛЮБОМИРА,295
ЛЮБОМИРИАН,2
ЛЮБОМИРКА,23
ЛЮБОСЛАВ,208
ЛЮБОСЛАВА,21
ЛЮБЧО,293
ЛЮДВИК,23
ЛЮДМИЛ,1643
ЛЮДМИЛА,1200
ЛЮЛЯНА,2
ЛЮНА,12
ЛЮСИЕЛА,16
ЛЮСИЕН,32
ЛЮТВА,6
ЛЮТВЕ,14
ЛЮТВИ,531
ЛЮТВИЕ,207
ЛЮТВИЯ,34
ЛЮТКА,13
ЛЮТФЕН,77
ЛЮТФИ,370
ЛЮТФИЕ,87
ЛЮТФИЯ,59
ЛЮЦА,2
ЛЮЦКАН,86
ЛЯДЖИВЕР,28
ЛЯТИФ,247
ЛЯТИФЕ,10
МАВЕР,2
МАВИДЕ,38
МАВИШ,2
МАВЛИНА,2
МАВРОДИ,7
МАВРУДА,27
МАГБОЛЕ,35
МАГБУЛЕ,61
МАГДА,223
МАГДАЛЕН,3
МАГДАЛЕНА,884
МАГДАЛИНА,72
МАГДАЛИНКА,3
МАГДБОЛЕ,6
МАГДЕЛИНА,31
МАДБУЛЕ,8
МАДЖИД,12
МАДЖИДЕ,36
МАДЖИТ,6
МАДЛЕН,40
МАДЛЕНА,8
МАЖДЕ,2
МАЖИДЕ,25
МАЗЕС,6
МАЗЛУМ,23
МАЗЯМ,30
МАЙДЕ,11
МАЙДЪН,27
МАЙЗЕР,47
МАЙКЪЛ,16
МАЙРАМ,6
МАЙСЕР,6
МАЙЯ,4
МАКАВЕЙ,17
МАКАРЕН,3
МАКБУЛЕ,49
МАКБУЛЯ,6
МАКЕДОНКА,36
МАКМУЛЕ,6
МАКО,28
МАКСИМ,309
МАКСИМИЛИЯН,35
МАКСУД,68
МАКСУН,8
МАКСУТ,54
МАЛАМКА,36
МАЛЕНА,41
МАЛЕНКА,21
МАЛЕНКО,85
МАЛЕШКО,17
МАЛИК,5
МАЛИМЕР,6
МАЛИН,492
МАЛИНА,249
МАЛИНКА,244
МАЛИХЕР,11
МАЛОМИР,7
МАЛТА,14
МАЛЧО,2
МАМУРИЕ,4
МАМУШ,6
МАНАСИЙ,33
МАНАХИЛ,18
МАНДА,3
МАНДИ,10
МАНКА,28
МАНО,30
МАНОЕЛ,46
МАНОЕЛА,8
МАНОИЛ,85
МАНОЙЛО,3
МАНОЛ,824
МАНОЛА,3
МАНУЕЛ,67
МАНУЕЛА,22
МАНУИЛ,2
МАНУШ,46
МАНЧО,183
МАНЬО,138
МАНЮ,75
МАРА,615
МАРГА,54
МАРГАРИТ,206
МАРГАРИТА,2692
МАРГАРИТКА,116
МАРГИТ,28
МАРГИЦА,14
МАРГО,3
МАРДИРОС,5
МАРЕК,29
МАРЕМ,7
МАРЕНКА,3
МАРИАН,740
МАРИАНА,1897
МАРИАНКА,97
МАРИЕЛ,2
МАРИЕЛА,720
МАРИЕТА,475
МАРИЕТКА,16
МАРИЖАКЛИН,14
МАРИЙ,3
МАРИЙКА,2600
МАРИЙЦА,4
МАРИКА,76
МАРИЛЕНА,2
МАРИН,6442
МАРИНА,1184
МАРИНЕЛА,188
МАРИНЕЛИ,15
МАРИНЕТА,23
МАРИНКА,204
МАРИНЧО,98
МАРИО,1022
МАРИОН,3
МАРИОНЕЛА,25
МАРИУС,9
МАРИФЕ,38
МАРИЦА,11
МАРИЯ,15109
МАРИЯМ,20
МАРИЯН,2054
МАРИЯНА,3160
МАРИЯНКА,74
МАРКО,932
МАРТА,21
МАРТИН,2737
МАРТИНА,232
МАРУСЯ,191
МАРУША,5
МАРУШКА,123
МАРХИМЕ,6
МАРЦИН,11
МАРЧЕЛ,10
МАРЧЕЛА,5
МАРЧО,358
МАРЬО,58
МАРЮ,18
МАРЯМ,4
МАРЯН,32
МАРЯНА,14
МАСАР,35
МАСЛИНКА,2
МАТА,73
МАТЕЙ,316
МАТЕЙЧО,3
МАТЕМ,21
МАТЕН,7
МАТЕЯ,56
МАТИЛДА,32
МАТКО,7
МАТО,28
МАТУМЕ,4
МАТЬО,176
МАТЮ,30
МАФИЗЕ,8
МАФУЗА,6
МАХИУБ,23
МАХИЯ,2
МАХМУД,907
МАХМУРЕ,31
МАХМУТ,74
МАХРЕМ,19
МАХТЕН,3
МАХТЮМЕ,27
МАЧО,32
МАША,51
МАЯ,1767
МЕВДЕТКА,6
МЕВДЖИХАН,3
МЕВЛИДА,27
МЕВЛИДИЕ,6
МЕВЛЮДЕ,2
МЕГИ,8
МЕГЛЕНА,54
МЕГЪН,19
МЕДАИН,3
МЕДВЕД,22
МЕДВЕТ,6
МЕДДИН,4
МЕДЕТ,5
МЕДЕХА,30
МЕДЖБУРИЕ,7
МЕДЖЕЛИБ,45
МЕДЖЕТИЛ,6
МЕДЖИД,95
МЕДЖИДЕ,8
МЕДЖИТ,168
МЕДЖНУН,110
МЕДИ,42
МЕДИЕ,67
МЕДИН,12
МЕДИНЕ,43
МЕДИХА,334
МЕДИЯН,4
МЕДУН,8
МЕДУНА,8
МЕДХАН,10
МЕЖДИ,12
МЕЖДИЕ,33
МЕЖДИН,18
МЕЖДУН,9
МЕЖЛЯ,5
МЕЖНУН,56
МЕЗИЕ,8
МЕЗИЛ,3
МЕЗИНЕ,5
МЕЙВАЗ,14
МЕЙВАС,6
МЕЙДИ,2
МЕЙДИН,8
МЕЙДУНУР,3
МЕЙКА,6
МЕЙЛИН,7
МЕЙРЕМ,34
МЕЙРЯМ,12
МЕЙСУД,2
МЕКЕИЛ,14
МЕЛДА,30
МЕЛЕГБЕР,31
МЕЛЕИМ,15
МЕЛЕК,55
МЕЛЕКБЕР,169
МЕЛЕКБЯР,17
МЕЛЕКШЕН,73
МЕЛЕХАТ,78
МЕЛИАТ,6
МЕЛИВАН,10
МЕЛИЗ,16
МЕЛИН,152
МЕЛИНДА,21
МЕЛИСА,23
МЕЛИХ,25
МЕЛИХА,1213
МЕЛИХАТ,139
МЕЛИЯ,6
МЕЛТЕМ,20
МЕЛТИН,7
МЕЛТЯМ,3
МЕЛХА,10
МЕЛЯ,5
МЕЛЯТ,118
МЕЛЯТА,6
МЕЛЯХАТ,19
МЕМДУ,51
МЕМДУХ,20
МЕМИН,6
МЕМИНЕ,2
МЕМИШ,64
МЕНА,2
МЕНДО,5
МЕНДУН,9
МЕНДУХА,48
МЕНЕВСИЕ,17
МЕНЕНТ,38
МЕНЗИЕ,3
МЕНЗЮМЕ,6
МЕНИАТ,6
МЕНИС,2
МЕНКА,66
МЕНКО,4
МЕНСИЕ,2
МЕНСУБИЕ,18
МЕНСУДЕ,5
МЕНУРЕ,6
МЕНХУБ,9
МЕНЧО,58
МЕРАЙ,2
МЕРАЛ,269
МЕРВИН,2
МЕРГЮЗ,6
МЕРГЮЗЕ,28
МЕРГЮЗЕЛ,40
МЕРГЮЛ,454
МЕРГЮС,11
МЕРДАН,12
МЕРДЖАН,4
МЕРДЖИН,3
МЕРДИЕ,275
МЕРДИН,37
МЕРДИЯ,29
МЕРДОАН,5
МЕРЕЛ,6
МЕРЕЛИН,21
МЕРЗУКА,3
МЕРИ,23
МЕРИЕМ,177
МЕРИЛИН,3
МЕРИМЕ,9
МЕРИН,29
МЕРИЯМ,18
МЕРИЯН,31
МЕРЙЕМ,75
МЕРКАН,2
МЕРКИЕ,6
МЕРЛИН,64
МЕРСИЕ,71
МЕРСИН,55
МЕРТ,34
МЕРТИН,25
МЕРТКАН,90
МЕРТУНЕ,6
МЕРХАН,6
МЕРЯМЕ,6
МЕРЯН,10
МЕСЛАН,20
МЕСЛЮМЕ,6
МЕСЛЯН,6
МЕСНУР,3
МЕСРУ,49
МЕСРУРЕ,2
МЕСТАН,307
МЕСТЮРЕ,11
МЕСУД,58
МЕСУДЕ,20
МЕСУРЕ,34
МЕСУРИЕ,6
МЕСУТ,451
МЕТААНЕТ,3
МЕТЕ,23
МЕТИЕ,5
МЕТИН,2056
МЕТИЯ,29
МЕТОДИ,2487
МЕТОДИЙ,39
МЕТОДИЯ,3
МЕТХАН,3
МЕТХИ,28
МЕФАРЕТ,5
МЕФТЮНЕ,6
МЕФУН,5
МЕХДАРЕ,22
МЕХДИ,3
МЕХИДЕ,2
МЕХИЗЕ,37
МЕХЛИБАР,34
МЕХМЕД,16506
МЕХМЕДАЛИ,634
МЕХМЕДАМИН,27
МЕХМЕДЕМИН,184
МЕХМЕДФИКРИ,11
МЕХМЕТ,183
МЕХНИДИН,7
МЕХНУР,101
МЕХНУРИЕТ,3
МЕХРЕМ,11
МЕХРЕМА,53
МЕХРЕМКА,12
МЕХРИБАН,81
МЕХРИДЖАН,6
МЕХРИЕ,6
МЕХРУН,6
МЕХСУДИЕ,12
МЕХТИ,40
МЕХТУН,8
МЕЧМЕДИН,5
МЕШУРЕ,6
МЕШЮДЕ,34
МЕЯМ,25
МЕЯТИН,17
МИГЛЕН,34
МИГЛЕНА,1093
МИГРЕН,8
МИГРИЕ,45
МИДАН,2
МИДХАТ,9
МИЗАН,5
МИЙРЕМ,400
МИЙРЯМ,106
МИКАЕЛА,13
МИКАИЛ,2
МИКЕЛЕ,35
МИКО,54
МИКУЛАШ,32
МИЛА,72
МИЛАДИН,153
МИЛАДИНКА,26
МИЛАН,582
МИЛАНА,6
МИЛАНКА,113
МИЛАТИН,3
МИЛВА,16
МИЛВЕНА,8
МИЛДЕТ,6
МИЛЕ,92
МИЛЕВКА,2
МИЛЕН,5059
МИЛЕНА,3828
МИЛЕНКА,60
МИЛЕНКО,66
МИЛЕРА,10
МИЛЕТИ,7
МИЛИАН,6
МИЛИАТКА,11
МИЛИЕ,3
МИЛИКИЕ,6
МИЛИФОН,3
МИЛИЦА,108
МИЛИЯН,6
МИЛИЯС,6
МИЛИЯТКА,17
МИЛКА,1650
МИЛКАНА,24
МИЛКИБАР,49
МИЛКО,2097
МИЛМИНЕ,8
МИЛОВАН,8
МИЛОЗИН,5
МИЛОЗИНА,2
МИЛОРОСКА,2
МИЛОСЛАВ,188
МИЛОСЛАВА,19
МИЛОТИН,32
МИЛОТИНКА,2
МИЛОШ,35
МИЛТАН,10
МИЛТАНА,56
МИЛУШ,22
МИЛУШКА,23
МИЛЧО,1809
МИЛЬО,130
МИЛЮ,163
МИЛЯЗИМ,13
МИЛЯТ,16
МИЛЯТА,12
МИЛЯТКА,20
МИМА,319
МИМАН,3
МИМЕДАЛИ,4
МИМИ,145
МИМИН,4
МИМИНЕ,10
МИМОЗА,2
МИНА,275
МИНАЕВЕР,5
МИНАЗ,8
МИНАС,9
МИНАСИЕ,2
МИНДА,2
МИНДО,2
МИНДЮ,2
МИНЕВЕР,121
МИНЕВЕРА,15
МИНЕВЕРКА,11
МИНЕВИР,47
МИНЕВЯР,6
МИНЕРИЯ,6
МИНЕС,10
МИНИВЕР,19
МИНИРЕ,36
МИНИРИЕ,9
МИНИРИЯ,2
МИНКА,1606
МИНКО,614
МИННАЗ,37
МИННЕТ,55
МИНЧО,1693
МИНЬО,61
МИНЮ,6
МИРА,27
МИРАН,7
МИРВИЕ,6
МИРЕЛ,8
МИРЕЛА,178
МИРЕЛЛА,2
МИРЕМ,492
МИРЕМА,18
МИРЕМКА,6
МИРЕН,26
МИРЕНА,90
МИРИЕМА,6
МИРИШ,32
МИРКА,60
МИРКАН,6
МИРКО,37
МИРО,6
МИРОДИЯ,6
МИРОЛЮБ,99
МИРОН,46
МИРОНА,2
МИРОНКА,3
МИРОСЛАВ,6128
МИРОСЛАВА,816
МИРЧО,554
МИРЮ,4
МИРЯМ,81
МИРЯН,4
МИРЯНА,12
МИСЛА,6
МИСЛИ,6
МИСЛИМЕ,12
МИСУТ,2
МИСЮНЕ,6
МИТА,56
МИТАН,2
МИТАНА,4
МИТАТ,100
МИТКА,615
МИТКО,7135
МИТО,69
МИТОН,35
МИТРА,351
МИТРЕ,6
МИТРО,4
МИТРЬО,4
МИТХАТ,86
МИТЬО,320
МИТЮ,278
МИХАЕЛ,78
МИХАЕЛА,494
МИХАИЛ,4956
МИХАИЛА,6
МИХАЙЛ,132
МИХАЙЛО,9
МИХАЛ,584
МИХАЛА,5
МИХАЛЕНА,24
МИХАЛИНА,19
МИХАТ,5
МИХЛИБАН,3
МИХНИ,43
МИХНЮ,2
МИХО,161
МИХРЕМ,6
МИХРЕМА,18
МИХРИДЖАН,16
МИЧКА,7
МИЧО,59
МИШЕЛ,4
МИШО,154
МИЯСЕ,15
МЛАДЕН,3471
МЛАДЕНА,6
МЛАДЕНКА,70
МОАМЕР,30
МОАРЕМ,34
МОДИН,4
МОЙО,39
МОЙСЕЙ,59
МОМКА,26
МОМЧИЛ,894
МОМЧО,28
МОНИ,84
МОНИКА,561
МОНКА,18
МОНО,17
МОНЧО,3
МОНЬО,108
МОНЮ,11
МОРРИС,2
МОРФА,14
МОСКО,99
МОХАМЕД,608
МОХАМЕР,29
МОХАРЕМ,201
МУАВНИ,5
МУАЗЕС,63
МУАЗЗЕЗ,2
МУАЗЗЕС,51
МУАМЕР,6
МУДИН,9
МУЗАЙФЕ,4
МУЗАФЕР,244
МУЗАФФЕР,17
МУИДИН,13
МУЙДИН,3
МУЙСИН,10
МУКАДДЕС,4
МУКАДЕР,59
МУКАДЕС,151
МУКАДИС,10
МУКАТЕЗ,2
МУКАТЕР,6
МУКАТЕС,55
МУКСИН,18
МУЛСИНЕ,3
МУНАФЕР,6
МУРАД,790
МУРАДИЕ,328
МУРАДИЯ,11
МУРАДФЕЙЗИ,3
МУРАТ,63
МУРСЕЛ,6
МУРТАЗА,20
МУСА,2517
МУСАМБРИЕ,6
МУСАМЕР,2
МУСАФЕ,11
МУСАФЕТ,9
МУСАФЯ,21
МУСЕИН,4
МУСИН,140
МУСИНЕ,3
МУСТАН,39
МУСТАФА,13719
МУТАЛИБ,95
МУТАЛИП,28
МУТАХЕР,12
МУТИШ,3
МУТЛУ,71
МУФТАФЕР,4
МУХАДЕТ,6
МУХАМЕД,147
МУХАМЕДАЛИ,19
МУХАМЕР,55
МУХАМЕРИЕ,6
МУХАММЕД,58
МУХАММЕТ,29
МУХАРЕМ,201
МУХИДИН,75
МУХЛИС,50
МУХСИН,75
МУХСИНЕ,6
МУХТИНАР,6
МУЦКО,6
МУШАНКА,12
МЪНЮ,36
МЪСТЪН,63
МЮБЕДЖАН,9
МЮБЕДЖЕЛ,20
МЮБЕИР,11
МЮБЕЙЯ,17
МЮБЕЙЯН,3
МЮБЕЛЯ,8
МЮБЕРА,88
МЮБЕСЕЛ,11
МЮБЕЯ,2
МЮБЕЯН,21
МЮБИЯ,6
МЮБРЕДИН,29
МЮВДЕТ,3
МЮВЕДДЕТ,3
МЮВЛЮДЕТ,5
МЮДДЕТ,6
МЮДЖАИБ,2
МЮДЖАИД,10
МЮДЖАИТ,10
МЮДЖАЙТИН,17
МЮДЖАТИН,8
МЮДЖАФЕТИН,3
МЮДЖЕВЕР,28
МЮДЖЕЙТИН,4
МЮДЖЕЛИБ,38
МЮДЖЕЛИД,12
МЮДЖЕЛИК,4
МЮДЖЕЛИТ,4
МЮДЖЕТИН,2
МЮЖГЕН,34
МЮЖГЯН,281
МЮЖДАТ,58
МЮЖДЕТ,4
МЮЖЛЯН,5
МЮЗАФЕР,24
МЮЗЕАНА,9
МЮЗЕЕМ,31
МЮЗЕЕН,38
МЮЗЕИН,69
МЮЗЕЙЕН,39
МЮЗЕЙКЯ,2
МЮЗЕЙН,12
МЮЗЕЙФЕ,3
МЮЗЕКЕР,36
МЮЗЕКЯ,2
МЮЗЕКЯР,31
МЮЗЕЛИНА,3
МЮЗЕЛИФ,39
МЮЗЕФЕР,30
МЮЗЕЯ,8
МЮЗЕЯМ,79
МЮЗЕЯН,51
МЮЙМЮН,40
МЮКЕРЕМ,36
МЮКЕРЯМ,55
МЮКРЕН,2
МЮЛКИЕ,47
МЮЛКИЯ,17
МЮЛКЮШЕ,8
МЮЛФИДИН,2
МЮМИН,14
МЮМИНЕ,13
МЮМЮН,5748
МЮМЮНАЛИ,317
МЮМЮНЕ,1350
МЮМЮНЕМИН,3
МЮМЮНЯ,2
МЮНЕВЕР,203
МЮНЕВИР,10
МЮНЕДЖИЕ,30
МЮНЕДЖИЯ,23
МЮНЕР,19
МЮНИВЕР,3
МЮНИР,54
МЮНЮВЕР,18
МЮНЮР,29
МЮНЮРЕ,3
МЮНЮРИЕ,2
МЮРБАН,13
МЮРВЕДИН,29
МЮРВЕН,2
МЮРВЕТ,235
МЮРЕДИЕ,6
МЮРЕДИН,2
МЮРЕН,6
МЮРИБАН,5
МЮРИФЕ,202
МЮРСЕЛ,150
МЮРСЕЛИН,5
МЮРСЕТ,11
МЮРФЕ,72
МЮРФЕЛ,3
МЮРФЕТ,17
МЮРХЕТИН,2
МЮРШЕН,17
МЮРЮДЕ,6
МЮРЮФЕ,66
МЮРЮФЕТ,6
МЮСА,8
МЮСЕ,38
МЮСЕБИЕ,21
МЮСЕИН,8
МЮСЕЛИМ,40
МЮСЕММЕ,3
МЮСИРЕТ,2
МЮСКЮРЕ,4
МЮСЛЮМ,23
МЮСРЕД,12
МЮСРЕФ,37
МЮСТАХИБ,26
МЮСТЕДЖЕБ,86
МЮСТЕЖЕБ,3
МЮСФЕР,34
МЮСФЕТ,2
МЮТЕБЕР,5
МЮТЯБЕР,17
МЮФРИЕ,6
МЮХЕДЕТ,9
МЮХРАН,8
МЮХРИБАН,7
МЮХТЕБЕР,79
МЮХТЕИБ,6
МЮХТЕРЕМ,5
МЮШИДЕ,6
МЯМИШ,8
НААЗИМ,20
НААЗИФ,37
НААКИФ,6
НААСИЕ,22
НААФИС,3
НАБИ,2
НАБИЕ,30
НАВИД,6
НАВИТ,6
НАГИП,6
НАГИХАН,28
НАГИЯН,9
НАДА,58
НАДАЛИ,12
НАДАЛИНА,3
НАДЕ,6
НАДЕЖДА,2323
НАДЕЖДЮ,4
НАДЕЙКА,6
НАДЕЛИНА,37
НАДЕЯ,3
НАДЖЕ,27
НАДЖЕМИ,5
НАДЖИ,302
НАДЖИБЕ,142
НАДЖИД,2
НАДЖИЕ,1326
НАДЖИМИ,11
НАДЖИЯ,40
НАДЗИФЕ,8
НАДИ,11
НАДИГЯР,9
НАДИДЕ,11
НАДИЕ,470
НАДИЛЕ,12
НАДИМ,2
НАДИХАН,5
НАДКА,1658
НАДКО,23
НАДЛЯН,2
НАДРИЕ,337
НАДРИЙЕ,8
НАДЪР,20
НАДЯ,1186
НАЗГЮЛ,8
НАЗЕГЮЛ,36
НАЗЕЛ,8
НАЗЕЛДЕ,2
НАЗЕНДЕ,14
НАЗИ,26
НАЗИБИЕ,12
НАЗИГЕР,7
НАЗИЕ,81
НАЗИЙФЕ,6
НАЗИК,4
НАЗИКЕ,97
НАЗИЛЕ,468
НАЗИМ,491
НАЗИМЕ,12
НАЗИНЕ,28
НАЗИРЕ,34
НАЗИФ,889
НАЗИФЕ,865
НАЗИФЯ,4
НАЗИЯ,33
НАЗЛЕ,2
НАЗЛИЕ,6
НАЗЛЪ,21
НАЗМЕДИН,30
НАЗМИ,778
НАЗМИЕ,983
НАЗМИШ,28
НАЗМИЯ,115
НАЗЪМ,292
НАИД,32
НАИЛ,163
НАИЛЕ,2
НАИМ,660
НАИМЕ,58
НАИТ,119
НАЙДА,35
НАЙДЕ,43
НАЙДЕН,1307
НАЙДЕНА,6
НАЙДЕНКА,36
НАЙДЮ,79
НАЙЛА,21
НАЙЛЕ,950
НАЙЛИЕ,8
НАЙЛУШ,8
НАЙЛУША,19
НАЙЛУШКА,6
НАЙЛЯ,38
НАЙЛЯН,9
НАЙМ,2
НАЙМЕ,670
НАЙЧО,24
НАКЕ,3
НАКИБЕ,6
НАКИЕ,11
НАКО,43
НАЛЯН,4
НАНИ,67
НАНКА,98
НАНКО,250
НАНО,9
НАНСИ,6
НАНЧО,39
НАНЬО,156
НАНЮ,60
НАРБЕЯЗ,5
НАРБИЕ,61
НАРГИЛЕ,25
НАРГИС,65
НАРГЮЛ,60
НАРГЮЛЯР,6
НАРИЕ,56
НАРИН,47
НАРКАДЪН,14
НАРКЪС,8
НАСА,18
НАСИБЕ,64
НАСИЕ,107
НАСИМ,12
НАСИФЕ,11
НАСИЯ,6
НАСКА,46
НАСКО,1179
НАСПИ,2
НАСТЕН,29
НАСТЕНКА,15
НАСТЯ,30
НАСУРЛА,8
НАСУФ,317
НАСЪФ,155
НАСЯ,46
НАТАЛИ,35
НАТАЛИЯ,1295
НАТАША,327
НАТАШКА,7
НАТИКЕ,20
НАТФАЛИ,6
НАТЪК,6
НАУМ,104
НАФИ,3
НАФИЕ,96
НАФИЗЕ,55
НАФИСЕ,3
НАФИЯ,6
НАХИД,60
НАХИДЕ,6
НАХИЛЕ,3
НАЧКО,163
НАЧО,298
НАШИД,18
НАШИДЕ,20
НЕАДЖИ,3
НЕАЗИ,74
НЕБАЕТ,80
НЕБАИН,24
НЕБАЙДИН,31
НЕБАТ,96
НЕБАТИЕ,25
НЕБАТКА,6
НЕБАХАД,10
НЕБАХАТ,115
НЕББЕ,6
НЕББИ,32
НЕБЕЯ,6
НЕБИ,41
НЕБИБЕ,424
НЕБИЕ,222
НЕБИЛЕ,3
НЕБИН,2
НЕБИХА,15
НЕБИХАТ,11
НЕБИШ,56
НЕБИЯ,71
НЕВАДИ,5
НЕВАСИЕ,2
НЕВАТ,39
НЕВАТИН,44
НЕВБЕР,3
НЕВГИН,14
НЕВГЮЛ,57
НЕВДЕТ,17
НЕВДЕТКА,6
НЕВДЖИВАН,40
НЕВДЖИХАН,2
НЕВЕЗЕ,6
НЕВЕЛ,14
НЕВЕЛИН,23
НЕВЕЛИНА,110
НЕВЕН,136
НЕВЕНА,1333
НЕВЕНКА,86
НЕВЕНКО,14
НЕВЕСАР,6
НЕВЗАД,54
НЕВЗАТ,484
НЕВЗЕ,59
НЕВЗЕР,6
НЕВЗЕТИН,2
НЕВЗИ,27
НЕВЗИЕ,2
НЕВЗИЯ,2
НЕВИЕ,9
НЕВИЗЕ,3
НЕВИМ,72
НЕВИН,522
НЕВИСЕ,6
НЕВИЯ,2
НЕВКА,49
НЕВЛИДЖИВАН,3
НЕВРАТ,27
НЕВРЕС,11
НЕВРИ,27
НЕВРИЕ,1353
НЕВРИЗА,6
НЕВРИЗЕ,6
НЕВРИЗКА,6
НЕВРИЯ,59
НЕВСЕ,335
НЕВСЕТ,38
НЕВСЕЯ,6
НЕВСИЕ,6
НЕВЦЕ,2
НЕВЯН,87
НЕВЯНА,140
НЕВЯНКА,20
НЕГВЕН,28
НЕГРЕТКА,7
НЕДА,184
НЕДАЕТ,3
НЕДАТ,8
НЕДАФЕТ,6
НЕДЕЛИН,34
НЕДЕЛИНА,80
НЕДЕЛКА,65
НЕДЕЛКО,139
НЕДЕЛЧО,1384
НЕДЕЛЬО,24
НЕДЕЛЯ,133
НЕДЕН,8
НЕДЖААСИН,6
НЕДЖААТИ,33
НЕДЖАД,6
НЕДЖАИП,14
НЕДЖАН,2
НЕДЖАТ,515
НЕДЖАТИ,402
НЕДЖАТИН,514
НЕДЖАТТИН,11
НЕДЖАХАТТИН,52
НЕДЖАХТИН,77
НЕДЖБИ,11
НЕДЖБИДИН,14
НЕДЖЕЙТИН,10
НЕДЖЕМИ,34
НЕДЖЕТ,46
НЕДЖЕТИН,8
НЕДЖИАТИВ,2
НЕДЖИБ,325
НЕДЖИБЕ,469
НЕДЖИВАН,18
НЕДЖИЕ,116
НЕДЖИЙБЕ,28
НЕДЖИЛ,23
НЕДЖИЛЯ,79
НЕДЖИМЕ,13
НЕДЖИМИ,86
НЕДЖИМИДИН,7
НЕДЖИМИХ,6
НЕДЖИП,159
НЕДЖЛЯ,77
НЕДЖМЕДИН,65
НЕДЖМЕТИН,89
НЕДЖМИ,591
НЕДЖМИДИН,280
НЕДЖМИЕ,305
НЕДЖМИТИН,42
НЕДЖМИЯ,68
НЕДЖОБЕ,6
НЕДЖУБЕ,23
НЕДЖУМИ,27
НЕДИ,21
НЕДИЕ,6
НЕДИЙМЯ,10
НЕДИМ,283
НЕДИМЕ,14
НЕДИРЕТ,6
НЕДИХА,3
НЕДКА,803
НЕДКО,1206
НЕДРЕД,56
НЕДРЕТ,670
НЕДРИ,4
НЕДРИЕ,66
НЕДЬО,161
НЕДЮ,50
НЕДЯЛКА,2117
НЕДЯЛКО,1691
НЕДЯЛЧО,4
НЕЖАН,23
НЕЖАТ,38
НЕЖАТИН,14
НЕЖГЯН,14
НЕЖДА,10
НЕЖДАН,29
НЕЖДАТ,6
НЕЖДЕТ,1244
НЕЖДИ,56
НЕЖДИЕ,58
НЕЖДИН,18
НЕЖДИХА,6
НЕЖДИЯ,10
НЕЖИАТИ,9
НЕЖИЛЯ,2
НЕЖЛА,55
НЕЖЛЯ,268
НЕЖМЕДИН,38
НЕЖМЕТ,2
НЕЖМЕТИН,16
НЕЖМИ,21
НЕЖМИДИН,2
НЕЖМИЕ,2
НЕЗАБРАВКА,95
НЕЗАЕТ,56
НЕЗАМЕДИН,6
НЕЗАТ,12
НЕЗАТИЕ,2
НЕЗАХАТ,55
НЕЗЕТ,19
НЕЗИ,27
НЕЗИДАН,18
НЕЗИДЕ,5
НЕЗИЕ,16
НЕЗИКЕ,6
НЕЗИЛЕ,5
НЕЗИМ,36
НЕЗИР,128
НЕЗИРЕ,28
НЕЗИФ,3
НЕЗИФЕ,57
НЕЗИХА,578
НЕЗИХАТ,13
НЕЗИЯ,7
НЕЗМИ,14
НЕЗМИЕ,5
НЕЗРИЕ,15
НЕЙДЕ,2
НЕЙДИН,13
НЕЙЗИР,6
НЕЙКА,57
НЕЙКО,452
НЕЙЛИВЕР,6
НЕЙЛИН,10
НЕЙМЕ,6
НЕЙМЕТ,2
НЕЙРЕ,6
НЕЙСИМ,6
НЕЙЧО,198
НЕКИБЕ,19
НЕЛА,220
НЕЛИ,2233
НЕЛИМАН,49
НЕЛИН,36
НЕЛИФЕР,48
НЕЛКА,122
НЕЛКО,24
НЕЛЧО,48
НЕМЗАТ,6
НЕНКА,278
НЕНКО,599
НЕНО,371
НЕНЧО,461
НЕОФИТ,102
НЕПЕ,6
НЕППЕ,37
НЕРАЙ,10
НЕРАНЗА,2
НЕРБИС,6
НЕРВИН,6
НЕРГИН,23
НЕРГИС,50
НЕРГЮЗЕ,100
НЕРГЮЗЕЛ,13
НЕРГЮЛ,53
НЕРГЮН,45
НЕРДЖАН,41
НЕРДЖИВАН,5
НЕРДИТ,30
НЕРДИЯН,6
НЕРЕЙМАН,26
НЕРЗАН,6
НЕРЗАТ,28
НЕРИЙМАН,3
НЕРИМАН,940
НЕРМАН,40
НЕРМАНА,19
НЕРМЕ,6
НЕРМЕДИН,6
НЕРМИ,126
НЕРМИДИН,70
НЕРМИЕ,45
НЕРМИН,450
НЕРСИН,8
НЕРУН,8
НЕРФАН,6
НЕРХАН,34
НЕСИБЕ,501
НЕСИБЯ,5
НЕСИЕ,41
НЕСИМ,2
НЕСИМЕ,4
НЕСИН,5
НЕСИП,12
НЕСИРИЯ,8
НЕСКА,2
НЕСЛАН,23
НЕСЛИ,17
НЕСЛИН,2
НЕСЛИХАН,19
НЕСЛЯН,22
НЕСРИЕ,3
НЕСРИН,366
НЕСТОР,119
НЕТКА,52
НЕФАРИЕ,9
НЕФИДЕ,174
НЕФИЕ,105
НЕФИЗ,31
НЕФИЗЕ,1266
НЕФИЙЗЕ,3
НЕФИЙСЕ,6
НЕФИРЕ,6
НЕФИСЕ,254
НЕФИЯ,9
НЕФСЕ,70
НЕФСЕЯ,16
НЕФСИЕ,12
НЕФТАЛИМ,2
НЕФТАЛИМА,43
НЕФТИ,10
НЕФТИН,32
НЕХАТ,180
НЕХИБЕР,2
НЕХИДЕ,28
НЕХИМЕ,11
НЕХИРЕ,50
НЕХРИБАН,15
НЕХРУН,35
НЕЦА,19
НЕЦКО,27
НЕЧДИЕ,29
НЕЧКО,16
НЕЧО,43
НЕША,21
НЕШАД,29
НЕШЕ,170
НЕШЕВЕР,2
НЕШЕД,103
НЕШЕТ,86
НЕШИДЕ,8
НЕШКА,36
НЕШКО,6
НЕШО,383
НИАЗИ,170
НИАЗЪ,6
НИВЕЛИНА,10
НИГЕР,16
НИГЯР,158
НИДА,56
НИДЖААТИ,8
НИДЖЕТ,6
НИДЯЛКА,6
НИЕЗИ,6
НИЗАМ,6
НИЗАМИ,46
НИЙМЕТУЛЛА,3
НИК,4
НИКИ,28
НИКИТ,25
НИКИТА,11
НИКИФОР,219
НИКО,143
НИКОДИМ,39
НИКОДИМЧО,22
НИКОЛ,112
НИКОЛА,10314
НИКОЛАЙ,29418
НИКОЛАЙЧО,181
НИКОЛАОС,8
НИКОЛАС,9
НИКОЛАЯ,2
НИКОЛЕТ,32
НИКОЛЕТА,263
НИКОЛЕТКА,13
НИКОЛИНА,1955
НИКОЛИНКА,1080
НИКОЛИЧКА,3
НИКУЛА,32
НИЛГИН,23
НИЛГЮЛ,11
НИЛГЮН,33
НИЛФЕР,29
НИЛЮФЕР,52
НИЛЮФЯР,20
НИЛЯЙ,13
НИМЕТ,8
НИНА,1471
НИНКО,4
НИНО,58
НИНЧО,2
НИРАЙ,6
НИРГЮЛ,2
НИСТОР,7
НИФСЕЯ,6
НИХАД,21
НИХАЛ,58
НИХАН,34
НИХАТ,994
НИХЕДИМ,2
НИЦА,24
НИЧАЙ,3
НИЧЕР,31
НИШИДЕ,7
НИЯ,45
НИЯЗИ,637
НИЯЗИР,4
НИЯР,5
НОВАК,5
НОВЕЛИН,49
НОВКА,7
НОВМАН,12
НОЙКО,4
НОНА,80
НОНКА,196
НОНЧО,114
НОНЬО,5
НОРА,228
НОРКА,70
НОРСЕН,25
НУДРЕТ,12
НУЗУЛИ,6
НУЛЮФЕР,3
НУНЧО,9
НУРАДИЕ,13
НУРАЕТ,15
НУРАЙ,692
НУРАЙДЪН,2
НУРАЛ,20
НУРАН,64
НУРБЕН,9
НУРБИН,86
НУРВЕТ,7
НУРГИН,20
НУРГЮЗЕЛ,8
НУРГЮЛ,334
НУРГЮН,30
НУРГЯН,7
НУРДАГЮЛ,3
НУРДАН,5
НУРДАНЕ,39
НУРДЕНИЗ,15
НУРДЖАН,258
НУРДЖАНА,6
НУРДЖЕЙ,9
НУРДЖИВАН,3
НУРДЖИХАН,542
НУРДЖИЯ,9
НУРДИН,24
НУРДОАН,6
НУРДУВАН,38
НУРЕДИН,105
НУРЕДТИН,15
НУРЕЛ,81
НУРЕТИН,22
НУРЕТТИН,27
НУРЖАН,29
НУРЖИХАН,6
НУРЗЕТ,2
НУРИ,979
НУРИГЮЛ,3
НУРИДИН,288
НУРИЕ,712
НУРИТДИН,4
НУРИТИН,47
НУРИТТИН,3
НУРИЯ,63
НУРКАСИМ,8
НУРКИЯН,6
НУРЛАН,2
НУРМЕН,2
НУРОЛ,6
НУРСЕВЕЛ,27
НУРСЕВЕН,14
НУРСЕВЕР,25
НУРСЕВИМ,10
НУРСЕЛ,153
НУРСЕМА,6
НУРСЕН,63
НУРСЕРЕН,6
НУРСЕС,7
НУРСЕТ,37
НУРСИН,2
НУРТЕН,656
НУРТИН,311
НУРТЯН,3
НУРУЛА,10
НУРУЛЛА,2
НУРФЕТ,9
НУРХАЕТ,2
НУРХАН,553
НУРХАЯТ,75
НУРХЕТ,8
НУРЧАЙ,4
НУРШАТ,6
НУРШЕН,173
НУРШИН,6
НУСИН,33
НУТВИЕ,12
НУТИЕ,71
НУТФИ,15
НУТФИЕ,29
НУТФИЯ,19
НУФ,5
НУФЕЛ,12
НУФИЛ,62
НУХ,7
НУХАН,6
НУХИН,2
НУХИТТИН,7
НУХРИДИН,9
НУХТЕМ,8
НУХТИЕ,14
НУША,20
НУШЕ,22
НУШИЕ,6
НУШКА,3
НЮКЕТ,14
НЮЛФЕР,11
НЮЛЮВЕР,6
НЮРА,10
НЮРГЮЛ,26
НЮРИ,13
НЮРИДИН,2
НЮРИЕ,4
НЮРМИ,13
НЮРТЕНА,6
НЮРТИЕ,30
НЮРТЯН,6
НЮСРИЕ,6
НЮТВИЕ,3
НЮТФИЯ,2
НЮХ,6
НЯГОЛ,26
ОБРЕТЕН,5
ОБРЕТКО,6
ОГНЕМИРА,31
ОГНЯН,1938
ОГНЯНА,10
ОГЮН,7
ОЖГЮЛ,12
ОЗАН,10
ОЗГЮР,6
ОЗДЖАН,2
ОЗЧАН,2
ОКАЙ,3
ОКАН,36
ОКТАЙ,424
ОКШЕН,8
ОЛГА,363
ОЛДЖАЙ,13
ОЛЕГ,446
ОЛЕСЯ,18
ОЛЧАЙ,136
ОЛЯ,57
ОНУР,109
ОНЧО,6
ОРАЛ,3
ОРБАЙ,2
ОРКЯН,6
ОРЛИН,456
ОРФАН,23
ОРФЕЙ,6
ОРФЕТА,13
ОРХАН,2313
ОРХАНИЕ,8
ОСКАН,2
ОСМАН,3717
ОСМАНАЛИ,3
ОСМАНЖЕВАТ,19
ОФЕЛИЯ,36
ОФИ,2
ОШНУТ,28
ПААКИЗЕ,6
ПАВЕЛ,3824
ПАВЕЛИНА,6
ПАВЕЛКА,37
ПАВКО,36
ПАВЛА,12
ПАВЛЕТА,72
ПАВЛИ,52
ПАВЛИН,1392
ПАВЛИНА,2086
ПАВЛИНКА,432
ПАВУНА,7
ПАЗИР,2
ПАКИЗЕ,377
ПАЛМИР,36
ПАМЕЛА,90
ПАНА,16
ПАНАЙОТ,1265
ПАНАЙОТА,13
ПАНАЙОТКА,49
ПАНАЮ,44
ПАНАЯ,24
ПАНДЕ,6
ПАНДЕЛИ,11
ПАНДЕЛИЯ,11
ПАНЕ,3
ПАНКА,58
ПАНКО,45
ПАНО,51
ПАНТАЛЕЙ,13
ПАНТАЛЕЙМОН,27
ПАНТЕЛЕЙ,102
ПАНТЕЛЕЙМОН,2
ПАНТО,4
ПАНЧО,562
ПАНЬО,37
ПАНЮ,6
ПАОЛА,41
ПАОЛИН,17
ПАОЛИНА,99
ПАПИ,2
ПАРАКИН,2
ПАРАКИНА,2
ПАРАСКЕВ,12
ПАРАСКЕВА,331
ПАРАШКА,2
ПАРАШКЕВ,18
ПАРАШКЕВА,72
ПАРИЗИАНА,2
ПАРУШ,117
ПАРУШКА,14
ПАСКАЛ,268
ПАСКО,103
ПАСХОС,9
ПАТИШКА,6
ПАТУША,6
ПАУЛА,25
ПАУЛИНА,125
ПАУН,82
ПАУНА,22
ПАУНКА,42
ПАУТАЛИЯ,19
ПАЦА,17
ПАЧО,21
ПАША,14
ПАШО,11
ПЕДИРИЕ,3
ПЕДРИ,33
ПЕДРИЕ,544
ПЕДРИЯ,33
ПЕЙКО,65
ПЕЙО,222
ПЕЙЧО,337
ПЕКО,6
ПЕЛАГИЯ,20
ПЕМБА,57
ПЕМБЕ,124
ПЕМБЕГЮЛ,81
ПЕМБИЕ,8
ПЕМПЕ,81
ПЕНА,360
ПЕНЕ,3
ПЕНИ,48
ПЕНКА,4185
ПЕНКО,984
ПЕНО,47
ПЕНЧО,1750
ПЕНЬО,498
ПЕНЮ,371
ПЕПА,588
ПЕПИ,100
ПЕПКА,6
ПЕПО,42
ПЕРВАН,6
ПЕРВИН,60
ПЕРИХАН,85
ПЕРКА,30
ПЕРКО,10
ПЕРСИГ,3
ПЕРСИНА,6
ПЕРСИЯ,15
ПЕРУНА,6
ПЕРУНИКА,15
ПЕРУНКА,38
ПЕРХАН,6
ПЕТИНА,2
ПЕТИНКА,23
ПЕТКА,241
ПЕТКАН,6
ПЕТКАНА,235
ПЕТКО,7440
ПЕТРА,575
ПЕТРАКИ,7
ПЕТРАНА,668
ПЕТРАНКА,1055
ПЕТРИНКА,6
ПЕТРИЯ,2
ПЕТРОМИЛ,5
ПЕТРОМИР,46
ПЕТРОНКА,7
ПЕТРОСЛАВ,13
ПЕТРУН,4
ПЕТРУНА,33
ПЕТРУНКА,166
ПЕТРУНКО,2
ПЕТРУША,5
ПЕТРУШКА,22
ПЕТЪР,24069
ПЕТЬО,1478
ПЕТЮ,69
ПЕТЯ,4411
ПЕЦА,24
ПЕЦИ,26
ПЕША,7
ПЕШКА,12
ПЕШО,115
ПЕЮ,159
ПИЕР,57
ПИЕРИНО,3
ПИМБА,6
ПИМБЕ,6
ПИМБИЕ,6
ПИРИН,23
ПИРИНА,2
ПИРИНКА,4
ПЛАМЕН,12947
ПЛАМЕНА,853
ПЛАМЕНКА,94
ПЛАМЕННА,37
ПЛАМИ,13
ПЛАНЕТ,6
ПЛУМА,6
ПЛУМКА,13
ПОБЕДА,3
ПОЛ,21
ПОЛИ,7
ПОЛИКСЕНА,5
ПОЛИН,49
ПОЛИНА,439
ПОЛИНКА,32
ПОЛЯ,338
ПОНДЬО,21
ПОРФИР,18
ПРАВДА,24
ПРАВДИНА,2
ПРЕСИАН,6
ПРЕСИЯН,26
ПРЕСИЯНА,18
ПРЕСЛАВ,244
ПРЕСЛАВА,113
ПРИМО,24
ПРОДАН,277
ПРОЙЧО,28
ПРОКОП,37
ПРОЛЕТ,64
ПРОЛЕТКА,36
ПРЪВКА,5
ПРЪХЧО,32
ПЪНАР,28
ПЪРВАН,335
ПЪРВАНКА,26
ПЪРВОЛЕТА,58
ПЪРВОЛЕТКА,36
ПЪТА,4
ПЪТКА,5
ПЪТО,2
ПЪШО,11
РААБИЕ,34
РАБЕ,11
РАБИЕ,519
РАБИЕН,6
РАБИША,8
РАБИШЕ,44
РАБИЯ,30
РАВИЕ,88
РАВИЯ,10
РАГЪП,8
РАД,3
РАДА,250
РАДАН,46
РАДЕ,6
РАДЕН,11
РАДЕНКО,26
РАДИ,857
РАДИАНА,40
РАДИЕ,24
РАДИЛ,11
РАДИМИР,8
РАДИН,105
РАДИНА,192
РАДИНКА,32
РАДИСЛАВ,2
РАДИФЕ,22
РАДИЯНА,6
РАДКА,3097
РАДКО,833
РАДМИЛ,36
РАДМИЛА,94
РАДНИ,2
РАДНЬО,5
РАДОВАН,36
РАДОЙ,170
РАДОЙЧО,10
РАДОМИР,298
РАДОМИРА,27
РАДОСВЕТ,26
РАДОСВЕТА,156
РАДОСВЕТЛА,3
РАДОСЛАВ,5004
РАДОСЛАВА,498
РАДОСЛАВКА,34
РАДОСТ,61
РАДОСТИН,1516
РАДОСТИНА,1588
РАДОСТИНКА,40
РАДУИЛ,10
РАДУЛ,9
РАДЮ,43
РАЗАНУР,6
РАЗВАН,24
РАЗВИГОР,7
РАЗЕ,3
РАЗИЕ,360
РАЗИМ,33
РАЗИЯ,21
РАИМ,402
РАИМЕ,18
РАИСА,10
РАИФ,784
РАЙАН,2
РАЙДИН,2
РАЙИМЕ,5
РАЙКА,153
РАЙКО,525
РАЙМЕ,627
РАЙНА,1675
РАЙНИЧКА,25
РАЙНО,64
РАЙО,10
РАЙФ,7
РАЙФЕ,130
РАЙЧИН,15
РАЙЧО,1241
РАКИБ,5
РАКИБЕ,12
РАКИП,79
РАКИФ,6
РАКШАН,4
РАЛЕ,33
РАЛИ,43
РАЛИН,38
РАЛИЦА,1042
РАЛЧО,5
РАМАДАН,3308
РАМАЗАН,12
РАМЗЕ,51
РАМЗИ,115
РАМЗИЕ,64
РАМИ,240
РАМИЕ,41
РАМИЗ,286
РАМИЗЕ,97
РАМИС,263
РАМИСЕ,8
РАМОНА,7
РАМУШ,55
РАНГЕЛ,1624
РАНДЮ,7
РАНИЕ,8
РАНЧО,77
РАСИЛ,46
РАСИЛЕ,11
РАСИМ,1158
РАСИМЕ,150
РАСИХ,4
РАСМЕ,6
РАСМИЕ,8
РАФА,6
РАФАЕЛА,46
РАФАИЛ,82
РАФАТ,56
РАФЕ,12
РАФЕД,11
РАФЕТ,655
РАФЕЯ,6
РАФИ,113
РАФИДИН,8
РАФИЕ,589
РАФИК,21
РАФИКА,10
РАФИТ,2
РАФИЯ,31
РАХАТ,10
РАХИМ,265
РАХИМЕ,288
РАХИМЯ,3
РАХМАН,19
РАХМЕ,4
РАХМИ,208
РАХМИЕ,26
РАХМИЯ,3
РАХНИ,21
РАЧКА,12
РАЧКО,3
РАЧО,129
РАШАД,27
РАШИД,549
РАШИДЕ,94
РАШИМ,6
РАШИТ,3
РАШКО,357
РАШО,52
РАЮ,49
РАЯ,191
РЕБЕКА,16
РЕВАЙДИН,28
РЕВАСИЕ,110
РЕВАСИЯ,8
РЕВАТ,7
РЕВЗИЕ,2
РЕВИН,6
РЕВИНЧ,2
РЕВКЪ,2
РЕДВАН,172
РЕДВАНИЕ,2
РЕДЖАИЛ,4
РЕДЖАЙ,5
РЕДЖЕБ,2577
РЕДЖЕБАЛИ,5
РЕДЖЕП,1039
РЕЖДИ,6
РЕЖЕП,7
РЕЗИЕ,6
РЕЗСМИЯ,4
РЕЙЗА,39
РЕЙЛЕ,5
РЕЙСУЛ,3
РЕЙХАН,1245
РЕЙХАНЕ,99
РЕЙХАНЯ,38
РЕЙХАТ,3
РЕКИП,11
РЕКШАН,30
РЕКШЕН,12
РЕЛИН,14
РЕМБИЕ,5
РЕМЗИ,1594
РЕМЗИВАН,3
РЕМЗИЕ,1052
РЕМЗИЯ,123
РЕМИЗЕ,21
РЕНА,7
РЕНАЙ,6
РЕНАЛ,8
РЕНАТ,2
РЕНГИН,39
РЕНГИНАР,368
РЕНГИНАТ,7
РЕНГЮЛ,52
РЕНГЮЛЕР,2
РЕНЕТА,181
РЕНИ,421
РЕНОЛ,2
РЕСИМ,296
РЕСИМЕ,62
РЕСМЕ,79
РЕСМИ,163
РЕСМИЕ,427
РЕСМИЯ,64
РЕСУЛ,46
РЕФАД,18
РЕФАЙДИН,67
РЕФАН,13
РЕФАТ,231
РЕФИЕ,379
РЕФИК,191
РЕФИКА,122
РЕФИЯ,16
РЕФКА,6
РЕФКЪ,22
РЕХАН,12
РЕХАНЕ,2
РЕХИЛ,5
РЕХИМЕ,4
РЕШАД,113
РЕШАДИЕ,14
РЕШАТ,118
РЕШЕД,34
РЕШИД,169
РЕШИДЕ,90
РЕШИТ,13
РИВЕЙРА,2
РИДА,2
РИДВА,2
РИДВАН,1141
РИДВАНИЕ,51
РИДДА,2
РИДЖАИ,48
РИЗА,244
РИЗВАН,17
РИЛКА,22
РИЛКО,46
РИСЕНА,3
РИСТЕМ,32
РИТА,11
РИФАД,32
РИФАЙДИН,3
РИФАТ,16
РИФЕТ,7
РИХАН,60
РИЧАРД,4
РОБЕРТ,120
РОБЕРТА,2
РОБЕРТИНО,38
РОБЕРТО,30
РОБИН,7
РОДИН,5
РОЖДИ,6
РОЖЕН,7
РОЖНАН,8
РОЗА,1482
РОЗАЛИН,61
РОЗАЛИНА,162
РОЗАЛИЯ,40
РОЗЕЛИН,11
РОЗЕЛИНА,19
РОЗЕН,46
РОЗЕТ,2
РОЗЕТА,8
РОЗИАНА,11
РОЗИЕ,9
РОЗИН,39
РОЗИНА,8
РОЗИТА,12
РОЗКА,49
РОЗКО,24
РОЙКА,11
РОЙНА,9
РОКЖЕН,6
РОКСАНА,26
РОКСЕНА,17
РОМАН,134
РОМЕЛ,82
РОМЕО,65
РОМИЛ,67
РОМИЛКА,11
РОМИНА,37
РОНКА,37
РОСА,218
РОСАНА,64
РОСАНКА,12
РОСЕН,5500
РОСЕНА,22
РОСИАНА,7
РОСИЛИНА,25
РОСИН,27
РОСИНА,63
РОСИТА,10
РОСИЦА,4919
РОСКА,69
РОСЛАВА,17
РОСЛАН,6
РОСЛАНА,13
РОСТИСЛАВ,174
РОСТИСЛАВА,35
РОСТЯН,11
РОШАН,6
РУБЕН,4
РУБИЕ,44
РУБИЛ,9
РУБИНКА,4
РУБИЯ,9
РУВЕЙДА,12
РУВЕЙДЕ,14
РУВЕЙЗА,6
РУВИЕ,5
РУВИЯ,2
РУДЖИНАН,7
РУДЖИХАН,3
РУДИ,6
РУДИЯН,49
РУЖА,111
РУЖАНА,3
РУЖДЕТ,13
РУЖДИ,854
РУЖДИЕ,21
РУЖДИН,9
РУЖЕН,17
РУЖЕТИН,4
РУЖИН,28
РУЖКА,82
РУЖКО,13
РУЖО,10
РУЗИЕ,102
РУЗИЯ,77
РУЙА,31
РУЙНА,31
РУЙНАС,2
РУКЕЙКА,7
РУКИЕ,628
РУКИША,2
РУКИЯ,59
РУМЕН,9217
РУМЕНКА,19
РУМИЕЛ,8
РУМИСЛАВ,2
РУМЯН,152
РУМЯНА,4140
РУМЯНКА,122
РУСА,74
РУСАЛИНА,7
РУСАН,45
РУСАНА,30
РУСАНКА,123
РУСЕЛЕНА,3
РУСЕЛИН,19
РУСЕН,94
РУСЕНА,14
РУСИ,996
РУСИМ,43
РУСИН,152
РУСИНА,6
РУСИНКА,6
РУСИЦА,6
РУСИЯН,17
РУСКА,1049
РУСКО,138
РУСЛАН,214
РУСЛАНА,4
РУСМА,19
РУСТАН,5
РУСТЯМ,8
РУТФУЛЛА,3
РУФАД,68
РУФАТ,119
РУФЕ,22
РУФЕЛ,2
РУФЕТ,10
РУФИ,169
РУФИЕ,58
РУФИК,6
РУФИЯ,9
РУФКИЯ,20
РУФТИН,45
РУХАН,15
РУХИ,45
РУХШАН,30
РУХШЕН,21
РУЧКА,2
РУШАН,209
РУШЕД,5
РУШЕН,230
РУШЕТ,11
РУШИД,47
РУШИТ,3
РУШУВАН,2
РУШУД,5
РУШУТ,5
РФАН,16
РЪДВАН,9
РЪЗА,8
РЪФКА,7
РЪФКЪ,48
РЮВЕЙДА,14
РЮВЕЙДЕ,18
РЮЗБАЙ,3
РЮКИЕ,54
РЮКИЯ,23
РЮКШЕН,2
РЮКЮШ,19
РЮНДЖИЯ,6
РЮСТЕМ,233
РЯМЗИ,28
РЯМЗИЕ,4
СААБИН,6
СААДЕ,9
СААДЕТ,65
СААДЕТИН,7
СААДЕТТИН,12
СААДИЕ,6
СААЛЕ,6
СААМИ,129
СААМИР,4
САБААТИН,3
САБАЕТИН,9
САБАЙТИН,8
САБАТИН,38
САБАТКА,6
САБАХАДИН,78
САБАХАДТИН,2
САБАХАТИН,156
САБАХАТТИН,40
САБАХТИН,569
САБЕТ,9
САБИАТКА,6
САБИЕ,256
САБИН,59
САБИНА,11
САБИТ,159
САБИХА,360
САБИХАТ,5
САБИЯТ,6
САБИЯТКА,58
САБРИ,2868
САБРИЕ,1609
САБРИЙЕ,2
САБРИНА,2
САБРИЯ,110
САБРУША,11
САБУША,6
САВА,436
САВАШ,43
САВЕЛИН,4
САВЕТИН,9
САВИ,22
САВИНА,87
САВКА,170
САВКО,48
САВО,34
САВЧО,79
САДАТИН,14
САДБЕР,13
САДБЕРА,25
САДЕЙКА,14
САДЕТ,333
САДЕТА,6
САДЕТИН,26
САДЕТКА,12
САДЕТТИН,5
САДЖИДЕ,13
САДЖИЕ,6
САДЖИТ,8
САДИДИН,19
САДИЕ,272
САДИКА,74
САДИКЕ,47
САДИКЕЯ,6
САДИНКА,2
САДИТИН,19
САДИФЕ,176
САДИЯ,36
САДКИ,5
САДКЪ,30
САДРЕАТИН,2
САДРЕДИН,64
САДРИ,23
САДРИДИН,4
САДРИЕ,49
САДРИМЕ,2
САДУЛА,237
САДУЛЛА,39
САДУЛЛАХ,3
САДЪК,346
САДЪКА,2
САЗАИ,14
САИД,430
САИМ,26
САИТ,76
САЙБЕ,33
САЙБИ,17
САЙВЕ,4
САЙД,3
САЙДА,30
САЙДЕ,30
САЙДИ,23
САЙЛИН,3
САЙМА,12
САЙМЕ,250
САЙМИ,3
САЙФА,3
САЙФЕ,68
САЙФЕТИН,6
САЙФИ,45
САКИБЕ,3
САКИН,2
САКИФ,6
САКЪБ,63
САКЪП,6
САЛАЙДИН,6
САЛВЕТА,6
САЛДАТКА,6
САЛЕ,14
САЛЕХ,26
САЛИ,3544
САЛИБРЯМ,154
САЛИДИН,8
САЛИЕ,65
САЛИЕТИН,3
САЛИМ,1414
САЛИМЕХМЕД,258
САЛИМЕХМЕТ,12
САЛИМЯ,5
САЛИФ,244
САЛИХ,2309
САЛИХА,710
САЛИХЕ,147
САЛИШ,15
САЛИЯ,7
САЛКА,32
САЛКО,3
САЛТИРКА,6
САЛФЕ,3
САЛЧО,38
САЛЪФ,6
САЛЯ,21
САМАНТА,2
САМЕД,13
САМЕДИН,29
САМЕТ,974
САМИ,1202
САМИДИН,2
САМИЕ,73
САМИЕТ,15
САМИЛЕ,23
САМИН,4
САМИР,66
САМИЯ,6
САМЛЕ,2
САМРИЯ,25
САМСОН,7
САМУИЛ,118
САНДА,11
САНДЕ,7
САНДО,43
САНДОЛЕТА,2
САНЕ,147
САНЕВЕС,12
САНЕЙКА,6
САНЕЯ,9
САНИЕ,960
САНИЕЛА,42
САНИФЕ,44
САНИФЕЗ,20
САНИЯ,66
САНКА,3
САНТА,7
САНУША,54
САНЯ,34
САРА,63
САРАЙКА,6
САРАНДИ,12
САРИ,7
САРИЕ,6
САРКИС,7
САТБЕР,6
САТКЪ,2
САТФЕ,2
САФЕ,93
САФЕДИН,2
САФЕЙКА,14
САФЕР,17
САФЕТ,530
САФЕТИН,2
САФЕЯ,14
САФИДЕ,18
САФИЕ,862
САФИНАЗ,50
САФИНАС,8
САФИРЕ,18
САФИЯ,102
САФРИЕ,6
САФУРА,8
САФФЕТ,17
САХИТ,6
САХЛИМ,2
САХМИ,7
САША,53
САШКА,463
САШКО,463
САШО,2260
СВЕЖА,3
СВЕЖЕН,10
СВЕН,4
СВЕТЛА,2724
СВЕТЛАН,172
СВЕТЛАНА,1537
СВЕТЛИ,3
СВЕТЛИН,1203
СВЕТЛИНА,62
СВЕТЛИНКА,16
СВЕТЛОЗАР,549
СВЕТЛОЗАРА,3
СВЕТЛОЗАРКА,4
СВЕТЛОМИР,165
СВЕТЛОМИРА,9
СВЕТЛЬО,17
СВЕТЛЮ,13
СВЕТОЗАР,449
СВЕТОЗАРА,8
СВЕТОМИР,49
СВЕТОМИРА,8
СВЕТОСАВ,32
СВЕТОСЛАВ,3733
СВЕТОСЛАВА,145
СВЕТОСЛАВКА,2
СВИЛЕН,955
СВИЛЕНА,9
СВИЛЕНКА,12
СВОБОДАНКА,9
СВОБОДКА,19
СЕАДЕТ,29
СЕБА,10
СЕБААТ,8
СЕБАЕДИН,2
СЕБАЕТ,67
СЕБАИД,4
СЕБАЙДИН,302
СЕБАЙТИН,13
СЕБАРДИН,3
СЕБАСТИАН,7
СЕБАТ,221
СЕБАТИЕ,31
СЕБАТИН,33
СЕБАХАДИН,9
СЕБАХАТ,106
СЕБАХАТИН,148
СЕБАХДИН,2
СЕБАХИДИН,6
СЕБАХИТИН,25
СЕБАХТИЕ,8
СЕБАХТИН,578
СЕБЕХА,18
СЕБЕХАТ,6
СЕБИЙЛЕ,2
СЕБИЛЕ,473
СЕБИЛЯ,11
СЕБИРЕ,3
СЕБИХА,42
СЕБИХАН,6
СЕБЛЕ,2
СЕБЛЯ,3
СЕВА,3
СЕВАЛ,171
СЕВАСТИЯН,6
СЕВАТ,2
СЕВАТИН,2
СЕВГЕЛИМ,8
СЕВГЕНУР,16
СЕВГИ,204
СЕВГИДИН,2
СЕВГИЕ,6
СЕВГИЛ,48
СЕВГИН,862
СЕВГИНАЗ,6
СЕВГИНАН,38
СЕВГИНАР,740
СЕВГИНАС,5
СЕВГЮЗЕЛ,115
СЕВГЮЛ,826
СЕВГЮЛА,18
СЕВГЮЛЕР,20
СЕВГЮН,45
СЕВГЮНАР,11
СЕВГЮНЕЛ,23
СЕВДА,1244
СЕВДАА,8
СЕВДАЛИ,16
СЕВДАЛИН,877
СЕВДАЛИНА,842
СЕВДАЛИНКА,19
СЕВДАН,2
СЕВДАНИЕ,16
СЕВДЕГЮЛ,11
СЕВДЕЛИН,62
СЕВДЕЛИНА,82
СЕВДЕН,6
СЕВДЕНАС,6
СЕВДЕР,14
СЕВДЖАН,943
СЕВДЖАНА,6
СЕВДЖИВАН,12
СЕВДЖИХАН,362
СЕВДИ,182
СЕВДИЕ,1484
СЕВДИКЯР,8
СЕВДИМ,129
СЕВДИН,35
СЕВДИНАЗ,67
СЕВДИНАР,69
СЕВДИНАС,40
СЕВДИНЧ,17
СЕВДИХА,2
СЕВДИЯ,55
СЕВДИЯН,6
СЕВДЪРАН,5
СЕВЕЛ,49
СЕВЕЛИН,3
СЕВЕЛИНА,18
СЕВЕН,11
СЕВЕР,207
СЕВЕРЕЛ,2
СЕВЕРИЕ,13
СЕВЕРИН,266
СЕВЕРИНА,189
СЕВЕТА,7
СЕВЕТКА,2
СЕВЖАН,12
СЕВИЕ,118
СЕВИЛ,99
СЕВИЛАЙ,3
СЕВИЛДЖАН,143
СЕВИЛЕН,6
СЕВИЛЯЙ,10
СЕВИМ,1088
СЕВИН,60
СЕВИНЧ,1309
СЕВИТИН,27
СЕВИЯ,79
СЕВКА,52
СЕВЛИЯДЕ,2
СЕВЛЯЙ,2
СЕВНУР,35
СЕВО,5
СЕВТИН,97
СЕВЯР,59
СЕГМЕН,53
СЕДА,11
СЕДАИЛ,6
СЕДАТ,661
СЕДБЕРА,12
СЕДЕВЧО,5
СЕДЕРИЕ,3
СЕДЕФИЕ,4
СЕДЕФКА,71
СЕДЕФЧО,3
СЕДИКА,18
СЕДИНКА,11
СЕДИФЕ,3
СЕДИХА,6
СЕДРИЕ,248
СЕДРИЙЕ,6
СЕЕФИ,6
СЕЖДАН,2
СЕЗАИ,7
СЕЗАЙ,74
СЕЗАН,14
СЕЗГИН,1510
СЕЗГЮЗЕЛ,6
СЕЗГЮЛ,9
СЕЗГЮЛЕР,2
СЕЗГЮНЕР,20
СЕЗДЖАН,62
СЕЗЕЛ,5
СЕЗЕН,78
СЕЗЕР,278
СЕИД,469
СЕИДАЛИ,6
СЕИДАХМЕД,157
СЕИДЕ,5
СЕИЗИН,2
СЕИМ,6
СЕИТ,15
СЕЙАРЕ,2
СЕЙБЕ,11
СЕЙБИН,4
СЕЙВИН,5
СЕЙГИН,4
СЕЙДАЛИ,123
СЕЙДАХМЕД,135
СЕЙДАХМЕТ,11
СЕЙДЕ,185
СЕЙДЕГЮЛ,104
СЕЙДЖАН,26
СЕЙДИ,124
СЕЙДИЕ,6
СЕЙДУЛА,23
СЕЙЕР,5
СЕЙИТ,2
СЕЙКА,6
СЕЙКО,3
СЕЙЛЯН,8
СЕЙМЕ,12
СЕЙНУР,28
СЕЙРАН,26
СЕЙРАНИ,24
СЕЙРЕТ,43
СЕЙРУЛА,3
СЕЙТИН,6
СЕЙФЕДИН,45
СЕЙФЕТИН,175
СЕЙФИ,125
СЕЙФИДИН,194
СЕЙФУЛА,81
СЕЙХАН,855
СЕЙХУН,12
СЕЙЯРЕ,6
СЕЙЯТ,4
СЕКУЛ,34
СЕЛАЙДИН,7
СЕЛАЙТИН,5
СЕЛАТИН,8
СЕЛБИЕ,78
СЕЛБИНАЗ,12
СЕЛВА,50
СЕЛВЕ,132
СЕЛВЕН,25
СЕЛВЕР,1203
СЕЛВЕРА,70
СЕЛВЕС,6
СЕЛВЕТ,241
СЕЛВЕТА,6
СЕЛВИ,45
СЕЛВИЕ,141
СЕЛВИНА,19
СЕЛВИНАЗ,17
СЕЛВИНАС,11
СЕЛВИР,21
СЕЛВИЯ,7
СЕЛГИНЯР,7
СЕЛДА,2
СЕЛДЖАН,6
СЕЛЕВАТ,6
СЕЛЕВЕРА,6
СЕЛЕЙДИН,81
СЕЛЕТИН,2
СЕЛЕХАТИН,18
СЕЛИВЕ,6
СЕЛИВЕР,6
СЕЛИДА,6
СЕЛИМ,602
СЕЛИМА,6
СЕЛИМАН,58
СЕЛИМЕ,1076
СЕЛИМЕХМЕД,3
СЕЛИН,32
СЕЛИНАЙ,2
СЕЛИХА,45
СЕЛИХАН,8
СЕЛМА,7
СЕЛМАН,78
СЕЛМЕ,26
СЕЛМИЕ,2
СЕЛМИНАС,15
СЕЛНАЗ,7
СЕЛФЕТ,4
СЕЛФИДЕ,3
СЕЛЧУК,73
СЕЛЯДИН,6
СЕЛЯЕТИН,3
СЕЛЯЙДИН,299
СЕЛЯЙТИН,26
СЕЛЯМЕД,2
СЕЛЯМИ,93
СЕЛЯМИН,21
СЕЛЯТИН,180
СЕЛЯХАТИН,29
СЕЛЯХАТТИН,5
СЕЛЯХИДИН,3
СЕЛЯХИТИН,10
СЕЛЯХТИН,333
СЕМА,189
СЕМАВЕР,4
СЕМАВИ,37
СЕМАГЮЛ,4
СЕМАТ,76
СЕМАХАТ,6
СЕМИЕ,17
СЕМИН,28
СЕМИР,2
СЕМИХ,16
СЕМИХА,283
СЕМИЯ,12
СЕМКО,52
СЕМО,26
СЕМРА,556
СЕНААХИ,9
СЕНАИ,81
СЕНАИФ,9
СЕНАЙ,124
СЕНАЙДИ,10
СЕНАМИ,28
СЕНАН,40
СЕНАР,4
СЕНДУАН,12
СЕНЕМ,2
СЕНИЕ,64
СЕНИХА,602
СЕНКА,19
СЕНКО,18
СЕНУР,15
СЕПТЕМВРИ,3
СЕРАЙ,6
СЕРАП,20
СЕРАФИМ,325
СЕРВЕТ,122
СЕРВИН,8
СЕРГЕЙ,1668
СЕРГЕН,13
СЕРГИ,5
СЕРДАН,2
СЕРДАР,63
СЕРДЖАН,88
СЕРДИН,7
СЕРИХАН,12
СЕРКАН,79
СЕРКАНТ,36
СЕРМИН,2
СЕРМИНАС,3
СЕРПИЛ,48
СЕРПИН,29
СЕРТЕЛ,26
СЕРФИНАЗ,9
СЕРХАН,56
СЕРХАТ,16
СЕРЧИН,23
СЕРЬОЖА,46
СЕСИЛ,21
СЕТКА,6
СЕФАДИЕ,6
СЕФАЕТИН,15
СЕФАТ,10
СЕФДИМ,6
СЕФЕР,237
СЕФЕРИЕ,68
СЕФЕРИЯ,21
СЕФЕТИН,3
СЕФИДЕ,6
СЕФИЯ,3
СЕФКЕТИН,6
СЕФКЯН,8
СЕФТИН,118
СЕХАВЕТ,33
СЕХАН,3
СЕХАТ,6
СЕХЕР,273
СЕХРИН,9
СЕХЯР,9
СЕЧИЛ,74
СЕЧКИН,176
СЕЯР,7
СЕЯРЕ,3
СЕЯТ,51
СИАБЕ,5
СИАНА,4
СИБЕЛ,435
СИБЕЛА,2
СИБЕЛДЖАН,6
СИБЕЛЖАН,8
СИБЕР,13
СИБИЕ,44
СИБИЛА,43
СИБУША,19
СИБЯЛ,2
СИВЕН,53
СИВИЛИЯН,6
СИВКО,5
СИДЕР,120
СИДИКА,267
СИДКИ,32
СИДОНИЯ,3
СИЙКА,1023
СИЙКО,22
СИЛАГИ,21
СИЛВА,117
СИЛВАНА,172
СИЛВЕ,12
СИЛВЕНА,124
СИЛВЕСТ,12
СИЛВЕСТРА,18
СИЛВЕСТЪР,31
СИЛВЕТ,57
СИЛВЕТА,4
СИЛВЕТКА,3
СИЛВИ,51
СИЛВИЕ,58
СИЛВИНА,46
СИЛВИО,6
СИЛВИЯ,3882
СИЛИВЕ,6
СИЛКО,3
СИЛМЕЯ,6
СИЛЮМЕ,6
СИЛЯН,20
СИМАЙ,2
СИМАНКА,18
СИМЕОН,4677
СИМЕОНА,59
СИМЕОНКА,141
СИМИОН,6
СИМКА,55
СИМО,114
СИМОН,5
СИМОНА,323
СИМОННА,2
СИМЧО,65
СИНАИМ,6
СИНАЙ,3
СИНАН,729
СИНАФЕР,8
СИНЕЛ,16
СИНЕМ,7
СИНЕР,21
СИРМА,44
СИРМАН,24
СИРМО,15
СИЯ,39
СИЯН,2
СИЯНА,165
СИЯННА,15
СКЕНДЕР,52
СЛАВ,1103
СЛАВА,51
СЛАВЕ,79
СЛАВЕЙ,198
СЛАВЕЙКА,126
СЛАВЕЙКО,384
СЛАВЕЙЧО,2
СЛАВЕНА,37
СЛАВЕНКА,2
СЛАВЕЯ,55
СЛАВИ,1241
СЛАВИЛ,12
СЛАВИН,37
СЛАВИНА,32
СЛАВИНИЯ,16
СЛАВИНКА,6
СЛАВКА,1504
СЛАВКО,91
СЛАВОДИН,16
СЛАВОМИР,31
СЛАВОМИРА,37
СЛАВЧО,2482
СЛАВЯН,47
СЛАВЯНА,104
СЛАВЯНКА,143
СЛАДЖАНА,4
СЛАДУН,12
СЛАДУНА,2
СМАИЛ,463
СМАН,19
СМАРАЙДА,2
СМАХАН,6
СМЕТ,2
СМИЛА,6
СМИЛЕН,93
СМИЛЕНА,51
СМИЛКО,6
СМИЛЯН,57
СМИЛЯНА,26
СМИЛЯНКА,3
СМЯДКА,2
СНЕЖА,160
СНЕЖАН,3
СНЕЖАНА,2223
СНЕЖАНКА,597
СНЕЖИНА,129
СНЕЖИНКА,19
СНЕЖКА,213
СОАТ,6
СОКОЛ,48
СОЛУН,7
СОНГЮЛ,12
СОНЕР,42
СОНЯ,1639
СОТИР,276
СОФИЙКА,16
СОФИКА,3
СОФИЯ,738
СОФКА,370
СОФРОН,47
СОФРОНИ,39
СПАРТАК,23
СПАС,2595
СПАСА,26
СПАСЕНКО,12
СПАСИМИР,127
СПАСИЯ,15
СПАСКА,452
СПАСКО,67
СПАСУНА,11
СПИРДОН,33
СПИРИДОН,93
СПИРИЯ,6
СПИРКО,9
СПИРО,38
СРЕБКА,29
СРЕБРА,35
СРЕБРЕН,4
СРЕБРИ,2
СРЕБРИН,126
СРЕБРИНА,44
СРЕБРО,48
СРЕБРЮ,4
СРЕБЧО,3
СРЕБЪРНА,12
СРЕДКО,2
СРЕТЕНИ,11
СТАВРИ,255
СТАВРИЯ,33
СТАЙКА,110
СТАЙКО,409
СТАЙО,32
СТАЛИН,59
СТАЛИНКА,7
СТАЛЬО,16
СТАЛЮ,19
СТАМАТ,70
СТАМБОЛКА,8
СТАМЕЛКА,15
СТАМЕН,313
СТАМЕНА,65
СТАМЕНКА,10
СТАМИНА,6
СТАМО,137
СТАН,22
СТАНА,174
СТАНЕТА,6
СТАНИЕЛА,26
СТАНИКА,10
СТАНИЛ,55
СТАНИМИР,3746
СТАНИМИРА,352
СТАНИМИРКА,3
СТАНИСЛАВ,4520
СТАНИСЛАВА,649
СТАНКА,2664
СТАНКО,844
СТАНОИЛ,2
СТАНОЙ,71
СТАНОЙКО,3
СТАНОЙЧО,2
СТАНОЯ,27
СТАНУЛ,5
СТАНЧО,1253
СТАНЬО,237
СТАНЮ,133
СТАТИРА,11
СТАТКА,2
СТЕЛА,913
СТЕЛИАН,57
СТЕЛИАНА,61
СТЕЛИЯН,130
СТЕЛИЯНА,117
СТЕЛИЯНКА,8
СТЕЛЛА,3
СТЕЛЯНА,49
СТЕФАН,15087
СТЕФАНА,218
СТЕФАНИ,213
СТЕФАНИА,6
СТЕФАНИЯ,7
СТЕФАНКА,400
СТЕФИАН,2
СТЕФКА,3246
СТЕФКО,380
СТЕФЧО,426
СТИВАН,2
СТИВЪН,21
СТИЛИАН,51
СТИЛИАНА,6
СТИЛИНА,24
СТИЛИЯН,1056
СТИЛИЯНА,225
СТИЛИЯНКА,3
СТИЛЯН,76
СТИЛЯНА,141
СТИМКА,6
СТОИЛ,1624
СТОИЛА,21
СТОИЛКА,200
СТОИЛКО,2
СТОИМЕН,370
СТОИМЕНКА,8
СТОИЦА,116
СТОИЧКА,9
СТОИЧКО,147
СТОЙКА,572
СТОЙКО,1238
СТОЙНА,223
СТОЙНЕ,129
СТОЙНО,105
СТОЙО,271
СТОЙЧО,2587
СТОЛЕТ,3
СТОЮ,158
СТОЯ,6
СТОЯН,18158
СТОЯНА,139
СТОЯНКА,3583
СТОЯНЧО,85
СТОЯТЕЛ,4
СТРАТИ,52
СТРАТИЯ,50
СТРАХИЛ,594
СТРАЦИМИР,25
СТРАШИМИР,6
СТРУМА,30
СТРУМКА,47
СТУДЕНЧО,3
СУАТ,98
СУБАЙ,3
СУБХИ,4
СУДЕ,24
СУЗАН,282
СУЗАНА,117
СУЗЕТ,20
СУЗИ,18
СУЗЪН,20
СУЙДАН,4
СУЛА,2
СУЛТАН,84
СУЛТАНА,136
СУЛТАНКА,67
СУЛЮМАН,6
СУНАЙ,1671
СУНАЙДЪН,2
СУНАН,12
СУНЕР,39
СУПХИ,43
СУРАЙ,153
СУРИЕ,8
СУРИЯ,3
СУУДИН,3
СУХАДИН,8
СУХАТ,47
СЪАМИ,2
СЪБА,44
СЪБИ,479
СЪБИН,61
СЪБИНА,122
СЪБИНКА,47
СЪБИРЕ,3
СЪБИЯТКА,40
СЪБКА,379
СЪБКО,47
СЪБО,53
СЪБОТИН,65
СЪБРИ,9
СЪБРИЕ,12
СЪБЧО,101
СЪВЕТКА,20
СЪДБЕРА,11
СЪДИКА,45
СЪДКЪ,149
СЪДЪКА,127
СЪЙКО,3
СЪЛЗА,141
СЪЛЗЕТ,6
СЪЛЗЕТА,10
СЪЛЗЕТКА,12
СЪЛЗИНА,8
СЪЛЗИЦА,182
СЪТКЪ,27
СЮБХАН,11
СЮДАИЛ,2
СЮДЕ,3
СЮДИЕ,39
СЮДРИЕ,6
СЮЗАН,116
СЮЙЗАН,37
СЮЛБИЕ,193
СЮЛБИЯ,19
СЮЛВЕ,6
СЮЛВИЕ,12
СЮЛЕДИН,10
СЮЛЕЙБЕ,141
СЮЛЕЙДИН,18
СЮЛЕЙЛЯ,4
СЮЛЕЙМАН,2708
СЮЛЕЙМЕ,50
СЮЛЕЙХА,3
СЮЛЕЙХАН,56
СЮЛЕМАН,5
СЮЛЕЯ,6
СЮЛИМЕ,12
СЮЛМАН,12
СЮЛЮБЕ,53
СЮНДЮС,2
СЮНИЕ,6
СЮНЯР,20
СЮРЕТ,6
СЮРЕЯ,30
СЮРХАН,30
СЮРЯНЕ,2
СЮХАТ,6
СЮХЕЙЛА,24
СЯРКО,16
СЯРО,33
ТААСИМ,2
ТАДЖИДИ,3
ТАИБ,6
ТАИП,6
ТАИР,215
ТАЙБЕ,101
ТАЙБИЕ,7
ТАЙРЮМЕР,6
ТАЙФЕ,15
ТАЙФУН,13
ТАЙЪР,5
ТАКО,2
ТАКСИМ,3
ТАЛИБ,126
ТАЛИП,95
ТАЛИХАТ,2
ТАЛИЯ,2
ТАЛУНА,6
ТАЛУНКА,6
ТАЛЮ,27
ТАЛЯТ,115
ТАМАРА,66
ТАМЕР,196
ТАНА,30
ТАНДЖЕР,2
ТАНЕЛ,39
ТАНЕР,730
ТАНЖЕЛ,21
ТАНЖУ,133
ТАНЖУР,47
ТАНИ,34
ТАНИХЕР,2
ТАНКА,204
ТАНКО,154
ТАНО,2
ТАНРЪ,16
ТАНСЕЛ,39
ТАНСЕР,73
ТАНСУ,2
ТАНУШКА,2
ТАНЧО,292
ТАНЬО,582
ТАНЮ,135
ТАНЯ,4064
ТАРКАН,18
ТАСЕ,11
ТАСИ,58
ТАСИМ,581
ТАСИН,116
ТАСКО,13
ТАСО,27
ТАСЮ,22
ТАТЯН,5
ТАТЯНА,2013
ТАТЯНКА,2
ТАХИР,431
ТАХИРЮМЕР,46
ТАХСИМ,6
ТАХСИН,163
ТАЧКО,32
ТАЧО,18
ТАША,37
ТАШИНА,6
ТАШКА,82
ТАШКАДЪН,27
ТАШКО,70
ТАШО,227
ТЕВКЪШ,3
ТЕД,17
ТЕДИСЛАВ,49
ТЕЗГЮЛ,223
ТЕЗГЮН,20
ТЕЗДЖАН,263
ТЕЗЖАН,2
ТЕЙБЕ,10
ТЕЙДЖАН,29
ТЕЙЖАН,5
ТЕЙЗДЖАН,3
ТЕЙНУР,12
ТЕЙФИК,8
ТЕКЪ,6
ТЕЛГЮЗАР,6
ТЕМЕЛКО,137
ТЕМЕНУГА,168
ТЕМЕНУЖКА,1026
ТЕМЕНУШКА,20
ТЕНА,12
ТЕНЗИЛЕ,198
ТЕНЗИЛЯ,45
ТЕНЗИХА,6
ТЕНКА,11
ТЕНКО,27
ТЕННУР,6
ТЕНЧО,803
ТЕНЬО,618
ТЕНЮ,199
ТЕОДОР,964
ТЕОДОРА,2050
ТЕОДОРИН,3
ТЕОДОСИ,50
ТЕОДОСИЯ,6
ТЕОФАНА,14
ТЕОФИЛ,51
ТЕОХАР,6
ТЕРВЕЛ,13
ТЕРЕЗА,190
ТЕСЛИМЕ,6
ТЕФИДЕ,48
ТЕФИК,386
ТЕФИКА,40
ТЕФКА,2
ТЕХНУР,3
ТЕШИФЕ,6
ТЕШРИФЕ,7
ТИЖАН,33
ТИЖЕН,41
ТИЛЧО,7
ТИЛЮ,27
ТИМЕА,29
ТИМОН,6
ТИМСА,9
ТИМУР,2
ТИМЧО,2
ТИНА,34
ТИНКА,703
ТИНКО,82
ТИНЧО,58
ТИНЮ,11
ТИТИ,11
ТИТО,6
ТИХАН,17
ТИХОЛ,22
ТИХОЛИНА,2
ТИХОМИР,3475
ТИХОМИРА,129
ТИШКА,2
ТОБИЯ,3
ТОДОР,18285
ТОДОРА,393
ТОДОРИН,43
ТОДОРИНА,60
ТОДОРИНКА,11
ТОДОРКА,1914
ТОДЮ,19
ТОЛГА,39
ТОЛЮ,7
ТОЛЯ,9
ТОМ,4
ТОМА,368
ТОМАН,24
ТОМАС,37
ТОМАШ,25
ТОМЕ,37
ТОМИ,49
ТОМИСЛАВ,42
ТОМИСЛАВА,7
ТОМИЦА,12
ТОМО,118
ТОМРИС,34
ТОМЧО,9
ТОНА,60
ТОНИ,705
ТОНИКА,24
ТОНИНА,7
ТОНИСЛАВ,23
ТОНКА,686
ТОНКО,20
ТОНО,25
ТОНЧЕ,31
ТОНЧО,824
ТОНЬО,195
ТОНЮ,113
ТОНЯ,210
ТОПЕР,16
ТОСКА,39
ТОСКО,49
ТОСУН,20
ТОТА,19
ТОТИ,15
ТОТКА,411
ТОТЬО,139
ТОТЮ,60
ТОЧО,14
ТОШЕ,19
ТОШКА,181
ТОШКО,1343
ТОШО,301
ТРАЙКА,35
ТРАЙКО,149
ТРАЙЧО,103
ТРАЯН,270
ТРАЯНА,10
ТРАЯНКА,131
ТРЕНДАФИЛ,558
ТРЕНДАФИЛА,19
ТРЕНДАФИЛКА,26
ТРЕПКА,10
ТРИЛО,2
ТРИФОН,1375
ТРИФОНА,15
ТРИФОНКА,26
ТРОЙЧО,15
ТРОФИЛ,26
ТРОЯ,2
ТРОЯН,45
ТРУФКА,5
ТРУШО,23
ТРЪНДЮ,10
ТУГАЙ,29
ТУНАЙ,97
ТУНАР,6
ТУНДЖАЙ,530
ТУНДЖАН,3
ТУНДЖАР,6
ТУНДЖЕЛ,62
ТУНДЖЕР,58
ТУНЖАЙ,55
ТУНЧАЙ,10
ТУНЧЕР,103
ТУРАЛ,21
ТУРАН,39
ТУРГАЙ,381
ТУРГУТ,43
ТУРИЕН,15
ТУРКАЙ,8
ТУРКИЯ,26
ТУРКИЯН,6
ТУРКИЯНА,6
ТУРКЯН,48
ТУРСУН,3
ТУРХАН,446
ТУШКА,31
ТЪРНА,6
ТЪРПО,5
ТЮЛЕНТ,33
ТЮЛЯЙ,6
ТЮМАЙ,2
ТЮНДЖАН,22
ТЮНЧАЙ,2
ТЮНЧЕР,27
ТЮРДЖАН,23
ТЮРКЕН,2
ТЮРКЕШ,3
ТЮРКИЕ,10
ТЮРКИЯН,10
ТЮРКОЛ,10
ТЮРКЯН,590
ТЮРХАН,6
ТЯНА,78
ТЯНКА,149
ТЯНКО,139
ТЯНЧО,6
ТЯНЮ,26
УГУР,16
УЛВИ,35
УЛВИЕ,132
УЛВИЯ,14
УМАНЕ,4
УМАНИ,12
УМЕ,9
УМЕР,5
УМУТ,15
УНЧО,7
УРАЛ,77
УРИЕ,30
УРМИЕ,19
УРУЧ,63
УРХАН,4
УСАИН,15
УСНА,6
УСНИ,3
УСНИЕ,18
УФУК,8
ФААДИЛ,53
ФААТ,2
ФАДИЛ,20
ФАДИЛЕТ,56
ФАДИМЕ,21
ФАДИШ,8
ФАДЛИ,74
ФАДЛИЕ,47
ФАДУЛ,2
ФАЗИЛЕ,52
ФАЗИМЕ,33
ФАЗЛИ,83
ФАЗЛИЕ,5
ФАЗЛЪ,2
ФАИК,815
ФАИМ,55
ФАИНА,2
ФАИТ,5
ФАИТИН,9
ФАЙДИН,6
ФАЙЗЕ,39
ФАЙЗЯ,33
ФАЙК,19
ФАЙТИН,12
ФАЙЪК,5
ФАКИЕ,10
ФАКИЗЕ,49
ФАКИЯ,8
ФАКРИ,2
ФАКРИЯ,5
ФАМИ,122
ФАМИШ,8
ФАНА,73
ФАНЕТА,2
ФАНИ,109
ФАНКА,715
ФАНЯ,30
ФАРАДИН,52
ФАРДИН,8
ФАРЕДИН,27
ФАРИ,31
ФАРИДИН,11
ФАРИЕ,240
ФАРИЗ,161
ФАРИН,9
ФАРИС,65
ФАРИЯ,3
ФАРТИН,100
ФАРУК,84
ФАТИ,5
ФАТИЕ,41
ФАТИМА,524
ФАТИМЕ,948
ФАТИН,8
ФАТМА,2048
ФАТМЕ,13254
ФАТМЕГЮЛ,1140
ФАТМЕЙКА,6
ФАТМИЕ,5
ФАТМИН,2
ФАТМЯ,70
ФАХДИЕ,3
ФАХМИ,7
ФАХРЕДИН,187
ФАХРЕТИН,71
ФАХРЕТТИН,6
ФАХРИ,1316
ФАХРИДИН,52
ФАХРИЕ,286
ФАХРИШ,5
ФАХРИЯ,24
ФЕВЖЕТ,6
ФЕВЗЕ,2
ФЕВЗИ,839
ФЕВЗИЕ,287
ФЕВЗИЯ,145
ФЕВЗУ,40
ФЕВРУЗИ,19
ФЕДА,2
ФЕДАЕТ,32
ФЕДАИ,12
ФЕДАИЛ,159
ФЕДАИМ,17
ФЕДАЛ,33
ФЕДАЛЕТ,48
ФЕДАТ,39
ФЕДЖИРИЕ,5
ФЕДЖРЕДИН,63
ФЕДЖРИ,12
ФЕДЖРИЕ,41
ФЕДИ,39
ФЕДИС,6
ФЕДИХАТ,38
ФЕДЬО,3
ФЕДЯ,65
ФЕЗМИЯ,8
ФЕЗУЛА,11
ФЕИЗА,2
ФЕИЗЕ,8
ФЕИМ,1120
ФЕИМЕ,15
ФЕЙВЗИ,3
ФЕЙДАН,6
ФЕЙДЕ,20
ФЕЙДЕС,40
ФЕЙЗЕ,34
ФЕЙЗИ,120
ФЕЙЗУ,22
ФЕЙЗУЛА,140
ФЕЙЗУЛЛАХ,62
ФЕЙИМ,6
ФЕЙК,3
ФЕЙКА,23
ФЕЙМЕ,891
ФЕЙМИ,80
ФЕЙМИЕ,5
ФЕЙРАДИН,25
ФЕЙЯЗ,30
ФЕКРА,34
ФЕКРЕТ,6
ФЕКРЕЯ,6
ФЕКРИЕ,14
ФЕЛДЕС,14
ФЕЛДИС,3
ФЕЛИЗ,4
ФЕНЯ,17
ФЕОДОР,19
ФЕРА,12
ФЕРАД,740
ФЕРАИМ,72
ФЕРАМИ,2
ФЕРАТ,40
ФЕРГЮЛ,8
ФЕРДА,8
ФЕРДАНЕ,104
ФЕРДАНИЕ,48
ФЕРДЕ,35
ФЕРДЕЗА,14
ФЕРДЕЗКА,5
ФЕРДЕСКА,6
ФЕРДИ,466
ФЕРДИЕ,61
ФЕРДИН,4
ФЕРДИНАНД,20
ФЕРДИНАНДКА,16
ФЕРДО,9
ФЕРДУН,43
ФЕРЕДЕ,3
ФЕРЗЕ,6
ФЕРЗИ,6
ФЕРЗИЕ,38
ФЕРЗУ,5
ФЕРИАЛ,2
ФЕРИД,51
ФЕРИДЕ,631
ФЕРИДЯ,6
ФЕРИЕ,55
ФЕРИЗ,17
ФЕРИЗА,6
ФЕРИЗЕ,169
ФЕРИСКА,26
ФЕРИТ,16
ФЕРИХА,44
ФЕРИХАН,94
ФЕРИЩЕ,304
ФЕРИЯ,8
ФЕРИЯН,5
ФЕРУ,30
ФЕРУШ,13
ФЕРУША,36
ФЕРХАД,53
ФЕРХАН,152
ФЕРХАТ,105
ФЕТА,10
ФЕТАНЕ,11
ФЕТАХ,11
ФЕТЕ,2
ФЕТЕЯ,8
ФЕТИ,28
ФЕТИЕ,386
ФЕТИЯ,47
ФЕТКА,54
ФЕТКЪ,11
ФЕТЛИ,5
ФЕТТИ,2
ФЕТХИ,28
ФЕТХИЕ,4
ФЕТХЪ,48
ФЕХДИЕ,8
ФЕХИМ,86
ФЕХИМЕ,18
ФЕХМИ,59
ФЕХМИЕ,26
ФЕХМИЯ,10
ФЕХРИ,18
ФЕХРИЕ,2
ФЕХРУН,3
ФЕЧЖРИЕ,2
ФИГЕН,39
ФИДАИЛ,53
ФИДАН,188
ФИДАНА,122
ФИДАНКА,572
ФИДЕЛ,15
ФИДЕС,97
ФИДОСИ,27
ФИДОСКО,2
ФИЗОЛА,10
ФИЗУЛА,21
ФИЙДЕС,79
ФИЙЗИ,36
ФИКИРИ,8
ФИКИРНАЗ,35
ФИКИРНАС,12
ФИКИЯ,20
ФИКО,12
ФИКРА,110
ФИКРЕ,10
ФИКРЕТ,2148
ФИКРИ,1356
ФИКРИЕ,1106
ФИКРИНАЗ,9
ФИКРИНАС,9
ФИКРИЯ,71
ФИЛА,15
ФИЛДЕС,6
ФИЛДЕСА,4
ФИЛДИЗА,46
ФИЛДИС,7
ФИЛИБЕ,8
ФИЛИЗ,139
ФИЛИОНА,5
ФИЛИП,1351
ФИЛИПА,17
ФИЛИС,24
ФИЛИЯН,2
ФИЛКА,130
ФИЛКО,10
ФИЛОМЕНА,6
ФИЛЧО,123
ФИЛЬО,44
ФИЛЮ,65
ФИМИЯ,13
ФИНКА,17
ФИРА,6
ФИРДА,6
ФИРДАНЕ,6
ФИРДАНИЕ,3
ФИРДЕЗ,8
ФИРДЕС,271
ФИРЕЙКА,8
ФИРИЕ,34
ФИТЕ,18
ФИТЕЯ,6
ФИТИ,6
ФИТИЕ,16
ФИТНАТ,15
ФЛОРА,5
ФЛОРИНА,4
ФОТА,23
ФОТЕ,19
ФОТИН,2
ФОТИНКА,8
ФРАНЦ,113
ФРИДРИХ,34
ФРОНА,30
ФРОНКА,27
ФУАТ,14
ФУЛИЯ,18
ХАБИБ,344
ХАБИБЕ,1824
ХАБИБУЛА,7
ХАБИИБУЛА,2
ХАБИЛ,222
ХАБИП,10
ХАБИШ,34
ХАВА,1127
ХАВВА,90
ХАВЗЕ,79
ХАВИЕ,31
ХАВИЗЕ,56
ХАВСЕ,2
ХАВУШ,47
ХАДЖА,6
ХАДЖАР,18
ХАДЖЕР,274
ХАДЖИ,77
ХАДЖИАРИФ,4
ХАДЖИРЕ,12
ХАДИЛЕ,8
ХАДИМЕ,23
ХАДЧЕ,6
ХАЖЕР,27
ХАЗЕЛ,648
ХАЗЕМ,4
ХАЗИМ,64
ХАЗИМЕ,164
ХАЙДАР,15
ХАЙДЕ,6
ХАЙДЕР,9
ХАЙДИН,4
ХАЙМЕ,6
ХАЙРА,7
ХАЙРЕГЮЛ,6
ХАЙРЕДИН,209
ХАЙРЕДТИН,3
ХАЙРЕТ,11
ХАЙРЕТИН,88
ХАЙРЕТТИН,42
ХАЙРИ,639
ХАЙРИДИН,86
ХАЙРИЕ,1731
ХАЙРИТИН,16
ХАЙРИЯ,81
ХАЙРУЛА,136
ХАЙРУЛЛАХ,6
ХАЙРУН,3
ХАЙСЕЛ,6
ХАКА,21
ХАКАН,22
ХАКИМЕ,231
ХАКИФ,130
ХАККЪ,253
ХАКЪ,174
ХАЛ,3
ХАЛЕДИН,8
ХАЛИБРАМ,35
ХАЛИБРАХИМ,3
ХАЛИБРЯМ,338
ХАЛИД,207
ХАЛИДЕ,48
ХАЛИДИН,40
ХАЛИЕ,2
ХАЛИИБРЯМ,6
ХАЛИЛ,3377
ХАЛИЛИБРАХИМ,55
ХАЛИЛИБРЯМ,58
ХАЛИМ,637
ХАЛИМЕ,1335
ХАЛИС,62
ХАЛИСЕ,11
ХАЛИТ,191
ХАЛЮК,2
ХАМДЕ,232
ХАМДИ,601
ХАМДИЕ,100
ХАМДИЙЕ,6
ХАМДИЯ,37
ХАМЗА,80
ХАМИД,323
ХАМИДЕ,484
ХАМИДЯ,14
ХАМИЛ,57
ХАМИТ,5
ХАМИШ,43
ХАМЛЕТ,43
ХАНАМСЕР,7
ХАНДАН,4
ХАНИМЕ,90
ХАНИФЕ,19
ХАНЪМА,6
ХАПЕ,14
ХАППЕ,46
ХАППЕГЮЛ,6
ХАРАЛАМБИ,100
ХАРАЛАМПИ,206
ХАРАЛАМПИЙ,17
ХАРАЛАМПИЯ,8
ХАРАЛАН,53
ХАРИ,143
ХАРИЗАН,122
ХАРИЗАНА,93
ХАРИС,2
ХАРИТ,15
ХАРИТИН,19
ХАРИТОН,44
ХАРУН,22
ХАСАН,8893
ХАСАНАЛИ,6
ХАСАНДУРАН,15
ХАСАНСАБРИ,20
ХАСИБ,6
ХАСИБЕ,473
ХАСИЕ,155
ХАСИЛЕ,9
ХАСИМ,2
ХАСИМЕ,2
ХАСИНЕ,160
ХАСИЯ,13
ХАСМЕ,5
ХАТЕ,3
ХАТИДЖЕ,3431
ХАТИЕ,13
ХАТИЖЕ,57
ХАТИКЕ,68
ХАТКЕ,21
ХАТУФ,16
ХАТЧЕ,1476
ХАТЪФ,12
ХАТЯ,6
ХАУШ,15
ХАФИЗ,3
ХАФИЗЕ,1455
ХАФИСЕ,81
ХАФФЕ,6
ХАЧИК,2
ХАШИМ,213
ХАШИМЕ,24
ХАШЪМ,7
ХАЯЛИ,8
ХАЯТ,21
ХАЯТИ,11
ХАЯТИН,43
ХЕВЕДАМИ,8
ХЕДЖАБИ,2
ХЕДИЕ,35
ХЕДИЙЕ,2
ХЕДИЯ,10
ХЕЛГА,12
ХЕЛМИ,9
ХЕНРИХ,3
ХЕРУН,6
ХЕРУШ,6
ХИДАЕТ,122
ХИДЖАБИ,3
ХИДЖРЕТ,2
ХИКМЕД,2
ХИКМЕТ,589
ХИЛДА,6
ХИЛМИ,231
ХИЛМИЕ,25
ХИЛМИЯ,46
ХИМЕТ,25
ХИНКО,41
ХИНОМИР,14
ХИПО,3
ХОЖГЮЛ,14
ХОРИЕ,79
ХРАНИМИР,13
ХРАНИСЛАВ,3
ХРИЗАНТЕМА,29
ХРИПСИ,3
ХРИПСИМЕ,12
ХРИСА,8
ХРИСИМ,2
ХРИСИМИР,55
ХРИСКА,42
ХРИСО,71
ХРИСОНА,11
ХРИСТА,43
ХРИСТАКИ,2
ХРИСТАНА,3
ХРИСТЕАН,5
ХРИСТЕМ,5
ХРИСТЕНА,15
ХРИСТЕНКА,5
ХРИСТИАН,59
ХРИСТИАНА,48
ХРИСТИН,22
ХРИСТИНА,3315
ХРИСТИНКА,360
ХРИСТИЯН,312
ХРИСТИЯНА,53
ХРИСТКА,30
ХРИСТО,19437
ХРИСТОЗ,32
ХРИСТОМИР,42
ХРИСТОН,63
ХРИСТОС,69
ХРИСТОСКО,114
ХРИСТОФОР,218
ХРУСАФ,12
ХРЮСТЕМ,30
ХУБАВЕН,15
ХУБАВЕНА,30
ХУБАВКА,5
ХУБАН,14
ХУБЕН,198
ХУБИН,8
ХУЛКИ,8
ХУМЕЯ,6
ХУРИЕ,21
ХУРИЯ,3
ХУРМЕ,6
ХУРМИЕ,15
ХУСНИЕ,12
ХЪКЛИМЕ,9
ХЪКМЕД,4
ХЪКМЕТ,224
ХЪЛМИ,739
ХЪЛМИЕ,207
ХЪЛМИЯ,12
ХЪРФАН,29
ХЬОЗДЕН,4
ХЬОРЮ,11
ХЮДАЕТ,10
ХЮДАИМ,77
ХЮЛБИЕ,7
ХЮЛВИЕ,6
ХЮЛЕЯ,3
ХЮЛИЯ,188
ХЮЛЙА,12
ХЮЛЯ,25
ХЮМЕТ,39
ХЮМИЯ,6
ХЮММЕТ,6
ХЮМСЕЛИМЕ,6
ХЮРДЕС,6
ХЮРИ,8
ХЮРИЕ,48
ХЮРМИЕ,4
ХЮРМЮЗ,4
ХЮРЬО,5
ХЮРЮ,567
ХЮРЮСТЕМ,10
ХЮСАИН,27
ХЮСЕИН,4190
ХЮСЕИНАЛИ,49
ХЮСЕЙН,3
ХЮСМЕН,277
ХЮСМИЕ,8
ХЮСНИ,16
ХЮСНИЕ,184
ХЮСНИЛ,6
ХЮСНИЯ,48
ХЮСНЮ,437
ЦАЙКО,2
ЦАКО,15
ЦАНА,19
ЦАНИ,25
ЦАНИМИР,3
ЦАНИСЛАВ,13
ЦАНКА,303
ЦАНКО,835
ЦАНО,23
ЦАНЬО,83
ЦАНЮ,8
ЦАРИНА,28
ЦАЧО,4
ЦВЕТА,611
ЦВЕТАЛИН,5
ЦВЕТАЛИНА,57
ЦВЕТАН,5673
ЦВЕТАНА,1239
ЦВЕТАНКА,1905
ЦВЕТЕ,5
ЦВЕТЕЛИН,957
ЦВЕТЕЛИНА,2090
ЦВЕТЕЛИНКА,3
ЦВЕТЕМИРА,41
ЦВЕТИ,40
ЦВЕТИНА,61
ЦВЕТИСЛАВ,60
ЦВЕТКА,48
ЦВЕТКО,501
ЦВЕТЛИНА,10
ЦВЕТОЖАН,2
ЦВЕТОЗАР,74
ЦВЕТОЗАРА,8
ЦВЕТОЛИНА,3
ЦВЕТОЛЮБ,30
ЦВЕТОМИЛ,38
ЦВЕТОМИЛА,65
ЦВЕТОМИР,1560
ЦВЕТОМИРА,286
ЦВЕТОСЛАВ,333
ЦВЕТОСЛАВА,77
ЦВЯТКО,638
ЦЕКА,7
ЦЕКО,139
ЦЕНДА,2
ЦЕНКА,234
ЦЕНКО,224
ЦЕНО,142
ЦЕЦА,395
ЦЕЦИ,20
ЦЕЦКА,178
ЦЕЦКО,89
ЦЕЦО,40
ЦИКЛАМА,24
ЦИНКА,3
ЦОКО,60
ЦОЛА,2
ЦОЛКА,3
ЦОЛО,67
ЦОЛЬО,23
ЦОНА,156
ЦОНИ,24
ЦОНКА,523
ЦОНКО,300
ЦОНО,8
ЦОНЧО,25
ЦОНЬО,189
ЦОНЮ,150
ЦОЧО,117
ЧАВДАР,958
ЧАЙКА,6
ЧАНА,9
ЧАНКО,35
ЧАНЬО,6
ЧАНЮ,4
ЧАУШ,2
ЧЕЛИ,2
ЧЕНКО,33
ЧЕРНИКО,2
ЧЕРНЮ,29
ЧЕТИН,43
ЧИДЕМ,9
ЧИЛЕР,36
ЧИРО,11
ЧОНА,16
ЧОНЕ,5
ЧОНКА,52
ЧОНКО,14
ЧОНО,7
ЧОРТАН,6
ЧУБРА,2
ЧУБРИНКА,2
ЧУДИНКА,12
ЧУДОМИР,54
ЧУНКА,3
ШААЗИЕ,13
ШААСИНЕ,5
ШАБАН,2721
ШАБАНАЛИ,33
ШАВЕР,26
ШАВИД,12
ШАВИЕ,12
ШАВИЯ,6
ШАВКИЕ,27
ШАДАН,19
ШАДИ,16
ШАДИЕ,192
ШАЗАТ,2
ШАЗИ,12
ШАЗИЕ,638
ШАЗИНУР,5
ШАЗИЯ,20
ШАИБ,187
ШАИН,41
ШАИП,2
ШАЙДА,6
ШАЙДЕ,27
ШАЙНДЕ,11
ШАКИП,14
ШАКИР,416
ШАМАН,2
ШАМИЛЕ,6
ШАМСИ,10
ШАМСИДИН,2
ШАМСИЕ,2
ШАМСИНЕ,3
ШАМШИДЕ,12
ШАНАС,6
ШАНКО,5
ШАРИФ,15
ШАРФИЕ,2
ШАСИНЕ,187
ШАСНЕ,9
ШАФЕ,5
ШАФЕНАС,2
ШАФЕР,6
ШАФИЕ,86
ШАФИНЕС,24
ШАФКИЕ,47
ШАФКЪ,21
ШАХИДЕ,5
ШАХИН,173
ШАХИНЕР,3
ШАХСИЕ,8
ШАХСИНЕ,11
ШЕАСИНЕ,6
ШЕБАН,7
ШЕВАЛ,3
ШЕВАХТИН,5
ШЕВКЕ,9
ШЕВКЕД,74
ШЕВКЕТ,266
ШЕВКИ,142
ШЕВКИЕ,6
ШЕВКИЯ,12
ШЕВКЪ,2
ШЕЕРИ,8
ШЕЗААДИ,3
ШЕЗААИМ,8
ШЕЗАИ,94
ШЕЗАИД,3
ШЕЗАИЛ,3
ШЕЗАИМ,4
ШЕЗАИТ,27
ШЕЗЕ,6
ШЕЗИЕ,6
ШЕИБ,8
ШЕИБЯ,5
ШЕИН,46
ШЕЙДЕ,8
ШЕЙДИ,4
ШЕЙДИЕ,6
ШЕЙЗАДЕ,5
ШЕЙЗИРЕ,6
ШЕЙМЕ,27
ШЕЙНАЗ,9
ШЕЙНАСИ,5
ШЕЙНУР,48
ШЕЙРЕГЮЛ,5
ШЕЙРЕТ,6
ШЕЙРИ,51
ШЕЙРИЕ,3
ШЕЙРИН,25
ШЕКВЕ,8
ШЕКИБЕ,19
ШЕКИВЕ,28
ШЕКИП,6
ШЕКИР,85
ШЕКИФЕ,58
ШЕМЕДИН,3
ШЕМСЕДИН,45
ШЕМСИ,47
ШЕМСИДИН,170
ШЕМСИЕ,77
ШЕМШЕДИН,10
ШЕМШЕТИН,8
ШЕМШИ,25
ШЕМШИДИН,6
ШЕНАЙ,628
ШЕНАСИ,28
ШЕНБАХАР,3
ШЕНГЮЗЕЛ,14
ШЕНГЮЛ,394
ШЕНГЮЛЕР,25
ШЕНГЮН,35
ШЕНДЖАН,6
ШЕНДОАР,31
ШЕНДОГАР,26
ШЕНЕЛ,49
ШЕНЕР,295
ШЕНИЗ,5
ШЕНКО,6
ШЕННУР,3
ШЕНОЛ,1266
ШЕНСЕЗ,6
ШЕНСЕС,28
ШЕНСИС,4
ШЕНУРАЙ,4
ШЕНЯР,13
ШЕРАФЕДИН,34
ШЕРАФЕТ,10
ШЕРАФЕТИН,23
ШЕРАФИДИН,13
ШЕРБАН,121
ШЕРВИН,8
ШЕРДИХАН,5
ШЕРЕГЮЛ,6
ШЕРЕФНУР,3
ШЕРИ,116
ШЕРИБАН,2
ШЕРИГЮЛ,3
ШЕРИЕ,6
ШЕРИЗЕ,4
ШЕРИКЕ,86
ШЕРИМЕХМЕД,3
ШЕРИФ,663
ШЕРИФЕ,1167
ШЕРИФЕТИН,12
ШЕРИХАН,18
ШЕРМИН,141
ШЕРМИНЕ,3
ШЕРОЛ,5
ШЕРФЕ,113
ШЕРФЕЯ,14
ШЕРФИДИН,76
ШЕРФИЕ,26
ШЕРХАН,6
ШЕСИНЕ,12
ШЕФЕ,3
ШЕФИЕ,126
ШЕФИК,6
ШЕФИКА,157
ШЕФИКЕ,46
ШЕФИЯ,2
ШЕФКА,8
ШЕФКЕ,10
ШЕФКЕД,98
ШЕФКЕТ,760
ШЕФКИ,61
ШЕФКИЕ,64
ШЕФКИЯ,48
ШЕФКЪ,28
ШЕФКЪЕ,29
ШЕФУДУН,20
ШЕХБЕНУР,2
ШЕХИДЕ,27
ШЕХИН,14
ШЕХЛИВЕНТ,39
ШЕХРИ,84
ШЕХРИГЮЛ,10
ШЕХРИЕ,81
ШЕХРИН,34
ШЕЮБ,3
ШЕЮП,24
ШИБИЛ,47
ШИДЕР,14
ШИКЕР,6
ШИКИР,6
ШИМЛИМАН,3
ШИНА,109
ШИНАЙСИ,6
ШИНАСИ,187
ШИНКА,448
ШИРИН,424
ШИРИФЕ,6
ШИШМАН,6
ШОАИБ,2
ШОЗАП,8
ШОКРИ,22
ШОРАЙ,4
ШОРФЕ,24
ШОХРЕТ,22
ШУАИБ,170
ШУКРА,59
ШУКРАН,70
ШУКРЕТ,3
ШУКРИ,1675
ШУКРИЕ,637
ШУКРИМЕХМЕД,21
ШУКРИНАЗА,6
ШУКРИЯ,40
ШУКРЮ,48
ШУКРЯН,2
ШУНА,5
ШУРИК,11
ШУРФИЕ,6
ШЮКРИ,262
ШЮКРИЕ,475
ШЮКРИНАС,4
ШЮКРИЯ,2
ШЮКРЮ,691
ШЮКРЮЕ,6
ШЮКРЮМЕХМЕД,6
ШЯНГЮН,3
ЩЕЛИЯНА,7
ЩЕЛЯНА,9
ЩЕРИОН,8
ЩЕРКО,16
ЩЕРЬО,90
ЩЕРЮ,130
ЩЕРЯН,11
ЩИЛИЯН,95
ЩИЛИЯНА,39
ЩИЛЯН,39
ЩИЛЯНКА,31
ЩОНО,3
ЪЛМИ,6
ЪЛМИЕ,3
ЪРФАН,137
ЪРФАТ,8
ЮБЕИД,34
ЮДАВЕР,17
ЮДАЕТ,36
ЮДАИМ,61
ЮДЕИМ,2
ЮДЖЕЛ,385
ЮДЖЕТИН,31
ЮЖГЮН,22
ЮЖЕЛ,2
ЮЖЯЛ,2
ЮЗАЙ,11
ЮЗГЕР,12
ЮЗГУНАЙ,19
ЮЗГЮЛ,9
ЮЗГЮР,14
ЮЗГЯН,3
ЮЗДЕН,5
ЮЗДЕНКА,35
ЮЗДЖАН,723
ЮЗЕИР,275
ЮЗЕЙМЕ,51
ЮЗЕЛ,2
ЮЗЕНГЮЛ,6
ЮЗЕР,3
ЮЗЖАН,15
ЮЗИР,6
ЮЗКАН,20
ЮЗЛЕМ,71
ЮКЕ,19
ЮКИЕ,19
ЮКИЯ,62
ЮККЕ,36
ЮККЯ,2
ЮКСЕЛ,1255
ЮКСЯЛ,39
ЮКЮШ,12
ЮКЯ,8
ЮЛА,6
ЮЛАЙ,5
ЮЛБИЕ,62
ЮЛБИЯ,4
ЮЛВИ,6
ЮЛВИЕ,80
ЮЛВИНЕ,6
ЮЛВИЯ,50
ЮЛЕЯ,2
ЮЛЗИЕ,12
ЮЛИ,22
ЮЛИАН,491
ЮЛИАНА,149
ЮЛИЗАР,46
ЮЛИЙ,93
ЮЛИЯ,1255
ЮЛИЯН,2010
ЮЛИЯНА,315
ЮЛКА,92
ЮЛКЕН,20
ЮЛКЕР,68
ЮЛКЕРА,35
ЮЛКИЯ,6
ЮЛКЮ,16
ЮЛКЯН,2
ЮЛМИ,59
ЮЛМИЕ,13
ЮЛМИЯ,19
ЮЛСЕР,3
ЮЛФЕТ,72
ЮЛХАН,6
ЮМАН,9
ЮМАНЕ,16
ЮМБЮГЮЛ,6
ЮМГЮЛ,93
ЮМГЮЛСЮМ,33
ЮМГЮЛСЮН,37
ЮМГЮСЮМ,32
ЮМЕД,20
ЮМЕДХАСАН,2
ЮМЕР,1761
ЮМЕРДЖАН,2
ЮМЕРКЯМИЛ,3
ЮМЕРОСМАН,47
ЮМЕХАН,26
ЮМЗИЛЯ,3
ЮМИГЮЛ,8
ЮМИЕ,12
ЮМИТ,65
ЮМИХАНЕ,6
ЮМИША,14
ЮМИШЕ,25
ЮМИЯ,6
ЮМКА,6
ЮММЕТ,2
ЮММИ,6
ЮММЮ,120
ЮММЮГЮЛ,20
ЮММЮСЕЛИМЕ,26
ЮМПЕ,18
ЮМРАН,13
ЮМСЕЛИМЕ,26
ЮМЮ,253
ЮМЮГЮЛ,628
ЮМЮГЮЛСУМ,11
ЮМЮГЮЛСЮМ,88
ЮМЮГЮЛСЮМЕ,6
ЮМЮГЮСЮМ,75
ЮМЮЗ,6
ЮМЮЗЕЛИХА,9
ЮМЮС,8
ЮМЮТ,86
ЮМЮХАН,26
ЮМЮШ,27
ЮМЮШЕ,8
ЮНАЛ,178
ЮНДЕР,27
ЮНЕР,5
ЮНЕСКА,22
ЮНЗЕЛЕ,8
ЮНЗИЛЕ,136
ЮНЗИЛЯ,12
ЮНЗУЛЕ,10
ЮНЗЮЛЕ,76
ЮНСАЛ,2
ЮНСЯЛ,5
ЮНУЗ,157
ЮНУС,35
ЮРАЙ,8
ЮРБИЕ,6
ЮРВЕТ,8
ЮРДАНА,2
ЮРДАНУР,4
ЮРДЕНУР,25
ЮРИ,606
ЮРИЙ,484
ЮРИСЛАВ,23
ЮРИЯ,41
ЮРКА,41
ЮРКЕ,23
ЮРКИЕ,406
ЮРКИЯ,59
ЮРКЮШ,334
ЮРКЯ,52
ЮРМИЕ,13
ЮРМИС,5
ЮРМЮЗ,6
ЮРФАН,12
ЮРФЕТ,27
ЮРФИЕ,6
ЮРХАН,22
ЮСАИН,34
ЮСЕИН,5933
ЮСЕЙН,12
ЮСЕН,9
ЮСКАН,18
ЮСМЕГЮЛ,9
ЮСМЕН,159
ЮСМЮГЮЛ,106
ЮСМЯН,45
ЮСНИ,10
ЮСНИЕ,58
ЮСНИФЕР,5
ЮСНИЯ,61
ЮСНЮ,108
ЮСРЕФ,36
ЮСУФ,2667
ЮСУФАЛИ,10
ЮСУФФАХРИ,3
ЯВОР,929
ЯВУЗ,10
ЯГОДА,25
ЯГОДИН,6
ЯГОДИНКА,54
ЯГОДКА,16
ЯЗДАТ,5
ЯКИМ,116
ЯКО,49
ЯКОВ,7
ЯКУБ,619
ЯКУП,12
ЯКЪБ,83
ЯЛДЕВИС,14
ЯЛДЪЗ,27
ЯЛЧИН,6
ЯМЕН,5
ЯНА,1011
ЯНАК,11
ЯНАКИ,346
ЯНЕ,70
ЯНЕК,72
ЯНИ,1036
ЯНИК,8
ЯНИНА,3
ЯНИНКА,12
ЯНИС,23
ЯНИСЛАВ,128
ЯНИСЛАВА,11
ЯНИТА,69
ЯНИЦА,327
ЯНКА,3130
ЯНКО,3230
ЯНКОМИР,10
ЯНКУЛ,3
ЯНОР,17
ЯНУЗ,29
ЯНУС,16
ЯНУШ,4
ЯНУША,36
ЯНУШКА,6
ЯНЧО,804
ЯНЬО,26
ЯНЮ,23
ЯРМИЛА,6
ЯРОСЛАВ,60
ЯРОСЛАВА,8
ЯСЕМИН,19
ЯСЕН,736
ЯСЕНКА,14
ЯСИМ,70
ЯФЕС,20
ЯХА,8
ЯХИЯ,24
ЯХЯ,114
ЯШАР,501
ЯШАРАЛИ,41
ЯШКО,17
ЯШО,7
