ebk_code,province,municipality,residents_2023_12_31,residents_2024_12_31,residents_2025_12_31
5101,Благоевград,Банско,13161,13525,13668
5102,Благоевград,Белица,8980,8923,8807
5103,Благоевград,Благоевград,69015,69265,70708
5104,Благоевград,Гоце Делчев,28739,28714,28686
5105,Благоевград,Гърмен,14772,14806,14683
5106,Благоевград,Кресна,4340,4258,4201
5107,Благоевград,Петрич,46708,46343,45755
5108,Благоевград,Разлог,18443,18395,18306
5109,Благоевград,Сандански,35036,34716,34243
5110,Благоевград,Сатовча,12946,12765,12549
5111,Благоевград,Симитли,12709,12651,12457
5112,Благоевград,Струмяни,4489,4429,4378
5113,Благоевград,Хаджидимово,8490,8388,8203
5114,Благоевград,Якоруда,9249,9155,9000
5201,Бургас,Айтос,24967,24956,24781
5202,Бургас,Бургас,194809,195719,195912
5203,Бургас,Камено,9297,9239,9236
5204,Бургас,Карнобат,20144,19893,19638
5205,Бургас,Малко Търново,2558,2523,2479
5206,Бургас,Несебър,30282,33749,36656
5207,Бургас,Поморие,26102,26597,27092
5208,Бургас,Приморско,6174,6252,6269
5209,Бургас,Руен,25882,25818,25521
5210,Бургас,Созопол,12560,12628,12679
5211,Бургас,Средец,12939,12839,12711
5212,Бургас,Сунгурларе,10379,10288,10130
5213,Бургас,Царево,8353,8418,8396
5301,Варна,Аврен,8188,8178,8154
5302,Варна,Аксаково,19294,19203,19152
5303,Варна,Белослав,9519,9465,9318
5304,Варна,Бяла,3284,3394,3510
5305,Варна,Варна,323386,327424,331260
5306,Варна,Ветрино,4929,4801,4611
5307,Варна,Вълчи дол,7391,7277,7195
5308,Варна,Девня,7143,7077,7019
5309,Варна,Долни чифлик,15432,15373,15335
5310,Варна,Дългопол,11637,11526,11382
5311,Варна,Провадия,17655,17505,17337
5312,Варна,Суворово,6333,6298,6259
5401,Велико Търново,Велико Търново,76811,77049,77067
5402,Велико Търново,Горна Оряховица,36877,36312,35866
5403,Велико Търново,Елена,7473,7377,7290
5404,Велико Търново,Златарица,3396,3345,3311
5405,Велико Търново,Лясковец,10930,10781,10609
5406,Велико Търново,Павликени,18018,17650,17399
5407,Велико Търново,Полски Тръмбеш,10726,10570,10491
5408,Велико Търново,Свищов,26236,25720,25291
5409,Велико Търново,Стражица,9796,9699,9596
5410,Велико Търново,Сухиндол,1969,1910,1883
5501,Видин,Белоградчик,4818,4719,4653
5502,Видин,Бойница,744,712,694
5503,Видин,Брегово,3617,3509,3411
5504,Видин,Видин,45186,44663,44089
5505,Видин,Грамада,1269,1242,1217
5506,Видин,Димово,4717,4627,4571
5507,Видин,Кула,3100,2979,2902
5508,Видин,Макреш,1204,1115,1075
5509,Видин,Ново село,2423,2324,2270
5510,Видин,Ружинци,3096,3046,3015
5511,Видин,Чупрене,1599,1606,1568
5601,Враца,Борован,4780,4643,4606
5602,Враца,Бяла Слатина,19229,19085,18850
5603,Враца,Враца,59576,59130,58721
5605,Враца,Козлодуй,17598,17460,17368
5606,Враца,Криводол,7446,7350,7249
5607,Враца,Мездра,16760,16530,16260
5608,Враца,Мизия,5488,5398,5342
5609,Враца,Оряхово,8166,8070,7916
5610,Враца,Роман,4872,4720,4632
5611,Враца,Хайредин,3704,3616,3558
5701,Габрово,Габрово,49996,49472,48879
5702,Габрово,Дряново,7369,7263,7200
5703,Габрово,Севлиево,28711,28408,28104
5704,Габрово,Трявна,8786,8674,8539
5801,Добрич,Балчик,16341,16450,16452
5802,Добрич,Генерал Тошево,10782,10595,10471
5803,Добрич,Добрич,70411,69434,68573
5804,Добрич,Добричка,17232,17129,17039
5805,Добрич,Каварна,12928,12805,12627
5806,Добрич,Крушари,3162,3111,3088
5807,Добрич,Тервел,11935,11913,11892
5808,Добрич,Шабла,3844,3770,3716
5901,Кърджали,Ардино,11785,12047,12201
5902,Кърджали,Джебел,8837,9002,9290
5903,Кърджали,Кирково,20927,21393,21769
5904,Кърджали,Крумовград,17584,18000,18280
5905,Кърджали,Кърджали,64690,65935,67238
5906,Кърджали,Момчилград,15038,15454,15660
5907,Кърджали,Черноочене,7701,7647,7590
6001,Кюстендил,Бобовдол,6517,6341,6208
6002,Кюстендил,Бобошево,2282,2206,2145
6003,Кюстендил,Дупница,36305,35930,35547
6004,Кюстендил,Кочериново,4075,3923,3832
6005,Кюстендил,Кюстендил,47337,46856,46391
6006,Кюстендил,Невестино,1769,1689,1636
6007,Кюстендил,Рила,2328,2284,2248
6008,Кюстендил,Сапарева баня,6508,6380,6238
6009,Кюстендил,Трекляно,552,522,495
6101,Ловеч,Априлци,2665,2605,2561
6102,Ловеч,Летница,3551,3489,3454
6103,Ловеч,Ловеч,36873,36384,35792
6104,Ловеч,Луковит,15382,15251,15128
6105,Ловеч,Тетевен,17311,17182,16945
6106,Ловеч,Троян,25835,25476,25205
6107,Ловеч,Угърчин,5075,4989,4942
6108,Ловеч,Ябланица,5533,5447,5419
6201,Монтана,Берковица,13848,13641,13468
6202,Монтана,Бойчиновци,7553,7388,7274
6203,Монтана,Брусарци,3951,3865,3824
6204,Монтана,Вълчедръм,7326,7234,7116
6205,Монтана,Вършец,6663,6507,6350
6206,Монтана,Георги Дамяново,1961,1893,1864
6207,Монтана,Лом,20087,19755,19350
6208,Монтана,Медковец,2988,2973,2936
6209,Монтана,Монтана,43938,43397,42776
6210,Монтана,Чипровци,2738,2665,2618
6211,Монтана,Якимово,3473,3419,3394
6301,Пазарджик,Батак,4678,4636,4564
6302,Пазарджик,Белово,7025,6873,6710
6303,Пазарджик,Брацигово,7215,7094,6985
6304,Пазарджик,Велинград,32362,32181,31928
6305,Пазарджик,Лесичово,4731,4653,4625
6306,Пазарджик,Пазарджик,89507,88700,87766
6307,Пазарджик,Панагюрище,21200,20895,20690
6308,Пазарджик,Пещера,14440,14382,14163
6309,Пазарджик,Ракитово,14033,14334,14238
6310,Пазарджик,Септември,21135,20914,20684
6311,Пазарджик,Стрелча,4236,4187,4131
6312,Пазарджик,Сърница,4699,4645,4692
6401,Перник,Брезник,5550,5518,5426
6402,Перник,Земен,2138,2062,1965
6403,Перник,Ковачевци,1332,1284,1231
6404,Перник,Перник,81819,81170,80576
6405,Перник,Радомир,16792,16543,16416
6406,Перник,Трън,3401,3309,3257
6501,Плевен,Белене,7304,7127,6927
6502,Плевен,Гулянци,8961,8727,8535
6503,Плевен,Долна Митрополия,16121,15866,15595
6504,Плевен,Долни Дъбник,9693,9509,9415
6505,Плевен,Искър,5451,5389,5313
6506,Плевен,Левски,14807,14521,14246
6507,Плевен,Никопол,6548,6443,6322
6508,Плевен,Плевен,109767,109080,108440
6509,Плевен,Пордим,4725,4636,4527
6510,Плевен,Червен бряг,22077,21758,21479
6511,Плевен,Кнежа,12427,12270,12091
6601,Пловдив,Асеновград,56941,56859,56647
6602,Пловдив,Брезово,5956,5877,5779
6603,Пловдив,Калояново,10328,10231,10102
6604,Пловдив,Карлово,45317,44894,44470
6605,Пловдив,Кричим,7149,7128,7094
6606,Пловдив,Лъки,2123,2043,1990
6607,Пловдив,„Марица“,31422,31191,31043
6608,Пловдив,Перущица,4186,4148,4136
6609,Пловдив,Пловдив,325485,329489,333994
6610,Пловдив,Първомай,21072,20757,20494
6611,Пловдив,Раковски,25514,25389,25280
6612,Пловдив,„Родопи“,32323,32359,32446
6613,Пловдив,Садово,14504,14528,14487
6614,Пловдив,Стамболийски,17762,17654,17536
6615,Пловдив,Съединение,9013,8858,8772
6616,Пловдив,Хисаря,10120,9952,9842
6617,Пловдив,Куклен,6165,6134,6092
6618,Пловдив,Сопот,8206,8139,8086
6701,Разград,Завет,7793,7692,7600
6702,Разград,Исперих,18843,18701,18410
6703,Разград,Кубрат,13704,13460,13235
6704,Разград,Лозница,7602,7510,7408
6705,Разград,Разград,42507,41981,41510
6706,Разград,Самуил,5862,5805,5735
6707,Разград,Цар Калоян,4385,4310,4185
6801,Русе,Борово,3855,3816,3752
6802,Русе,Бяла,10073,9946,9802
6803,Русе,Ветово,9748,9610,9483
6804,Русе,Две могили,6672,6538,6452
6805,Русе,Иваново,7171,7043,6875
6806,Русе,Русе,138084,137159,136112
6807,Русе,Сливо поле,8156,8029,7917
6808,Русе,Ценово,4071,3952,3858
6901,Силистра,Алфатар,2232,2182,2149
6902,Силистра,Главиница,8600,8517,8417
6903,Силистра,Дулово,23781,23609,23435
6904,Силистра,Кайнарджа,3899,3891,3842
6905,Силистра,Силистра,40146,39578,38980
6906,Силистра,Ситово,4355,4279,4283
6907,Силистра,Тутракан,11726,11493,11259
7001,Сливен,Котел,15875,15819,15704
7002,Сливен,Нова Загора,30007,29846,29525
7003,Сливен,Сливен,110972,110470,109879
7004,Сливен,Твърдица,13197,13164,13159
7101,Смолян,Баните,3078,2957,2843
7102,Смолян,Борино,2435,2376,2312
7103,Смолян,Девин,9275,9101,8874
7104,Смолян,Доспат,7132,6995,6784
7105,Смолян,Златоград,9304,9188,9037
7106,Смолян,Мадан,9603,9479,9348
7107,Смолян,Неделино,4844,4691,4515
7108,Смолян,Рудозем,8362,8222,8122
7109,Смолян,Смолян,32351,31910,31514
7110,Смолян,Чепеларе,5723,5615,5467
7225,София-град,Столична община,1286965,1295931,1303813
7301,Софийска,Антон,1403,1391,1385
7302,Софийска,Божурище,9300,9298,9318
7303,Софийска,Ботевград,30478,30225,30040
7304,Софийска,Годеч,4794,4726,4646
7305,Софийска,Горна Малина,6252,6258,6213
7306,Софийска,Долна баня,4249,4229,4238
7307,Софийска,Драгоман,4462,4436,4394
7308,Софийска,Елин Пелин,22847,22841,22867
7309,Софийска,Етрополе,10562,10445,10268
7310,Софийска,Златица,4746,4683,4598
7311,Софийска,Ихтиман,17022,16924,16808
7312,Софийска,Копривщица,1960,1889,1852
7313,Софийска,Костенец,10679,10531,10396
7314,Софийска,Костинброд,17497,17430,17391
7315,Софийска,Мирково,2241,2188,2156
7316,Софийска,Пирдоп,6991,6887,6789
7317,Софийска,Правец,7024,7014,6968
7318,Софийска,Самоков,33949,33703,33375
7319,Софийска,Своге,18708,18437,18184
7320,Софийска,Сливница,8644,8578,8478
7321,Софийска,Чавдар,1162,1143,1129
7322,Софийска,Челопеч,1450,1445,1453
7401,Стара Загора,Братя Даскалови,7093,7023,6880
7402,Стара Загора,Гурково,4356,4355,4351
7403,Стара Загора,Гълъбово,10402,10138,9941
7404,Стара Загора,Казанлък,64041,63529,62923
7405,Стара Загора,Мъглиж,9659,9591,9515
7406,Стара Загора,Николаево,4258,4230,4254
7407,Стара Загора,Опан,2313,2238,2163
7408,Стара Загора,Павел баня,12339,12188,12070
7409,Стара Загора,Раднево,15977,15760,15579
7410,Стара Загора,Стара Загора,142348,142296,141748
7411,Стара Загора,Чирпан,17564,17388,17298
7501,Търговище,Антоново,4484,4440,4356
7502,Търговище,Омуртаг,15822,15685,15443
7503,Търговище,Опака,5312,5188,5073
7504,Търговище,Попово,21870,21599,21265
7505,Търговище,Търговище,48121,47823,47496
7601,Хасково,Димитровград,42941,42440,41858
7602,Хасково,Ивайловград,5024,4904,4811
7603,Хасково,Любимец,8656,8607,8499
7604,Хасково,Маджарово,1774,1786,1765
7605,Хасково,Минерални бани,5515,5471,5555
7606,Хасково,Свиленград,20333,20110,19993
7607,Хасково,Симеоновград,7461,7349,7359
7608,Хасково,Стамболово,6172,6571,6651
7609,Хасково,Тополовград,8675,8458,8260
7610,Хасково,Харманли,21228,22848,22716
7611,Хасково,Хасково,79335,78812,78235
7701,Шумен,Велики Преслав,10096,9975,9833
7702,Шумен,Венец,6209,6221,6233
7703,Шумен,Върбица,7697,7689,7651
7704,Шумен,Каолиново,10707,10786,10768
7705,Шумен,Каспичан,6283,6193,6139
7706,Шумен,Никола Козлево,5338,5326,5333
7707,Шумен,Нови пазар,14409,14276,14171
7708,Шумен,Смядово,5332,5271,5185
7709,Шумен,Хитрино,6054,6152,6193
7710,Шумен,Шумен,77574,77390,77095
7801,Ямбол,Болярово,2986,2945,2930
7802,Ямбол,Елхово,12795,12589,12450
7803,Ямбол,Стралджа,10112,10048,9998
7804,Ямбол,„Тунджа“,20672,20483,20196
7805,Ямбол,Ямбол,59755,59364,58997
