function,subfunction,row_kind,row,column,value_mBGN
I. ОБЩИ ДЪРЖАВНИ СЛУЖБИ,,function,I. ОБЩИ ДЪРЖАВНИ СЛУЖБИ,КФП,"3 951,0"
I. ОБЩИ ДЪРЖАВНИ СЛУЖБИ,,function,I. ОБЩИ ДЪРЖАВНИ СЛУЖБИ,ДБ,"1 966,0"
I. ОБЩИ ДЪРЖАВНИ СЛУЖБИ,,function,I. ОБЩИ ДЪРЖАВНИ СЛУЖБИ,ДВУ,"46,0"
I. ОБЩИ ДЪРЖАВНИ СЛУЖБИ,,function,I. ОБЩИ ДЪРЖАВНИ СЛУЖБИ,БАН,"265,1"
I. ОБЩИ ДЪРЖАВНИ СЛУЖБИ,,function,I. ОБЩИ ДЪРЖАВНИ СЛУЖБИ,ССА,"86,7"
I. ОБЩИ ДЪРЖАВНИ СЛУЖБИ,,function,I. ОБЩИ ДЪРЖАВНИ СЛУЖБИ,Общи-ни,"1 346,1"
I. ОБЩИ ДЪРЖАВНИ СЛУЖБИ,,function,I. ОБЩИ ДЪРЖАВНИ СЛУЖБИ,ДМП,"5,7"
I. ОБЩИ ДЪРЖАВНИ СЛУЖБИ,,function,I. ОБЩИ ДЪРЖАВНИ СЛУЖБИ,Европ. средства,"232,0"
I. ОБЩИ ДЪРЖАВНИ СЛУЖБИ,,function,I. ОБЩИ ДЪРЖАВНИ СЛУЖБИ,ДП НПЦ,"2,6"
I. ОБЩИ ДЪРЖАВНИ СЛУЖБИ,,function,I. ОБЩИ ДЪРЖАВНИ СЛУЖБИ,др. сметки /чужди ср/ва на министерства и ведомства/,"0,7"
I. ОБЩИ ДЪРЖАВНИ СЛУЖБИ,А. ИЗПЪЛНИТЕЛНИ И ЗАКОНОДАТЕЛНИ ОРГАНИ,subfunction,А. ИЗПЪЛНИТЕЛНИ И ЗАКОНОДАТЕЛНИ ОРГАНИ,КФП,"3 263,4"
I. ОБЩИ ДЪРЖАВНИ СЛУЖБИ,А. ИЗПЪЛНИТЕЛНИ И ЗАКОНОДАТЕЛНИ ОРГАНИ,subfunction,А. ИЗПЪЛНИТЕЛНИ И ЗАКОНОДАТЕЛНИ ОРГАНИ,ДБ,"1 736,4"
I. ОБЩИ ДЪРЖАВНИ СЛУЖБИ,А. ИЗПЪЛНИТЕЛНИ И ЗАКОНОДАТЕЛНИ ОРГАНИ,subfunction,А. ИЗПЪЛНИТЕЛНИ И ЗАКОНОДАТЕЛНИ ОРГАНИ,Общи-ни,"1 346,1"
I. ОБЩИ ДЪРЖАВНИ СЛУЖБИ,А. ИЗПЪЛНИТЕЛНИ И ЗАКОНОДАТЕЛНИ ОРГАНИ,subfunction,А. ИЗПЪЛНИТЕЛНИ И ЗАКОНОДАТЕЛНИ ОРГАНИ,ДМП,"5,2"
I. ОБЩИ ДЪРЖАВНИ СЛУЖБИ,А. ИЗПЪЛНИТЕЛНИ И ЗАКОНОДАТЕЛНИ ОРГАНИ,subfunction,А. ИЗПЪЛНИТЕЛНИ И ЗАКОНОДАТЕЛНИ ОРГАНИ,Европ. средства,"175,0"
I. ОБЩИ ДЪРЖАВНИ СЛУЖБИ,А. ИЗПЪЛНИТЕЛНИ И ЗАКОНОДАТЕЛНИ ОРГАНИ,subfunction,А. ИЗПЪЛНИТЕЛНИ И ЗАКОНОДАТЕЛНИ ОРГАНИ,др. сметки /чужди ср/ва на министерства и ведомства/,"0,7"
I. ОБЩИ ДЪРЖАВНИ СЛУЖБИ,А. ИЗПЪЛНИТЕЛНИ И ЗАКОНОДАТЕЛНИ ОРГАНИ,line,Текущи нелихвени разходи,КФП,"3 029,7"
I. ОБЩИ ДЪРЖАВНИ СЛУЖБИ,А. ИЗПЪЛНИТЕЛНИ И ЗАКОНОДАТЕЛНИ ОРГАНИ,line,Текущи нелихвени разходи,ДБ,"1 631,3"
I. ОБЩИ ДЪРЖАВНИ СЛУЖБИ,А. ИЗПЪЛНИТЕЛНИ И ЗАКОНОДАТЕЛНИ ОРГАНИ,line,Текущи нелихвени разходи,Общи-ни,"1 299,9"
I. ОБЩИ ДЪРЖАВНИ СЛУЖБИ,А. ИЗПЪЛНИТЕЛНИ И ЗАКОНОДАТЕЛНИ ОРГАНИ,line,Текущи нелихвени разходи,ДМП,"3,7"
I. ОБЩИ ДЪРЖАВНИ СЛУЖБИ,А. ИЗПЪЛНИТЕЛНИ И ЗАКОНОДАТЕЛНИ ОРГАНИ,line,Текущи нелихвени разходи,Европ. средства,"94,0"
I. ОБЩИ ДЪРЖАВНИ СЛУЖБИ,А. ИЗПЪЛНИТЕЛНИ И ЗАКОНОДАТЕЛНИ ОРГАНИ,line,Текущи нелихвени разходи,др. сметки /чужди ср/ва на министерства и ведомства/,"0,7"
I. ОБЩИ ДЪРЖАВНИ СЛУЖБИ,А. ИЗПЪЛНИТЕЛНИ И ЗАКОНОДАТЕЛНИ ОРГАНИ,line,Капиталови разходи,КФП,"228,8"
I. ОБЩИ ДЪРЖАВНИ СЛУЖБИ,А. ИЗПЪЛНИТЕЛНИ И ЗАКОНОДАТЕЛНИ ОРГАНИ,line,Капиталови разходи,ДБ,"100,8"
I. ОБЩИ ДЪРЖАВНИ СЛУЖБИ,А. ИЗПЪЛНИТЕЛНИ И ЗАКОНОДАТЕЛНИ ОРГАНИ,line,Капиталови разходи,Общи-ни,"46,2"
I. ОБЩИ ДЪРЖАВНИ СЛУЖБИ,А. ИЗПЪЛНИТЕЛНИ И ЗАКОНОДАТЕЛНИ ОРГАНИ,line,Капиталови разходи,ДМП,"1,5"
I. ОБЩИ ДЪРЖАВНИ СЛУЖБИ,А. ИЗПЪЛНИТЕЛНИ И ЗАКОНОДАТЕЛНИ ОРГАНИ,line,Капиталови разходи,Европ. средства,"80,3"
I. ОБЩИ ДЪРЖАВНИ СЛУЖБИ,А. ИЗПЪЛНИТЕЛНИ И ЗАКОНОДАТЕЛНИ ОРГАНИ,line,Пред. тек. и кап. тр/ри за чужбина,КФП,"5,0"
I. ОБЩИ ДЪРЖАВНИ СЛУЖБИ,А. ИЗПЪЛНИТЕЛНИ И ЗАКОНОДАТЕЛНИ ОРГАНИ,line,Пред. тек. и кап. тр/ри за чужбина,ДБ,"4,3"
I. ОБЩИ ДЪРЖАВНИ СЛУЖБИ,А. ИЗПЪЛНИТЕЛНИ И ЗАКОНОДАТЕЛНИ ОРГАНИ,line,Пред. тек. и кап. тр/ри за чужбина,Европ. средства,"0,61"
I. ОБЩИ ДЪРЖАВНИ СЛУЖБИ,Б. ОБЩИ СЛУЖБИ,subfunction,Б. ОБЩИ СЛУЖБИ,КФП,"183,6"
I. ОБЩИ ДЪРЖАВНИ СЛУЖБИ,Б. ОБЩИ СЛУЖБИ,subfunction,Б. ОБЩИ СЛУЖБИ,ДБ,"167,9"
I. ОБЩИ ДЪРЖАВНИ СЛУЖБИ,Б. ОБЩИ СЛУЖБИ,subfunction,Б. ОБЩИ СЛУЖБИ,ДМП,"0,4"
I. ОБЩИ ДЪРЖАВНИ СЛУЖБИ,Б. ОБЩИ СЛУЖБИ,subfunction,Б. ОБЩИ СЛУЖБИ,Европ. средства,"15,3"
I. ОБЩИ ДЪРЖАВНИ СЛУЖБИ,Б. ОБЩИ СЛУЖБИ,line,Текущи нелихвени разходи,КФП,"127,4"
I. ОБЩИ ДЪРЖАВНИ СЛУЖБИ,Б. ОБЩИ СЛУЖБИ,line,Текущи нелихвени разходи,ДБ,"114,2"
I. ОБЩИ ДЪРЖАВНИ СЛУЖБИ,Б. ОБЩИ СЛУЖБИ,line,Текущи нелихвени разходи,ДМП,"0,4"
I. ОБЩИ ДЪРЖАВНИ СЛУЖБИ,Б. ОБЩИ СЛУЖБИ,line,Текущи нелихвени разходи,Европ. средства,"12,8"
I. ОБЩИ ДЪРЖАВНИ СЛУЖБИ,Б. ОБЩИ СЛУЖБИ,line,Капиталови разходи,КФП,"56,2"
I. ОБЩИ ДЪРЖАВНИ СЛУЖБИ,Б. ОБЩИ СЛУЖБИ,line,Капиталови разходи,ДБ,"53,7"
I. ОБЩИ ДЪРЖАВНИ СЛУЖБИ,Б. ОБЩИ СЛУЖБИ,line,Капиталови разходи,Европ. средства,"2,5"
I. ОБЩИ ДЪРЖАВНИ СЛУЖБИ,Б. ОБЩИ СЛУЖБИ,line,в т.ч. прираст на държавния резерв,КФП,"15,4"
I. ОБЩИ ДЪРЖАВНИ СЛУЖБИ,Б. ОБЩИ СЛУЖБИ,line,в т.ч. прираст на държавния резерв,ДБ,"15,4"
I. ОБЩИ ДЪРЖАВНИ СЛУЖБИ,Б. ОБЩИ СЛУЖБИ,line,Пред. тек. и кап. тр/ри за чужбина,КФП,"0,01"
I. ОБЩИ ДЪРЖАВНИ СЛУЖБИ,Б. ОБЩИ СЛУЖБИ,line,Пред. тек. и кап. тр/ри за чужбина,ДМП,"-0,002"
I. ОБЩИ ДЪРЖАВНИ СЛУЖБИ,В. НАУКА,subfunction,В. НАУКА,КФП,"503,9"
I. ОБЩИ ДЪРЖАВНИ СЛУЖБИ,В. НАУКА,subfunction,В. НАУКА,ДБ,"61,7"
I. ОБЩИ ДЪРЖАВНИ СЛУЖБИ,В. НАУКА,subfunction,В. НАУКА,ДВУ,"46,0"
I. ОБЩИ ДЪРЖАВНИ СЛУЖБИ,В. НАУКА,subfunction,В. НАУКА,БАН,"265,1"
I. ОБЩИ ДЪРЖАВНИ СЛУЖБИ,В. НАУКА,subfunction,В. НАУКА,ССА,"86,7"
I. ОБЩИ ДЪРЖАВНИ СЛУЖБИ,В. НАУКА,subfunction,В. НАУКА,ДМП,"0,006"
I. ОБЩИ ДЪРЖАВНИ СЛУЖБИ,В. НАУКА,subfunction,В. НАУКА,Европ. средства,"41,8"
I. ОБЩИ ДЪРЖАВНИ СЛУЖБИ,В. НАУКА,subfunction,В. НАУКА,ДП НПЦ,"2,6"
I. ОБЩИ ДЪРЖАВНИ СЛУЖБИ,В. НАУКА,line,Текущи нелихвени разходи,КФП,"465,8"
I. ОБЩИ ДЪРЖАВНИ СЛУЖБИ,В. НАУКА,line,Текущи нелихвени разходи,ДБ,"60,8"
I. ОБЩИ ДЪРЖАВНИ СЛУЖБИ,В. НАУКА,line,Текущи нелихвени разходи,ДВУ,"36,6"
I. ОБЩИ ДЪРЖАВНИ СЛУЖБИ,В. НАУКА,line,Текущи нелихвени разходи,БАН,"252,6"
I. ОБЩИ ДЪРЖАВНИ СЛУЖБИ,В. НАУКА,line,Текущи нелихвени разходи,ССА,"85,0"
I. ОБЩИ ДЪРЖАВНИ СЛУЖБИ,В. НАУКА,line,Текущи нелихвени разходи,ДМП,"0,004"
I. ОБЩИ ДЪРЖАВНИ СЛУЖБИ,В. НАУКА,line,Текущи нелихвени разходи,Европ. средства,"28,2"
I. ОБЩИ ДЪРЖАВНИ СЛУЖБИ,В. НАУКА,line,Текущи нелихвени разходи,ДП НПЦ,"2,6"
I. ОБЩИ ДЪРЖАВНИ СЛУЖБИ,В. НАУКА,line,Капиталови разходи,КФП,"36,9"
I. ОБЩИ ДЪРЖАВНИ СЛУЖБИ,В. НАУКА,line,Капиталови разходи,ДБ,"0,9"
I. ОБЩИ ДЪРЖАВНИ СЛУЖБИ,В. НАУКА,line,Капиталови разходи,ДВУ,"9,4"
I. ОБЩИ ДЪРЖАВНИ СЛУЖБИ,В. НАУКА,line,Капиталови разходи,БАН,"12,3"
I. ОБЩИ ДЪРЖАВНИ СЛУЖБИ,В. НАУКА,line,Капиталови разходи,ССА,"1,7"
I. ОБЩИ ДЪРЖАВНИ СЛУЖБИ,В. НАУКА,line,Капиталови разходи,ДМП,"0,002"
I. ОБЩИ ДЪРЖАВНИ СЛУЖБИ,В. НАУКА,line,Капиталови разходи,Европ. средства,"12,6"
I. ОБЩИ ДЪРЖАВНИ СЛУЖБИ,В. НАУКА,line,Капиталови разходи,ДП НПЦ,"0,04"
I. ОБЩИ ДЪРЖАВНИ СЛУЖБИ,В. НАУКА,line,Пред. тек. и кап. тр/ри за чужбина,КФП,"1,2"
I. ОБЩИ ДЪРЖАВНИ СЛУЖБИ,В. НАУКА,line,Пред. тек. и кап. тр/ри за чужбина,БАН,"0,2"
I. ОБЩИ ДЪРЖАВНИ СЛУЖБИ,В. НАУКА,line,Пред. тек. и кап. тр/ри за чужбина,Европ. средства,"1,0"
II. ОТБРАНА И СИГУРНОСТ,,function,II. ОТБРАНА И СИГУРНОСТ,КФП,"8 858,3"
II. ОТБРАНА И СИГУРНОСТ,,function,II. ОТБРАНА И СИГУРНОСТ,ДБ,"8 347,2"
II. ОТБРАНА И СИГУРНОСТ,,function,II. ОТБРАНА И СИГУРНОСТ,Соц. осигу ряване,"0,2"
II. ОТБРАНА И СИГУРНОСТ,,function,II. ОТБРАНА И СИГУРНОСТ,ДВУ,"0,50"
II. ОТБРАНА И СИГУРНОСТ,,function,II. ОТБРАНА И СИГУРНОСТ,БАН,"0,2"
II. ОТБРАНА И СИГУРНОСТ,,function,II. ОТБРАНА И СИГУРНОСТ,БНР,"0,03"
II. ОТБРАНА И СИГУРНОСТ,,function,II. ОТБРАНА И СИГУРНОСТ,БНТ,"0,044"
II. ОТБРАНА И СИГУРНОСТ,,function,II. ОТБРАНА И СИГУРНОСТ,Общи - ни,"187,1"
II. ОТБРАНА И СИГУРНОСТ,,function,II. ОТБРАНА И СИГУРНОСТ,ДМП,"64,7"
II. ОТБРАНА И СИГУРНОСТ,,function,II. ОТБРАНА И СИГУРНОСТ,Европ. ср-ва,"258,3"
II. ОТБРАНА И СИГУРНОСТ,А. ОТБРАНА,subfunction,А. ОТБРАНА,КФП,"3 251,7"
II. ОТБРАНА И СИГУРНОСТ,А. ОТБРАНА,subfunction,А. ОТБРАНА,ДБ,"3 219,9"
II. ОТБРАНА И СИГУРНОСТ,А. ОТБРАНА,subfunction,А. ОТБРАНА,ДВУ,"0,0007"
II. ОТБРАНА И СИГУРНОСТ,А. ОТБРАНА,subfunction,А. ОТБРАНА,Общи - ни,"0,0"
II. ОТБРАНА И СИГУРНОСТ,А. ОТБРАНА,subfunction,А. ОТБРАНА,ДМП,"31,7"
II. ОТБРАНА И СИГУРНОСТ,А. ОТБРАНА,subfunction,А. ОТБРАНА,Европ. ср-ва,"0,05"
II. ОТБРАНА И СИГУРНОСТ,А. ОТБРАНА,line,Текущи нелихвени разходи,КФП,"1 984,3"
II. ОТБРАНА И СИГУРНОСТ,А. ОТБРАНА,line,Текущи нелихвени разходи,ДБ,"1 984,0"
II. ОТБРАНА И СИГУРНОСТ,А. ОТБРАНА,line,Текущи нелихвени разходи,ДВУ,"0,0007"
II. ОТБРАНА И СИГУРНОСТ,А. ОТБРАНА,line,Текущи нелихвени разходи,Общи - ни,"0,03"
II. ОТБРАНА И СИГУРНОСТ,А. ОТБРАНА,line,Текущи нелихвени разходи,ДМП,"0,2"
II. ОТБРАНА И СИГУРНОСТ,А. ОТБРАНА,line,Текущи нелихвени разходи,Европ. ср-ва,"0,05"
II. ОТБРАНА И СИГУРНОСТ,А. ОТБРАНА,line,Капиталови разходи,КФП,"1 267,4"
II. ОТБРАНА И СИГУРНОСТ,А. ОТБРАНА,line,Капиталови разходи,ДБ,"1 235,9"
II. ОТБРАНА И СИГУРНОСТ,А. ОТБРАНА,line,Капиталови разходи,Общи - ни,"0,001"
II. ОТБРАНА И СИГУРНОСТ,А. ОТБРАНА,line,Капиталови разходи,ДМП,"31,4"
II. ОТБРАНА И СИГУРНОСТ,"Б. ПОЛИЦИЯ, ВЪТРЕШЕН РЕД И СИГУРНОСТ",subfunction,"Б. ПОЛИЦИЯ, ВЪТРЕШЕН РЕД И СИГУРНОСТ",КФП,"3 663,7"
II. ОТБРАНА И СИГУРНОСТ,"Б. ПОЛИЦИЯ, ВЪТРЕШЕН РЕД И СИГУРНОСТ",subfunction,"Б. ПОЛИЦИЯ, ВЪТРЕШЕН РЕД И СИГУРНОСТ",ДБ,"3 405,2"
II. ОТБРАНА И СИГУРНОСТ,"Б. ПОЛИЦИЯ, ВЪТРЕШЕН РЕД И СИГУРНОСТ",subfunction,"Б. ПОЛИЦИЯ, ВЪТРЕШЕН РЕД И СИГУРНОСТ",Общи - ни,"38,5"
II. ОТБРАНА И СИГУРНОСТ,"Б. ПОЛИЦИЯ, ВЪТРЕШЕН РЕД И СИГУРНОСТ",subfunction,"Б. ПОЛИЦИЯ, ВЪТРЕШЕН РЕД И СИГУРНОСТ",ДМП,"11,4"
II. ОТБРАНА И СИГУРНОСТ,"Б. ПОЛИЦИЯ, ВЪТРЕШЕН РЕД И СИГУРНОСТ",subfunction,"Б. ПОЛИЦИЯ, ВЪТРЕШЕН РЕД И СИГУРНОСТ",Европ. ср-ва,"208,6"
II. ОТБРАНА И СИГУРНОСТ,"Б. ПОЛИЦИЯ, ВЪТРЕШЕН РЕД И СИГУРНОСТ",line,Текущи нелихвени разходи,КФП,"3 369,2"
II. ОТБРАНА И СИГУРНОСТ,"Б. ПОЛИЦИЯ, ВЪТРЕШЕН РЕД И СИГУРНОСТ",line,Текущи нелихвени разходи,ДБ,"3 249,9"
II. ОТБРАНА И СИГУРНОСТ,"Б. ПОЛИЦИЯ, ВЪТРЕШЕН РЕД И СИГУРНОСТ",line,Текущи нелихвени разходи,Общи - ни,"32,7"
II. ОТБРАНА И СИГУРНОСТ,"Б. ПОЛИЦИЯ, ВЪТРЕШЕН РЕД И СИГУРНОСТ",line,Текущи нелихвени разходи,ДМП,"8,1"
II. ОТБРАНА И СИГУРНОСТ,"Б. ПОЛИЦИЯ, ВЪТРЕШЕН РЕД И СИГУРНОСТ",line,Текущи нелихвени разходи,Европ. ср-ва,"78,5"
II. ОТБРАНА И СИГУРНОСТ,"Б. ПОЛИЦИЯ, ВЪТРЕШЕН РЕД И СИГУРНОСТ",line,Капиталови разходи,КФП,"293,3"
II. ОТБРАНА И СИГУРНОСТ,"Б. ПОЛИЦИЯ, ВЪТРЕШЕН РЕД И СИГУРНОСТ",line,Капиталови разходи,ДБ,"155,2"
II. ОТБРАНА И СИГУРНОСТ,"Б. ПОЛИЦИЯ, ВЪТРЕШЕН РЕД И СИГУРНОСТ",line,Капиталови разходи,Общи - ни,"5,8"
II. ОТБРАНА И СИГУРНОСТ,"Б. ПОЛИЦИЯ, ВЪТРЕШЕН РЕД И СИГУРНОСТ",line,Капиталови разходи,ДМП,"2,83"
II. ОТБРАНА И СИГУРНОСТ,"Б. ПОЛИЦИЯ, ВЪТРЕШЕН РЕД И СИГУРНОСТ",line,Капиталови разходи,Европ. ср-ва,"129,5"
II. ОТБРАНА И СИГУРНОСТ,"Б. ПОЛИЦИЯ, ВЪТРЕШЕН РЕД И СИГУРНОСТ",line,Пред. тек. и кап. тр/ри за чужбина,КФП,"1,2"
II. ОТБРАНА И СИГУРНОСТ,"Б. ПОЛИЦИЯ, ВЪТРЕШЕН РЕД И СИГУРНОСТ",line,Пред. тек. и кап. тр/ри за чужбина,ДБ,"0,135"
II. ОТБРАНА И СИГУРНОСТ,"Б. ПОЛИЦИЯ, ВЪТРЕШЕН РЕД И СИГУРНОСТ",line,Пред. тек. и кап. тр/ри за чужбина,ДМП,"0,45"
II. ОТБРАНА И СИГУРНОСТ,"Б. ПОЛИЦИЯ, ВЪТРЕШЕН РЕД И СИГУРНОСТ",line,Пред. тек. и кап. тр/ри за чужбина,Европ. ср-ва,"0,7"
II. ОТБРАНА И СИГУРНОСТ,В. СЪДЕБНА ВЛАСТ,subfunction,В. СЪДЕБНА ВЛАСТ,КФП,"1 432,6"
II. ОТБРАНА И СИГУРНОСТ,В. СЪДЕБНА ВЛАСТ,subfunction,В. СЪДЕБНА ВЛАСТ,ДБ,"1 381,1"
II. ОТБРАНА И СИГУРНОСТ,В. СЪДЕБНА ВЛАСТ,subfunction,В. СЪДЕБНА ВЛАСТ,ДМП,"2,6"
II. ОТБРАНА И СИГУРНОСТ,В. СЪДЕБНА ВЛАСТ,subfunction,В. СЪДЕБНА ВЛАСТ,Европ. ср-ва,"48,8"
II. ОТБРАНА И СИГУРНОСТ,В. СЪДЕБНА ВЛАСТ,line,Текущи нелихвени разходи,КФП,"1 358,9"
II. ОТБРАНА И СИГУРНОСТ,В. СЪДЕБНА ВЛАСТ,line,Текущи нелихвени разходи,ДБ,"1 355,2"
II. ОТБРАНА И СИГУРНОСТ,В. СЪДЕБНА ВЛАСТ,line,Текущи нелихвени разходи,ДМП,"2,5"
II. ОТБРАНА И СИГУРНОСТ,В. СЪДЕБНА ВЛАСТ,line,Текущи нелихвени разходи,Европ. ср-ва,"1,3"
II. ОТБРАНА И СИГУРНОСТ,В. СЪДЕБНА ВЛАСТ,line,Капиталови разходи,КФП,"73,5"
II. ОТБРАНА И СИГУРНОСТ,В. СЪДЕБНА ВЛАСТ,line,Капиталови разходи,ДБ,"26,0"
II. ОТБРАНА И СИГУРНОСТ,В. СЪДЕБНА ВЛАСТ,line,Капиталови разходи,ДМП,"0,1"
II. ОТБРАНА И СИГУРНОСТ,В. СЪДЕБНА ВЛАСТ,line,Капиталови разходи,Европ. ср-ва,"47,5"
II. ОТБРАНА И СИГУРНОСТ,В. СЪДЕБНА ВЛАСТ,line,Пред. тек. и кап. тр/ри за чужбина,КФП,"0,1"
II. ОТБРАНА И СИГУРНОСТ,В. СЪДЕБНА ВЛАСТ,line,Пред. тек. и кап. тр/ри за чужбина,ДМП,"0,1"
II. ОТБРАНА И СИГУРНОСТ,В. СЪДЕБНА ВЛАСТ,line,Пред. тек. и кап. тр/ри за чужбина,Европ. ср-ва,"0,004"
II. ОТБРАНА И СИГУРНОСТ,Г. АДМИНИСТРАЦИЯ НА ЗАТВОРИТЕ,subfunction,Г. АДМИНИСТРАЦИЯ НА ЗАТВОРИТЕ,КФП,"336,5"
II. ОТБРАНА И СИГУРНОСТ,Г. АДМИНИСТРАЦИЯ НА ЗАТВОРИТЕ,subfunction,Г. АДМИНИСТРАЦИЯ НА ЗАТВОРИТЕ,ДБ,"317,4"
II. ОТБРАНА И СИГУРНОСТ,Г. АДМИНИСТРАЦИЯ НА ЗАТВОРИТЕ,subfunction,Г. АДМИНИСТРАЦИЯ НА ЗАТВОРИТЕ,ДМП,"19,1"
II. ОТБРАНА И СИГУРНОСТ,Г. АДМИНИСТРАЦИЯ НА ЗАТВОРИТЕ,subfunction,Г. АДМИНИСТРАЦИЯ НА ЗАТВОРИТЕ,Европ. ср-ва,"0,04"
II. ОТБРАНА И СИГУРНОСТ,Г. АДМИНИСТРАЦИЯ НА ЗАТВОРИТЕ,line,Текущи нелихвени разходи,КФП,"309,2"
II. ОТБРАНА И СИГУРНОСТ,Г. АДМИНИСТРАЦИЯ НА ЗАТВОРИТЕ,line,Текущи нелихвени разходи,ДБ,"307,1"
II. ОТБРАНА И СИГУРНОСТ,Г. АДМИНИСТРАЦИЯ НА ЗАТВОРИТЕ,line,Текущи нелихвени разходи,ДМП,"2,1"
II. ОТБРАНА И СИГУРНОСТ,Г. АДМИНИСТРАЦИЯ НА ЗАТВОРИТЕ,line,Текущи нелихвени разходи,Европ. ср-ва,"0,04"
II. ОТБРАНА И СИГУРНОСТ,Г. АДМИНИСТРАЦИЯ НА ЗАТВОРИТЕ,line,Капиталови разходи,КФП,"27,3"
II. ОТБРАНА И СИГУРНОСТ,Г. АДМИНИСТРАЦИЯ НА ЗАТВОРИТЕ,line,Капиталови разходи,ДБ,"10,3"
II. ОТБРАНА И СИГУРНОСТ,Г. АДМИНИСТРАЦИЯ НА ЗАТВОРИТЕ,line,Капиталови разходи,ДМП,"16,99"
II. ОТБРАНА И СИГУРНОСТ,"Д. ЗАЩИТА НА НАСЕЛЕНИЕТО, УПРАВЛЕНИЕ И ДЕЙНОСТИ ПРИ СТИХИЙНИ БЕДСТВИЯ И АВАРИИ",subfunction,"Д. ЗАЩИТА НА НАСЕЛЕНИЕТО, УПРАВЛЕНИЕ И ДЕЙНОСТИ ПРИ СТИХИЙНИ БЕДСТВИЯ И АВАРИИ",КФП,"173,8"
II. ОТБРАНА И СИГУРНОСТ,"Д. ЗАЩИТА НА НАСЕЛЕНИЕТО, УПРАВЛЕНИЕ И ДЕЙНОСТИ ПРИ СТИХИЙНИ БЕДСТВИЯ И АВАРИИ",subfunction,"Д. ЗАЩИТА НА НАСЕЛЕНИЕТО, УПРАВЛЕНИЕ И ДЕЙНОСТИ ПРИ СТИХИЙНИ БЕДСТВИЯ И АВАРИИ",ДБ,"23,5"
II. ОТБРАНА И СИГУРНОСТ,"Д. ЗАЩИТА НА НАСЕЛЕНИЕТО, УПРАВЛЕНИЕ И ДЕЙНОСТИ ПРИ СТИХИЙНИ БЕДСТВИЯ И АВАРИИ",subfunction,"Д. ЗАЩИТА НА НАСЕЛЕНИЕТО, УПРАВЛЕНИЕ И ДЕЙНОСТИ ПРИ СТИХИЙНИ БЕДСТВИЯ И АВАРИИ",Соц. осигу ряване,"0,2"
II. ОТБРАНА И СИГУРНОСТ,"Д. ЗАЩИТА НА НАСЕЛЕНИЕТО, УПРАВЛЕНИЕ И ДЕЙНОСТИ ПРИ СТИХИЙНИ БЕДСТВИЯ И АВАРИИ",subfunction,"Д. ЗАЩИТА НА НАСЕЛЕНИЕТО, УПРАВЛЕНИЕ И ДЕЙНОСТИ ПРИ СТИХИЙНИ БЕДСТВИЯ И АВАРИИ",ДВУ,"0,495"
II. ОТБРАНА И СИГУРНОСТ,"Д. ЗАЩИТА НА НАСЕЛЕНИЕТО, УПРАВЛЕНИЕ И ДЕЙНОСТИ ПРИ СТИХИЙНИ БЕДСТВИЯ И АВАРИИ",subfunction,"Д. ЗАЩИТА НА НАСЕЛЕНИЕТО, УПРАВЛЕНИЕ И ДЕЙНОСТИ ПРИ СТИХИЙНИ БЕДСТВИЯ И АВАРИИ",БАН,"0,2"
II. ОТБРАНА И СИГУРНОСТ,"Д. ЗАЩИТА НА НАСЕЛЕНИЕТО, УПРАВЛЕНИЕ И ДЕЙНОСТИ ПРИ СТИХИЙНИ БЕДСТВИЯ И АВАРИИ",subfunction,"Д. ЗАЩИТА НА НАСЕЛЕНИЕТО, УПРАВЛЕНИЕ И ДЕЙНОСТИ ПРИ СТИХИЙНИ БЕДСТВИЯ И АВАРИИ",БНР,"0,03"
II. ОТБРАНА И СИГУРНОСТ,"Д. ЗАЩИТА НА НАСЕЛЕНИЕТО, УПРАВЛЕНИЕ И ДЕЙНОСТИ ПРИ СТИХИЙНИ БЕДСТВИЯ И АВАРИИ",subfunction,"Д. ЗАЩИТА НА НАСЕЛЕНИЕТО, УПРАВЛЕНИЕ И ДЕЙНОСТИ ПРИ СТИХИЙНИ БЕДСТВИЯ И АВАРИИ",БНТ,"0,04"
II. ОТБРАНА И СИГУРНОСТ,"Д. ЗАЩИТА НА НАСЕЛЕНИЕТО, УПРАВЛЕНИЕ И ДЕЙНОСТИ ПРИ СТИХИЙНИ БЕДСТВИЯ И АВАРИИ",subfunction,"Д. ЗАЩИТА НА НАСЕЛЕНИЕТО, УПРАВЛЕНИЕ И ДЕЙНОСТИ ПРИ СТИХИЙНИ БЕДСТВИЯ И АВАРИИ",Общи - ни,"148,6"
II. ОТБРАНА И СИГУРНОСТ,"Д. ЗАЩИТА НА НАСЕЛЕНИЕТО, УПРАВЛЕНИЕ И ДЕЙНОСТИ ПРИ СТИХИЙНИ БЕДСТВИЯ И АВАРИИ",subfunction,"Д. ЗАЩИТА НА НАСЕЛЕНИЕТО, УПРАВЛЕНИЕ И ДЕЙНОСТИ ПРИ СТИХИЙНИ БЕДСТВИЯ И АВАРИИ",ДМП,"0,0"
II. ОТБРАНА И СИГУРНОСТ,"Д. ЗАЩИТА НА НАСЕЛЕНИЕТО, УПРАВЛЕНИЕ И ДЕЙНОСТИ ПРИ СТИХИЙНИ БЕДСТВИЯ И АВАРИИ",subfunction,"Д. ЗАЩИТА НА НАСЕЛЕНИЕТО, УПРАВЛЕНИЕ И ДЕЙНОСТИ ПРИ СТИХИЙНИ БЕДСТВИЯ И АВАРИИ",Европ. ср-ва,"0,7"
II. ОТБРАНА И СИГУРНОСТ,"Д. ЗАЩИТА НА НАСЕЛЕНИЕТО, УПРАВЛЕНИЕ И ДЕЙНОСТИ ПРИ СТИХИЙНИ БЕДСТВИЯ И АВАРИИ",line,Текущи нелихвени разходи,КФП,"83,4"
II. ОТБРАНА И СИГУРНОСТ,"Д. ЗАЩИТА НА НАСЕЛЕНИЕТО, УПРАВЛЕНИЕ И ДЕЙНОСТИ ПРИ СТИХИЙНИ БЕДСТВИЯ И АВАРИИ",line,Текущи нелихвени разходи,ДБ,"14,2"
II. ОТБРАНА И СИГУРНОСТ,"Д. ЗАЩИТА НА НАСЕЛЕНИЕТО, УПРАВЛЕНИЕ И ДЕЙНОСТИ ПРИ СТИХИЙНИ БЕДСТВИЯ И АВАРИИ",line,Текущи нелихвени разходи,Соц. осигу ряване,"0,2"
II. ОТБРАНА И СИГУРНОСТ,"Д. ЗАЩИТА НА НАСЕЛЕНИЕТО, УПРАВЛЕНИЕ И ДЕЙНОСТИ ПРИ СТИХИЙНИ БЕДСТВИЯ И АВАРИИ",line,Текущи нелихвени разходи,ДВУ,"0,1"
II. ОТБРАНА И СИГУРНОСТ,"Д. ЗАЩИТА НА НАСЕЛЕНИЕТО, УПРАВЛЕНИЕ И ДЕЙНОСТИ ПРИ СТИХИЙНИ БЕДСТВИЯ И АВАРИИ",line,Текущи нелихвени разходи,БАН,"0,2"
II. ОТБРАНА И СИГУРНОСТ,"Д. ЗАЩИТА НА НАСЕЛЕНИЕТО, УПРАВЛЕНИЕ И ДЕЙНОСТИ ПРИ СТИХИЙНИ БЕДСТВИЯ И АВАРИИ",line,Текущи нелихвени разходи,БНР,"0,03"
II. ОТБРАНА И СИГУРНОСТ,"Д. ЗАЩИТА НА НАСЕЛЕНИЕТО, УПРАВЛЕНИЕ И ДЕЙНОСТИ ПРИ СТИХИЙНИ БЕДСТВИЯ И АВАРИИ",line,Текущи нелихвени разходи,БНТ,"0,01"
II. ОТБРАНА И СИГУРНОСТ,"Д. ЗАЩИТА НА НАСЕЛЕНИЕТО, УПРАВЛЕНИЕ И ДЕЙНОСТИ ПРИ СТИХИЙНИ БЕДСТВИЯ И АВАРИИ",line,Текущи нелихвени разходи,Общи - ни,"68,6"
II. ОТБРАНА И СИГУРНОСТ,"Д. ЗАЩИТА НА НАСЕЛЕНИЕТО, УПРАВЛЕНИЕ И ДЕЙНОСТИ ПРИ СТИХИЙНИ БЕДСТВИЯ И АВАРИИ",line,Текущи нелихвени разходи,Европ. ср-ва,"0,1"
II. ОТБРАНА И СИГУРНОСТ,"Д. ЗАЩИТА НА НАСЕЛЕНИЕТО, УПРАВЛЕНИЕ И ДЕЙНОСТИ ПРИ СТИХИЙНИ БЕДСТВИЯ И АВАРИИ",line,Капиталови разходи,КФП,"65,1"
II. ОТБРАНА И СИГУРНОСТ,"Д. ЗАЩИТА НА НАСЕЛЕНИЕТО, УПРАВЛЕНИЕ И ДЕЙНОСТИ ПРИ СТИХИЙНИ БЕДСТВИЯ И АВАРИИ",line,Капиталови разходи,БАН,"0,001"
II. ОТБРАНА И СИГУРНОСТ,"Д. ЗАЩИТА НА НАСЕЛЕНИЕТО, УПРАВЛЕНИЕ И ДЕЙНОСТИ ПРИ СТИХИЙНИ БЕДСТВИЯ И АВАРИИ",line,Капиталови разходи,БНТ,"0,032"
II. ОТБРАНА И СИГУРНОСТ,"Д. ЗАЩИТА НА НАСЕЛЕНИЕТО, УПРАВЛЕНИЕ И ДЕЙНОСТИ ПРИ СТИХИЙНИ БЕДСТВИЯ И АВАРИИ",line,Капиталови разходи,Общи - ни,"64,5"
II. ОТБРАНА И СИГУРНОСТ,"Д. ЗАЩИТА НА НАСЕЛЕНИЕТО, УПРАВЛЕНИЕ И ДЕЙНОСТИ ПРИ СТИХИЙНИ БЕДСТВИЯ И АВАРИИ",line,Капиталови разходи,Европ. ср-ва,"0,6"
II. ОТБРАНА И СИГУРНОСТ,"Д. ЗАЩИТА НА НАСЕЛЕНИЕТО, УПРАВЛЕНИЕ И ДЕЙНОСТИ ПРИ СТИХИЙНИ БЕДСТВИЯ И АВАРИИ",line,Пред. тек. и кап. тр/ри за чужбина,КФП,"0,1"
II. ОТБРАНА И СИГУРНОСТ,"Д. ЗАЩИТА НА НАСЕЛЕНИЕТО, УПРАВЛЕНИЕ И ДЕЙНОСТИ ПРИ СТИХИЙНИ БЕДСТВИЯ И АВАРИИ",line,Пред. тек. и кап. тр/ри за чужбина,Европ. ср-ва,"0,1"
II. ОТБРАНА И СИГУРНОСТ,"Д. ЗАЩИТА НА НАСЕЛЕНИЕТО, УПРАВЛЕНИЕ И ДЕЙНОСТИ ПРИ СТИХИЙНИ БЕДСТВИЯ И АВАРИИ",line,Предотвратяване и ликвидиране на последиците от бедствия и аварии,КФП,"25,2"
II. ОТБРАНА И СИГУРНОСТ,"Д. ЗАЩИТА НА НАСЕЛЕНИЕТО, УПРАВЛЕНИЕ И ДЕЙНОСТИ ПРИ СТИХИЙНИ БЕДСТВИЯ И АВАРИИ",line,Предотвратяване и ликвидиране на последиците от бедствия и аварии,ДБ,"9,3"
II. ОТБРАНА И СИГУРНОСТ,"Д. ЗАЩИТА НА НАСЕЛЕНИЕТО, УПРАВЛЕНИЕ И ДЕЙНОСТИ ПРИ СТИХИЙНИ БЕДСТВИЯ И АВАРИИ",line,Предотвратяване и ликвидиране на последиците от бедствия и аварии,ДВУ,"0,4"
II. ОТБРАНА И СИГУРНОСТ,"Д. ЗАЩИТА НА НАСЕЛЕНИЕТО, УПРАВЛЕНИЕ И ДЕЙНОСТИ ПРИ СТИХИЙНИ БЕДСТВИЯ И АВАРИИ",line,Предотвратяване и ликвидиране на последиците от бедствия и аварии,Общи - ни,"15,5"
III. ОБРАЗОВАНИЕ,,function,III. ОБРАЗОВАНИЕ,КФП,"8 689,5"
III. ОБРАЗОВАНИЕ,,function,III. ОБРАЗОВАНИЕ,ДБ,"1 006,5"
III. ОБРАЗОВАНИЕ,,function,III. ОБРАЗОВАНИЕ,ДВУ,"1 587,3"
III. ОБРАЗОВАНИЕ,,function,III. ОБРАЗОВАНИЕ,Общини,"5 609,5"
III. ОБРАЗОВАНИЕ,,function,III. ОБРАЗОВАНИЕ,ДМП,"25,2"
III. ОБРАЗОВАНИЕ,,function,III. ОБРАЗОВАНИЕ,Европ. ср-ва,"461,0"
III. ОБРАЗОВАНИЕ,,line,Текущи нелихвени разходи,КФП,"7 952,7"
III. ОБРАЗОВАНИЕ,,line,Текущи нелихвени разходи,ДБ,"929,8"
III. ОБРАЗОВАНИЕ,,line,Текущи нелихвени разходи,ДВУ,"1 455,8"
III. ОБРАЗОВАНИЕ,,line,Текущи нелихвени разходи,Общини,"5 293,6"
III. ОБРАЗОВАНИЕ,,line,Текущи нелихвени разходи,ДМП,"8,9"
III. ОБРАЗОВАНИЕ,,line,Текущи нелихвени разходи,Европ. ср-ва,"264,5"
III. ОБРАЗОВАНИЕ,,line,Капиталови разходи,КФП,"710,6"
III. ОБРАЗОВАНИЕ,,line,Капиталови разходи,ДБ,"58,8"
III. ОБРАЗОВАНИЕ,,line,Капиталови разходи,ДВУ,"131,4"
III. ОБРАЗОВАНИЕ,,line,Капиталови разходи,Общини,"315,8"
III. ОБРАЗОВАНИЕ,,line,Капиталови разходи,ДМП,"16,1"
III. ОБРАЗОВАНИЕ,,line,Капиталови разходи,Европ. ср-ва,"188,4"
III. ОБРАЗОВАНИЕ,,line,Пред. тек. и кап. тр/ри за чужбина,КФП,"26,2"
III. ОБРАЗОВАНИЕ,,line,Пред. тек. и кап. тр/ри за чужбина,ДБ,"17,9"
III. ОБРАЗОВАНИЕ,,line,Пред. тек. и кап. тр/ри за чужбина,ДМП,"0,2"
III. ОБРАЗОВАНИЕ,,line,Пред. тек. и кап. тр/ри за чужбина,Европ. ср-ва,"8,1"
IV. ЗДРАВЕОПАЗВАНЕ,,function,IV. ЗДРАВЕОПАЗВАНЕ,КФП,"10 018,4"
IV. ЗДРАВЕОПАЗВАНЕ,,function,IV. ЗДРАВЕОПАЗВАНЕ,ДБ,"1 551,4"
IV. ЗДРАВЕОПАЗВАНЕ,,function,IV. ЗДРАВЕОПАЗВАНЕ,НЗОК,"7 940,3"
IV. ЗДРАВЕОПАЗВАНЕ,,function,IV. ЗДРАВЕОПАЗВАНЕ,Общини,"485,1"
IV. ЗДРАВЕОПАЗВАНЕ,,function,IV. ЗДРАВЕОПАЗВАНЕ,Европ. ср-ва,"39,8"
IV. ЗДРАВЕОПАЗВАНЕ,,function,IV. ЗДРАВЕОПАЗВАНЕ,ДМП,"1,8"
IV. ЗДРАВЕОПАЗВАНЕ,,line,Текущи нелихвени разходи,КФП,"9 763,8"
IV. ЗДРАВЕОПАЗВАНЕ,,line,Текущи нелихвени разходи,ДБ,"1 409,6"
IV. ЗДРАВЕОПАЗВАНЕ,,line,Текущи нелихвени разходи,НЗОК,"7 936,8"
IV. ЗДРАВЕОПАЗВАНЕ,,line,Текущи нелихвени разходи,Общини,"411,2"
IV. ЗДРАВЕОПАЗВАНЕ,,line,Текущи нелихвени разходи,Европ. ср-ва,"4,9"
IV. ЗДРАВЕОПАЗВАНЕ,,line,Текущи нелихвени разходи,ДМП,"1,3"
IV. ЗДРАВЕОПАЗВАНЕ,,line,Капиталови разходи,КФП,"254,6"
IV. ЗДРАВЕОПАЗВАНЕ,,line,Капиталови разходи,ДБ,"141,7"
IV. ЗДРАВЕОПАЗВАНЕ,,line,Капиталови разходи,НЗОК,"3,5"
IV. ЗДРАВЕОПАЗВАНЕ,,line,Капиталови разходи,Общини,"73,9"
IV. ЗДРАВЕОПАЗВАНЕ,,line,Капиталови разходи,Европ. ср-ва,"34,9"
IV. ЗДРАВЕОПАЗВАНЕ,,line,Капиталови разходи,ДМП,"0,5"
IV. ЗДРАВЕОПАЗВАНЕ,,line,Предоставени текущи и капиталови трансфери за чужбина,КФП,"0,1"
IV. ЗДРАВЕОПАЗВАНЕ,,line,Предоставени текущи и капиталови трансфери за чужбина,ДМП,"0,1"
"V. СОЦИАЛНО ОСИГУРЯВАНЕ, ПОДПОМАГАНЕ И ГРИЖИ",,function,"V. СОЦИАЛНО ОСИГУРЯВАНЕ, ПОДПОМАГАНЕ И ГРИЖИ",КФП,"29 657,8"
"V. СОЦИАЛНО ОСИГУРЯВАНЕ, ПОДПОМАГАНЕ И ГРИЖИ",,function,"V. СОЦИАЛНО ОСИГУРЯВАНЕ, ПОДПОМАГАНЕ И ГРИЖИ",ДБ,"2 010,6"
"V. СОЦИАЛНО ОСИГУРЯВАНЕ, ПОДПОМАГАНЕ И ГРИЖИ",,function,"V. СОЦИАЛНО ОСИГУРЯВАНЕ, ПОДПОМАГАНЕ И ГРИЖИ",Соц. осигуряване,"24 926,0"
"V. СОЦИАЛНО ОСИГУРЯВАНЕ, ПОДПОМАГАНЕ И ГРИЖИ",,function,"V. СОЦИАЛНО ОСИГУРЯВАНЕ, ПОДПОМАГАНЕ И ГРИЖИ",ДВУ,"0,04"
"V. СОЦИАЛНО ОСИГУРЯВАНЕ, ПОДПОМАГАНЕ И ГРИЖИ",,function,"V. СОЦИАЛНО ОСИГУРЯВАНЕ, ПОДПОМАГАНЕ И ГРИЖИ",Общини,"2 275,9"
"V. СОЦИАЛНО ОСИГУРЯВАНЕ, ПОДПОМАГАНЕ И ГРИЖИ",,function,"V. СОЦИАЛНО ОСИГУРЯВАНЕ, ПОДПОМАГАНЕ И ГРИЖИ",ДМП,"4,2"
"V. СОЦИАЛНО ОСИГУРЯВАНЕ, ПОДПОМАГАНЕ И ГРИЖИ",,function,"V. СОЦИАЛНО ОСИГУРЯВАНЕ, ПОДПОМАГАНЕ И ГРИЖИ",Евр. ср-ва,"441,1"
"V. СОЦИАЛНО ОСИГУРЯВАНЕ, ПОДПОМАГАНЕ И ГРИЖИ",А. ПЕНСИИ,subfunction,А. ПЕНСИИ,КФП,"21 770,5"
"V. СОЦИАЛНО ОСИГУРЯВАНЕ, ПОДПОМАГАНЕ И ГРИЖИ",А. ПЕНСИИ,subfunction,А. ПЕНСИИ,Соц. осигуряване,"21 770,5"
"V. СОЦИАЛНО ОСИГУРЯВАНЕ, ПОДПОМАГАНЕ И ГРИЖИ",А. ПЕНСИИ,line,Текущи нелихвени разходи,КФП,"21 769,4"
"V. СОЦИАЛНО ОСИГУРЯВАНЕ, ПОДПОМАГАНЕ И ГРИЖИ",А. ПЕНСИИ,line,Текущи нелихвени разходи,Соц. осигуряване,"21 769,4"
"V. СОЦИАЛНО ОСИГУРЯВАНЕ, ПОДПОМАГАНЕ И ГРИЖИ",А. ПЕНСИИ,line,Капиталови разходи,КФП,"1,1"
"V. СОЦИАЛНО ОСИГУРЯВАНЕ, ПОДПОМАГАНЕ И ГРИЖИ",А. ПЕНСИИ,line,Капиталови разходи,Соц. осигуряване,"1,1"
"V. СОЦИАЛНО ОСИГУРЯВАНЕ, ПОДПОМАГАНЕ И ГРИЖИ",Б. СОЦИАЛНИ ПОМОЩИ И ОБЕЗЩЕТЕНИЯ,subfunction,Б. СОЦИАЛНИ ПОМОЩИ И ОБЕЗЩЕТЕНИЯ,КФП,"4 641,2"
"V. СОЦИАЛНО ОСИГУРЯВАНЕ, ПОДПОМАГАНЕ И ГРИЖИ",Б. СОЦИАЛНИ ПОМОЩИ И ОБЕЗЩЕТЕНИЯ,subfunction,Б. СОЦИАЛНИ ПОМОЩИ И ОБЕЗЩЕТЕНИЯ,ДБ,"1 677,0"
"V. СОЦИАЛНО ОСИГУРЯВАНЕ, ПОДПОМАГАНЕ И ГРИЖИ",Б. СОЦИАЛНИ ПОМОЩИ И ОБЕЗЩЕТЕНИЯ,subfunction,Б. СОЦИАЛНИ ПОМОЩИ И ОБЕЗЩЕТЕНИЯ,Соц. осигуряване,"2 963,5"
"V. СОЦИАЛНО ОСИГУРЯВАНЕ, ПОДПОМАГАНЕ И ГРИЖИ",Б. СОЦИАЛНИ ПОМОЩИ И ОБЕЗЩЕТЕНИЯ,subfunction,Б. СОЦИАЛНИ ПОМОЩИ И ОБЕЗЩЕТЕНИЯ,Евр. ср-ва,"0,7"
"V. СОЦИАЛНО ОСИГУРЯВАНЕ, ПОДПОМАГАНЕ И ГРИЖИ",Б. СОЦИАЛНИ ПОМОЩИ И ОБЕЗЩЕТЕНИЯ,line,Текущи нелихвени разходи,КФП,"4 641,2"
"V. СОЦИАЛНО ОСИГУРЯВАНЕ, ПОДПОМАГАНЕ И ГРИЖИ",Б. СОЦИАЛНИ ПОМОЩИ И ОБЕЗЩЕТЕНИЯ,line,Текущи нелихвени разходи,ДБ,"1 677,0"
"V. СОЦИАЛНО ОСИГУРЯВАНЕ, ПОДПОМАГАНЕ И ГРИЖИ",Б. СОЦИАЛНИ ПОМОЩИ И ОБЕЗЩЕТЕНИЯ,line,Текущи нелихвени разходи,Соц. осигуряване,"2 963,5"
"V. СОЦИАЛНО ОСИГУРЯВАНЕ, ПОДПОМАГАНЕ И ГРИЖИ",Б. СОЦИАЛНИ ПОМОЩИ И ОБЕЗЩЕТЕНИЯ,line,Текущи нелихвени разходи,Евр. ср-ва,"0,7"
"V. СОЦИАЛНО ОСИГУРЯВАНЕ, ПОДПОМАГАНЕ И ГРИЖИ","В. ПРОГРАМИ, ДЕЙНОСТИ И СЛУЖБИ ПО СОЦИАЛНОТО ОСИГУРЯВАНЕ, ПОДПОМАГАНЕ И ЗАЕТОСТТА",subfunction,"В. ПРОГРАМИ, ДЕЙНОСТИ И СЛУЖБИ ПО СОЦИАЛНОТО ОСИГУРЯВАНЕ, ПОДПОМАГАНЕ И ЗАЕТОСТТА",КФП,"3 246,1"
"V. СОЦИАЛНО ОСИГУРЯВАНЕ, ПОДПОМАГАНЕ И ГРИЖИ","В. ПРОГРАМИ, ДЕЙНОСТИ И СЛУЖБИ ПО СОЦИАЛНОТО ОСИГУРЯВАНЕ, ПОДПОМАГАНЕ И ЗАЕТОСТТА",subfunction,"В. ПРОГРАМИ, ДЕЙНОСТИ И СЛУЖБИ ПО СОЦИАЛНОТО ОСИГУРЯВАНЕ, ПОДПОМАГАНЕ И ЗАЕТОСТТА",ДБ,"333,6"
"V. СОЦИАЛНО ОСИГУРЯВАНЕ, ПОДПОМАГАНЕ И ГРИЖИ","В. ПРОГРАМИ, ДЕЙНОСТИ И СЛУЖБИ ПО СОЦИАЛНОТО ОСИГУРЯВАНЕ, ПОДПОМАГАНЕ И ЗАЕТОСТТА",subfunction,"В. ПРОГРАМИ, ДЕЙНОСТИ И СЛУЖБИ ПО СОЦИАЛНОТО ОСИГУРЯВАНЕ, ПОДПОМАГАНЕ И ЗАЕТОСТТА",Соц. осигуряване,"192,0"
"V. СОЦИАЛНО ОСИГУРЯВАНЕ, ПОДПОМАГАНЕ И ГРИЖИ","В. ПРОГРАМИ, ДЕЙНОСТИ И СЛУЖБИ ПО СОЦИАЛНОТО ОСИГУРЯВАНЕ, ПОДПОМАГАНЕ И ЗАЕТОСТТА",subfunction,"В. ПРОГРАМИ, ДЕЙНОСТИ И СЛУЖБИ ПО СОЦИАЛНОТО ОСИГУРЯВАНЕ, ПОДПОМАГАНЕ И ЗАЕТОСТТА",ДВУ,"0,04"
"V. СОЦИАЛНО ОСИГУРЯВАНЕ, ПОДПОМАГАНЕ И ГРИЖИ","В. ПРОГРАМИ, ДЕЙНОСТИ И СЛУЖБИ ПО СОЦИАЛНОТО ОСИГУРЯВАНЕ, ПОДПОМАГАНЕ И ЗАЕТОСТТА",subfunction,"В. ПРОГРАМИ, ДЕЙНОСТИ И СЛУЖБИ ПО СОЦИАЛНОТО ОСИГУРЯВАНЕ, ПОДПОМАГАНЕ И ЗАЕТОСТТА",Общини,"2 275,9"
"V. СОЦИАЛНО ОСИГУРЯВАНЕ, ПОДПОМАГАНЕ И ГРИЖИ","В. ПРОГРАМИ, ДЕЙНОСТИ И СЛУЖБИ ПО СОЦИАЛНОТО ОСИГУРЯВАНЕ, ПОДПОМАГАНЕ И ЗАЕТОСТТА",subfunction,"В. ПРОГРАМИ, ДЕЙНОСТИ И СЛУЖБИ ПО СОЦИАЛНОТО ОСИГУРЯВАНЕ, ПОДПОМАГАНЕ И ЗАЕТОСТТА",ДМП,"4,2"
"V. СОЦИАЛНО ОСИГУРЯВАНЕ, ПОДПОМАГАНЕ И ГРИЖИ","В. ПРОГРАМИ, ДЕЙНОСТИ И СЛУЖБИ ПО СОЦИАЛНОТО ОСИГУРЯВАНЕ, ПОДПОМАГАНЕ И ЗАЕТОСТТА",subfunction,"В. ПРОГРАМИ, ДЕЙНОСТИ И СЛУЖБИ ПО СОЦИАЛНОТО ОСИГУРЯВАНЕ, ПОДПОМАГАНЕ И ЗАЕТОСТТА",Евр. ср-ва,"440,4"
"V. СОЦИАЛНО ОСИГУРЯВАНЕ, ПОДПОМАГАНЕ И ГРИЖИ","В. ПРОГРАМИ, ДЕЙНОСТИ И СЛУЖБИ ПО СОЦИАЛНОТО ОСИГУРЯВАНЕ, ПОДПОМАГАНЕ И ЗАЕТОСТТА",line,Текущи нелихвени разходи,КФП,"3 183,7"
"V. СОЦИАЛНО ОСИГУРЯВАНЕ, ПОДПОМАГАНЕ И ГРИЖИ","В. ПРОГРАМИ, ДЕЙНОСТИ И СЛУЖБИ ПО СОЦИАЛНОТО ОСИГУРЯВАНЕ, ПОДПОМАГАНЕ И ЗАЕТОСТТА",line,Текущи нелихвени разходи,ДБ,"331,7"
"V. СОЦИАЛНО ОСИГУРЯВАНЕ, ПОДПОМАГАНЕ И ГРИЖИ","В. ПРОГРАМИ, ДЕЙНОСТИ И СЛУЖБИ ПО СОЦИАЛНОТО ОСИГУРЯВАНЕ, ПОДПОМАГАНЕ И ЗАЕТОСТТА",line,Текущи нелихвени разходи,Соц. осигуряване,"183,4"
"V. СОЦИАЛНО ОСИГУРЯВАНЕ, ПОДПОМАГАНЕ И ГРИЖИ","В. ПРОГРАМИ, ДЕЙНОСТИ И СЛУЖБИ ПО СОЦИАЛНОТО ОСИГУРЯВАНЕ, ПОДПОМАГАНЕ И ЗАЕТОСТТА",line,Текущи нелихвени разходи,ДВУ,"0,04"
"V. СОЦИАЛНО ОСИГУРЯВАНЕ, ПОДПОМАГАНЕ И ГРИЖИ","В. ПРОГРАМИ, ДЕЙНОСТИ И СЛУЖБИ ПО СОЦИАЛНОТО ОСИГУРЯВАНЕ, ПОДПОМАГАНЕ И ЗАЕТОСТТА",line,Текущи нелихвени разходи,Общини,"2 244,5"
"V. СОЦИАЛНО ОСИГУРЯВАНЕ, ПОДПОМАГАНЕ И ГРИЖИ","В. ПРОГРАМИ, ДЕЙНОСТИ И СЛУЖБИ ПО СОЦИАЛНОТО ОСИГУРЯВАНЕ, ПОДПОМАГАНЕ И ЗАЕТОСТТА",line,Текущи нелихвени разходи,ДМП,"2,9"
"V. СОЦИАЛНО ОСИГУРЯВАНЕ, ПОДПОМАГАНЕ И ГРИЖИ","В. ПРОГРАМИ, ДЕЙНОСТИ И СЛУЖБИ ПО СОЦИАЛНОТО ОСИГУРЯВАНЕ, ПОДПОМАГАНЕ И ЗАЕТОСТТА",line,Текущи нелихвени разходи,Евр. ср-ва,"421,2"
"V. СОЦИАЛНО ОСИГУРЯВАНЕ, ПОДПОМАГАНЕ И ГРИЖИ","В. ПРОГРАМИ, ДЕЙНОСТИ И СЛУЖБИ ПО СОЦИАЛНОТО ОСИГУРЯВАНЕ, ПОДПОМАГАНЕ И ЗАЕТОСТТА",line,Капиталови разходи,КФП,"62,3"
"V. СОЦИАЛНО ОСИГУРЯВАНЕ, ПОДПОМАГАНЕ И ГРИЖИ","В. ПРОГРАМИ, ДЕЙНОСТИ И СЛУЖБИ ПО СОЦИАЛНОТО ОСИГУРЯВАНЕ, ПОДПОМАГАНЕ И ЗАЕТОСТТА",line,Капиталови разходи,ДБ,"1,9"
"V. СОЦИАЛНО ОСИГУРЯВАНЕ, ПОДПОМАГАНЕ И ГРИЖИ","В. ПРОГРАМИ, ДЕЙНОСТИ И СЛУЖБИ ПО СОЦИАЛНОТО ОСИГУРЯВАНЕ, ПОДПОМАГАНЕ И ЗАЕТОСТТА",line,Капиталови разходи,Соц. осигуряване,"8,6"
"V. СОЦИАЛНО ОСИГУРЯВАНЕ, ПОДПОМАГАНЕ И ГРИЖИ","В. ПРОГРАМИ, ДЕЙНОСТИ И СЛУЖБИ ПО СОЦИАЛНОТО ОСИГУРЯВАНЕ, ПОДПОМАГАНЕ И ЗАЕТОСТТА",line,Капиталови разходи,Общини,"31,4"
"V. СОЦИАЛНО ОСИГУРЯВАНЕ, ПОДПОМАГАНЕ И ГРИЖИ","В. ПРОГРАМИ, ДЕЙНОСТИ И СЛУЖБИ ПО СОЦИАЛНОТО ОСИГУРЯВАНЕ, ПОДПОМАГАНЕ И ЗАЕТОСТТА",line,Капиталови разходи,ДМП,"1,3"
"V. СОЦИАЛНО ОСИГУРЯВАНЕ, ПОДПОМАГАНЕ И ГРИЖИ","В. ПРОГРАМИ, ДЕЙНОСТИ И СЛУЖБИ ПО СОЦИАЛНОТО ОСИГУРЯВАНЕ, ПОДПОМАГАНЕ И ЗАЕТОСТТА",line,Капиталови разходи,Евр. ср-ва,"19,1"
"V. СОЦИАЛНО ОСИГУРЯВАНЕ, ПОДПОМАГАНЕ И ГРИЖИ","В. ПРОГРАМИ, ДЕЙНОСТИ И СЛУЖБИ ПО СОЦИАЛНОТО ОСИГУРЯВАНЕ, ПОДПОМАГАНЕ И ЗАЕТОСТТА",line,Пред. тек. и кап. тр/ри за чужбина,КФП,"0,1"
"V. СОЦИАЛНО ОСИГУРЯВАНЕ, ПОДПОМАГАНЕ И ГРИЖИ","В. ПРОГРАМИ, ДЕЙНОСТИ И СЛУЖБИ ПО СОЦИАЛНОТО ОСИГУРЯВАНЕ, ПОДПОМАГАНЕ И ЗАЕТОСТТА",line,Пред. тек. и кап. тр/ри за чужбина,ДМП,"0,05"
"V. СОЦИАЛНО ОСИГУРЯВАНЕ, ПОДПОМАГАНЕ И ГРИЖИ","В. ПРОГРАМИ, ДЕЙНОСТИ И СЛУЖБИ ПО СОЦИАЛНОТО ОСИГУРЯВАНЕ, ПОДПОМАГАНЕ И ЗАЕТОСТТА",line,Пред. тек. и кап. тр/ри за чужбина,Евр. ср-ва,"0,03"
"VІ. ЖИЛИЩНО СТРОИТЕЛСТВО, БЛАГОУСТРОЙСТВО, КОМУНАЛНО СТОПАНСТВО И ОПАЗВАНЕ НА ОКОЛНАТА СРЕДА",,function,"VІ. ЖИЛИЩНО СТРОИТЕЛСТВО, БЛАГОУСТРОЙСТВО, КОМУНАЛНО СТОПАНСТВО И ОПАЗВАНЕ НА ОКОЛНАТА СРЕДА",КФП,"2 148,0"
"VІ. ЖИЛИЩНО СТРОИТЕЛСТВО, БЛАГОУСТРОЙСТВО, КОМУНАЛНО СТОПАНСТВО И ОПАЗВАНЕ НА ОКОЛНАТА СРЕДА",,function,"VІ. ЖИЛИЩНО СТРОИТЕЛСТВО, БЛАГОУСТРОЙСТВО, КОМУНАЛНО СТОПАНСТВО И ОПАЗВАНЕ НА ОКОЛНАТА СРЕДА",ДБ,"-1 055,9"
"VІ. ЖИЛИЩНО СТРОИТЕЛСТВО, БЛАГОУСТРОЙСТВО, КОМУНАЛНО СТОПАНСТВО И ОПАЗВАНЕ НА ОКОЛНАТА СРЕДА",,function,"VІ. ЖИЛИЩНО СТРОИТЕЛСТВО, БЛАГОУСТРОЙСТВО, КОМУНАЛНО СТОПАНСТВО И ОПАЗВАНЕ НА ОКОЛНАТА СРЕДА",Общини,"2 767,2"
"VІ. ЖИЛИЩНО СТРОИТЕЛСТВО, БЛАГОУСТРОЙСТВО, КОМУНАЛНО СТОПАНСТВО И ОПАЗВАНЕ НА ОКОЛНАТА СРЕДА",,function,"VІ. ЖИЛИЩНО СТРОИТЕЛСТВО, БЛАГОУСТРОЙСТВО, КОМУНАЛНО СТОПАНСТВО И ОПАЗВАНЕ НА ОКОЛНАТА СРЕДА",ДМП,"17,8"
"VІ. ЖИЛИЩНО СТРОИТЕЛСТВО, БЛАГОУСТРОЙСТВО, КОМУНАЛНО СТОПАНСТВО И ОПАЗВАНЕ НА ОКОЛНАТА СРЕДА",,function,"VІ. ЖИЛИЩНО СТРОИТЕЛСТВО, БЛАГОУСТРОЙСТВО, КОМУНАЛНО СТОПАНСТВО И ОПАЗВАНЕ НА ОКОЛНАТА СРЕДА",ЕВРОП. СР/ВА,"405,0"
"VІ. ЖИЛИЩНО СТРОИТЕЛСТВО, БЛАГОУСТРОЙСТВО, КОМУНАЛНО СТОПАНСТВО И ОПАЗВАНЕ НА ОКОЛНАТА СРЕДА",,function,"VІ. ЖИЛИЩНО СТРОИТЕЛСТВО, БЛАГОУСТРОЙСТВО, КОМУНАЛНО СТОПАНСТВО И ОПАЗВАНЕ НА ОКОЛНАТА СРЕДА",ПУДООС,"13,9"
"VІ. ЖИЛИЩНО СТРОИТЕЛСТВО, БЛАГОУСТРОЙСТВО, КОМУНАЛНО СТОПАНСТВО И ОПАЗВАНЕ НА ОКОЛНАТА СРЕДА","А. ЖИЛИЩНО СТРОИТЕЛСТВО, БЛАГОУСТРОЙСТВО, КОМУНАЛНО СТОПАНСТВО",subfunction,"А. ЖИЛИЩНО СТРОИТЕЛСТВО, БЛАГОУСТРОЙСТВО, КОМУНАЛНО СТОПАНСТВО",КФП,"625,8"
"VІ. ЖИЛИЩНО СТРОИТЕЛСТВО, БЛАГОУСТРОЙСТВО, КОМУНАЛНО СТОПАНСТВО И ОПАЗВАНЕ НА ОКОЛНАТА СРЕДА","А. ЖИЛИЩНО СТРОИТЕЛСТВО, БЛАГОУСТРОЙСТВО, КОМУНАЛНО СТОПАНСТВО",subfunction,"А. ЖИЛИЩНО СТРОИТЕЛСТВО, БЛАГОУСТРОЙСТВО, КОМУНАЛНО СТОПАНСТВО",ДБ,"-1 138,3"
"VІ. ЖИЛИЩНО СТРОИТЕЛСТВО, БЛАГОУСТРОЙСТВО, КОМУНАЛНО СТОПАНСТВО И ОПАЗВАНЕ НА ОКОЛНАТА СРЕДА","А. ЖИЛИЩНО СТРОИТЕЛСТВО, БЛАГОУСТРОЙСТВО, КОМУНАЛНО СТОПАНСТВО",subfunction,"А. ЖИЛИЩНО СТРОИТЕЛСТВО, БЛАГОУСТРОЙСТВО, КОМУНАЛНО СТОПАНСТВО",Общини,"1 601,4"
"VІ. ЖИЛИЩНО СТРОИТЕЛСТВО, БЛАГОУСТРОЙСТВО, КОМУНАЛНО СТОПАНСТВО И ОПАЗВАНЕ НА ОКОЛНАТА СРЕДА","А. ЖИЛИЩНО СТРОИТЕЛСТВО, БЛАГОУСТРОЙСТВО, КОМУНАЛНО СТОПАНСТВО",subfunction,"А. ЖИЛИЩНО СТРОИТЕЛСТВО, БЛАГОУСТРОЙСТВО, КОМУНАЛНО СТОПАНСТВО",ДМП,"6,1"
"VІ. ЖИЛИЩНО СТРОИТЕЛСТВО, БЛАГОУСТРОЙСТВО, КОМУНАЛНО СТОПАНСТВО И ОПАЗВАНЕ НА ОКОЛНАТА СРЕДА","А. ЖИЛИЩНО СТРОИТЕЛСТВО, БЛАГОУСТРОЙСТВО, КОМУНАЛНО СТОПАНСТВО",subfunction,"А. ЖИЛИЩНО СТРОИТЕЛСТВО, БЛАГОУСТРОЙСТВО, КОМУНАЛНО СТОПАНСТВО",ЕВРОП. СР/ВА,"156,6"
"VІ. ЖИЛИЩНО СТРОИТЕЛСТВО, БЛАГОУСТРОЙСТВО, КОМУНАЛНО СТОПАНСТВО И ОПАЗВАНЕ НА ОКОЛНАТА СРЕДА","А. ЖИЛИЩНО СТРОИТЕЛСТВО, БЛАГОУСТРОЙСТВО, КОМУНАЛНО СТОПАНСТВО",line,Текущи нелихвени разходи,КФП,"567,5"
"VІ. ЖИЛИЩНО СТРОИТЕЛСТВО, БЛАГОУСТРОЙСТВО, КОМУНАЛНО СТОПАНСТВО И ОПАЗВАНЕ НА ОКОЛНАТА СРЕДА","А. ЖИЛИЩНО СТРОИТЕЛСТВО, БЛАГОУСТРОЙСТВО, КОМУНАЛНО СТОПАНСТВО",line,Текущи нелихвени разходи,ДБ,"45,8"
"VІ. ЖИЛИЩНО СТРОИТЕЛСТВО, БЛАГОУСТРОЙСТВО, КОМУНАЛНО СТОПАНСТВО И ОПАЗВАНЕ НА ОКОЛНАТА СРЕДА","А. ЖИЛИЩНО СТРОИТЕЛСТВО, БЛАГОУСТРОЙСТВО, КОМУНАЛНО СТОПАНСТВО",line,Текущи нелихвени разходи,Общини,"504,3"
"VІ. ЖИЛИЩНО СТРОИТЕЛСТВО, БЛАГОУСТРОЙСТВО, КОМУНАЛНО СТОПАНСТВО И ОПАЗВАНЕ НА ОКОЛНАТА СРЕДА","А. ЖИЛИЩНО СТРОИТЕЛСТВО, БЛАГОУСТРОЙСТВО, КОМУНАЛНО СТОПАНСТВО",line,Текущи нелихвени разходи,ДМП,"0,9"
"VІ. ЖИЛИЩНО СТРОИТЕЛСТВО, БЛАГОУСТРОЙСТВО, КОМУНАЛНО СТОПАНСТВО И ОПАЗВАНЕ НА ОКОЛНАТА СРЕДА","А. ЖИЛИЩНО СТРОИТЕЛСТВО, БЛАГОУСТРОЙСТВО, КОМУНАЛНО СТОПАНСТВО",line,Текущи нелихвени разходи,ЕВРОП. СР/ВА,"16,5"
"VІ. ЖИЛИЩНО СТРОИТЕЛСТВО, БЛАГОУСТРОЙСТВО, КОМУНАЛНО СТОПАНСТВО И ОПАЗВАНЕ НА ОКОЛНАТА СРЕДА","А. ЖИЛИЩНО СТРОИТЕЛСТВО, БЛАГОУСТРОЙСТВО, КОМУНАЛНО СТОПАНСТВО",line,Капиталови разходи,КФП,"56,6"
"VІ. ЖИЛИЩНО СТРОИТЕЛСТВО, БЛАГОУСТРОЙСТВО, КОМУНАЛНО СТОПАНСТВО И ОПАЗВАНЕ НА ОКОЛНАТА СРЕДА","А. ЖИЛИЩНО СТРОИТЕЛСТВО, БЛАГОУСТРОЙСТВО, КОМУНАЛНО СТОПАНСТВО",line,Капиталови разходи,ДБ,"-1 184,1"
"VІ. ЖИЛИЩНО СТРОИТЕЛСТВО, БЛАГОУСТРОЙСТВО, КОМУНАЛНО СТОПАНСТВО И ОПАЗВАНЕ НА ОКОЛНАТА СРЕДА","А. ЖИЛИЩНО СТРОИТЕЛСТВО, БЛАГОУСТРОЙСТВО, КОМУНАЛНО СТОПАНСТВО",line,Капиталови разходи,Общини,"1 097,1"
"VІ. ЖИЛИЩНО СТРОИТЕЛСТВО, БЛАГОУСТРОЙСТВО, КОМУНАЛНО СТОПАНСТВО И ОПАЗВАНЕ НА ОКОЛНАТА СРЕДА","А. ЖИЛИЩНО СТРОИТЕЛСТВО, БЛАГОУСТРОЙСТВО, КОМУНАЛНО СТОПАНСТВО",line,Капиталови разходи,ДМП,"5,2"
"VІ. ЖИЛИЩНО СТРОИТЕЛСТВО, БЛАГОУСТРОЙСТВО, КОМУНАЛНО СТОПАНСТВО И ОПАЗВАНЕ НА ОКОЛНАТА СРЕДА","А. ЖИЛИЩНО СТРОИТЕЛСТВО, БЛАГОУСТРОЙСТВО, КОМУНАЛНО СТОПАНСТВО",line,Капиталови разходи,ЕВРОП. СР/ВА,"138,5"
"VІ. ЖИЛИЩНО СТРОИТЕЛСТВО, БЛАГОУСТРОЙСТВО, КОМУНАЛНО СТОПАНСТВО И ОПАЗВАНЕ НА ОКОЛНАТА СРЕДА","А. ЖИЛИЩНО СТРОИТЕЛСТВО, БЛАГОУСТРОЙСТВО, КОМУНАЛНО СТОПАНСТВО",line,Пред. тек. и кап. тр/ри за чужбина,КФП,"1,7"
"VІ. ЖИЛИЩНО СТРОИТЕЛСТВО, БЛАГОУСТРОЙСТВО, КОМУНАЛНО СТОПАНСТВО И ОПАЗВАНЕ НА ОКОЛНАТА СРЕДА","А. ЖИЛИЩНО СТРОИТЕЛСТВО, БЛАГОУСТРОЙСТВО, КОМУНАЛНО СТОПАНСТВО",line,Пред. тек. и кап. тр/ри за чужбина,ДМП,"0,1"
"VІ. ЖИЛИЩНО СТРОИТЕЛСТВО, БЛАГОУСТРОЙСТВО, КОМУНАЛНО СТОПАНСТВО И ОПАЗВАНЕ НА ОКОЛНАТА СРЕДА","А. ЖИЛИЩНО СТРОИТЕЛСТВО, БЛАГОУСТРОЙСТВО, КОМУНАЛНО СТОПАНСТВО",line,Пред. тек. и кап. тр/ри за чужбина,ЕВРОП. СР/ВА,"1,6"
"VІ. ЖИЛИЩНО СТРОИТЕЛСТВО, БЛАГОУСТРОЙСТВО, КОМУНАЛНО СТОПАНСТВО И ОПАЗВАНЕ НА ОКОЛНАТА СРЕДА",Б. ОПАЗВАНЕ НА ОКОЛНАТА СРЕДА,subfunction,Б. ОПАЗВАНЕ НА ОКОЛНАТА СРЕДА,КФП,"1 522,2"
"VІ. ЖИЛИЩНО СТРОИТЕЛСТВО, БЛАГОУСТРОЙСТВО, КОМУНАЛНО СТОПАНСТВО И ОПАЗВАНЕ НА ОКОЛНАТА СРЕДА",Б. ОПАЗВАНЕ НА ОКОЛНАТА СРЕДА,subfunction,Б. ОПАЗВАНЕ НА ОКОЛНАТА СРЕДА,ДБ,"82,4"
"VІ. ЖИЛИЩНО СТРОИТЕЛСТВО, БЛАГОУСТРОЙСТВО, КОМУНАЛНО СТОПАНСТВО И ОПАЗВАНЕ НА ОКОЛНАТА СРЕДА",Б. ОПАЗВАНЕ НА ОКОЛНАТА СРЕДА,subfunction,Б. ОПАЗВАНЕ НА ОКОЛНАТА СРЕДА,Общини,"1 165,8"
"VІ. ЖИЛИЩНО СТРОИТЕЛСТВО, БЛАГОУСТРОЙСТВО, КОМУНАЛНО СТОПАНСТВО И ОПАЗВАНЕ НА ОКОЛНАТА СРЕДА",Б. ОПАЗВАНЕ НА ОКОЛНАТА СРЕДА,subfunction,Б. ОПАЗВАНЕ НА ОКОЛНАТА СРЕДА,ДМП,"11,7"
"VІ. ЖИЛИЩНО СТРОИТЕЛСТВО, БЛАГОУСТРОЙСТВО, КОМУНАЛНО СТОПАНСТВО И ОПАЗВАНЕ НА ОКОЛНАТА СРЕДА",Б. ОПАЗВАНЕ НА ОКОЛНАТА СРЕДА,subfunction,Б. ОПАЗВАНЕ НА ОКОЛНАТА СРЕДА,ЕВРОП. СР/ВА,"248,4"
"VІ. ЖИЛИЩНО СТРОИТЕЛСТВО, БЛАГОУСТРОЙСТВО, КОМУНАЛНО СТОПАНСТВО И ОПАЗВАНЕ НА ОКОЛНАТА СРЕДА",Б. ОПАЗВАНЕ НА ОКОЛНАТА СРЕДА,subfunction,Б. ОПАЗВАНЕ НА ОКОЛНАТА СРЕДА,ПУДООС,"13,9"
"VІ. ЖИЛИЩНО СТРОИТЕЛСТВО, БЛАГОУСТРОЙСТВО, КОМУНАЛНО СТОПАНСТВО И ОПАЗВАНЕ НА ОКОЛНАТА СРЕДА",Б. ОПАЗВАНЕ НА ОКОЛНАТА СРЕДА,line,Текущи нелихвени разходи,КФП,"1 120,5"
"VІ. ЖИЛИЩНО СТРОИТЕЛСТВО, БЛАГОУСТРОЙСТВО, КОМУНАЛНО СТОПАНСТВО И ОПАЗВАНЕ НА ОКОЛНАТА СРЕДА",Б. ОПАЗВАНЕ НА ОКОЛНАТА СРЕДА,line,Текущи нелихвени разходи,ДБ,"79,9"
"VІ. ЖИЛИЩНО СТРОИТЕЛСТВО, БЛАГОУСТРОЙСТВО, КОМУНАЛНО СТОПАНСТВО И ОПАЗВАНЕ НА ОКОЛНАТА СРЕДА",Б. ОПАЗВАНЕ НА ОКОЛНАТА СРЕДА,line,Текущи нелихвени разходи,Общини,"1 008,6"
"VІ. ЖИЛИЩНО СТРОИТЕЛСТВО, БЛАГОУСТРОЙСТВО, КОМУНАЛНО СТОПАНСТВО И ОПАЗВАНЕ НА ОКОЛНАТА СРЕДА",Б. ОПАЗВАНЕ НА ОКОЛНАТА СРЕДА,line,Текущи нелихвени разходи,ДМП,"6,6"
"VІ. ЖИЛИЩНО СТРОИТЕЛСТВО, БЛАГОУСТРОЙСТВО, КОМУНАЛНО СТОПАНСТВО И ОПАЗВАНЕ НА ОКОЛНАТА СРЕДА",Б. ОПАЗВАНЕ НА ОКОЛНАТА СРЕДА,line,Текущи нелихвени разходи,ЕВРОП. СР/ВА,"19,7"
"VІ. ЖИЛИЩНО СТРОИТЕЛСТВО, БЛАГОУСТРОЙСТВО, КОМУНАЛНО СТОПАНСТВО И ОПАЗВАНЕ НА ОКОЛНАТА СРЕДА",Б. ОПАЗВАНЕ НА ОКОЛНАТА СРЕДА,line,Текущи нелихвени разходи,ПУДООС,"5,7"
"VІ. ЖИЛИЩНО СТРОИТЕЛСТВО, БЛАГОУСТРОЙСТВО, КОМУНАЛНО СТОПАНСТВО И ОПАЗВАНЕ НА ОКОЛНАТА СРЕДА",Б. ОПАЗВАНЕ НА ОКОЛНАТА СРЕДА,line,Капиталови разходи,КФП,"399,2"
"VІ. ЖИЛИЩНО СТРОИТЕЛСТВО, БЛАГОУСТРОЙСТВО, КОМУНАЛНО СТОПАНСТВО И ОПАЗВАНЕ НА ОКОЛНАТА СРЕДА",Б. ОПАЗВАНЕ НА ОКОЛНАТА СРЕДА,line,Капиталови разходи,ДБ,"2,5"
"VІ. ЖИЛИЩНО СТРОИТЕЛСТВО, БЛАГОУСТРОЙСТВО, КОМУНАЛНО СТОПАНСТВО И ОПАЗВАНЕ НА ОКОЛНАТА СРЕДА",Б. ОПАЗВАНЕ НА ОКОЛНАТА СРЕДА,line,Капиталови разходи,Общини,"157,2"
"VІ. ЖИЛИЩНО СТРОИТЕЛСТВО, БЛАГОУСТРОЙСТВО, КОМУНАЛНО СТОПАНСТВО И ОПАЗВАНЕ НА ОКОЛНАТА СРЕДА",Б. ОПАЗВАНЕ НА ОКОЛНАТА СРЕДА,line,Капиталови разходи,ДМП,"3,4"
"VІ. ЖИЛИЩНО СТРОИТЕЛСТВО, БЛАГОУСТРОЙСТВО, КОМУНАЛНО СТОПАНСТВО И ОПАЗВАНЕ НА ОКОЛНАТА СРЕДА",Б. ОПАЗВАНЕ НА ОКОЛНАТА СРЕДА,line,Капиталови разходи,ЕВРОП. СР/ВА,"227,9"
"VІ. ЖИЛИЩНО СТРОИТЕЛСТВО, БЛАГОУСТРОЙСТВО, КОМУНАЛНО СТОПАНСТВО И ОПАЗВАНЕ НА ОКОЛНАТА СРЕДА",Б. ОПАЗВАНЕ НА ОКОЛНАТА СРЕДА,line,Капиталови разходи,ПУДООС,"8,2"
"VІ. ЖИЛИЩНО СТРОИТЕЛСТВО, БЛАГОУСТРОЙСТВО, КОМУНАЛНО СТОПАНСТВО И ОПАЗВАНЕ НА ОКОЛНАТА СРЕДА",Б. ОПАЗВАНЕ НА ОКОЛНАТА СРЕДА,line,Пред. тек. и кап. тр/ри за чужбина,КФП,"2,4"
"VІ. ЖИЛИЩНО СТРОИТЕЛСТВО, БЛАГОУСТРОЙСТВО, КОМУНАЛНО СТОПАНСТВО И ОПАЗВАНЕ НА ОКОЛНАТА СРЕДА",Б. ОПАЗВАНЕ НА ОКОЛНАТА СРЕДА,line,Пред. тек. и кап. тр/ри за чужбина,ДМП,"1,6"
"VІ. ЖИЛИЩНО СТРОИТЕЛСТВО, БЛАГОУСТРОЙСТВО, КОМУНАЛНО СТОПАНСТВО И ОПАЗВАНЕ НА ОКОЛНАТА СРЕДА",Б. ОПАЗВАНЕ НА ОКОЛНАТА СРЕДА,line,Пред. тек. и кап. тр/ри за чужбина,ЕВРОП. СР/ВА,"0,8"
"VII. КУЛТУРА, СПОРТ, ПОЧИВНИ ДЕЙНОСТИ И РЕЛИГИОЗНО ДЕЛО",,function,"VII. КУЛТУРА, СПОРТ, ПОЧИВНИ ДЕЙНОСТИ И РЕЛИГИОЗНО ДЕЛО",КФП,"1 573,2"
"VII. КУЛТУРА, СПОРТ, ПОЧИВНИ ДЕЙНОСТИ И РЕЛИГИОЗНО ДЕЛО",,function,"VII. КУЛТУРА, СПОРТ, ПОЧИВНИ ДЕЙНОСТИ И РЕЛИГИОЗНО ДЕЛО",ДБ,"597,3"
"VII. КУЛТУРА, СПОРТ, ПОЧИВНИ ДЕЙНОСТИ И РЕЛИГИОЗНО ДЕЛО",,function,"VII. КУЛТУРА, СПОРТ, ПОЧИВНИ ДЕЙНОСТИ И РЕЛИГИОЗНО ДЕЛО",ДВУ,"0,03"
"VII. КУЛТУРА, СПОРТ, ПОЧИВНИ ДЕЙНОСТИ И РЕЛИГИОЗНО ДЕЛО",,function,"VII. КУЛТУРА, СПОРТ, ПОЧИВНИ ДЕЙНОСТИ И РЕЛИГИОЗНО ДЕЛО",БАН,"7,5"
"VII. КУЛТУРА, СПОРТ, ПОЧИВНИ ДЕЙНОСТИ И РЕЛИГИОЗНО ДЕЛО",,function,"VII. КУЛТУРА, СПОРТ, ПОЧИВНИ ДЕЙНОСТИ И РЕЛИГИОЗНО ДЕЛО",БНР,"68,6"
"VII. КУЛТУРА, СПОРТ, ПОЧИВНИ ДЕЙНОСТИ И РЕЛИГИОЗНО ДЕЛО",,function,"VII. КУЛТУРА, СПОРТ, ПОЧИВНИ ДЕЙНОСТИ И РЕЛИГИОЗНО ДЕЛО",БНТ,"101,2"
"VII. КУЛТУРА, СПОРТ, ПОЧИВНИ ДЕЙНОСТИ И РЕЛИГИОЗНО ДЕЛО",,function,"VII. КУЛТУРА, СПОРТ, ПОЧИВНИ ДЕЙНОСТИ И РЕЛИГИОЗНО ДЕЛО",БТА,"16,7"
"VII. КУЛТУРА, СПОРТ, ПОЧИВНИ ДЕЙНОСТИ И РЕЛИГИОЗНО ДЕЛО",,function,"VII. КУЛТУРА, СПОРТ, ПОЧИВНИ ДЕЙНОСТИ И РЕЛИГИОЗНО ДЕЛО",Общини,"722,4"
"VII. КУЛТУРА, СПОРТ, ПОЧИВНИ ДЕЙНОСТИ И РЕЛИГИОЗНО ДЕЛО",,function,"VII. КУЛТУРА, СПОРТ, ПОЧИВНИ ДЕЙНОСТИ И РЕЛИГИОЗНО ДЕЛО",ДМП,"11,1"
"VII. КУЛТУРА, СПОРТ, ПОЧИВНИ ДЕЙНОСТИ И РЕЛИГИОЗНО ДЕЛО",,function,"VII. КУЛТУРА, СПОРТ, ПОЧИВНИ ДЕЙНОСТИ И РЕЛИГИОЗНО ДЕЛО",ЕВРОП. СР/ВА,"48,4"
"VII. КУЛТУРА, СПОРТ, ПОЧИВНИ ДЕЙНОСТИ И РЕЛИГИОЗНО ДЕЛО",А. ПОЧИВНИ ДЕЙНОСТИ,subfunction,А. ПОЧИВНИ ДЕЙНОСТИ,КФП,"40,7"
"VII. КУЛТУРА, СПОРТ, ПОЧИВНИ ДЕЙНОСТИ И РЕЛИГИОЗНО ДЕЛО",А. ПОЧИВНИ ДЕЙНОСТИ,subfunction,А. ПОЧИВНИ ДЕЙНОСТИ,ДБ,"33,7"
"VII. КУЛТУРА, СПОРТ, ПОЧИВНИ ДЕЙНОСТИ И РЕЛИГИОЗНО ДЕЛО",А. ПОЧИВНИ ДЕЙНОСТИ,subfunction,А. ПОЧИВНИ ДЕЙНОСТИ,БАН,"0,8"
"VII. КУЛТУРА, СПОРТ, ПОЧИВНИ ДЕЙНОСТИ И РЕЛИГИОЗНО ДЕЛО",А. ПОЧИВНИ ДЕЙНОСТИ,subfunction,А. ПОЧИВНИ ДЕЙНОСТИ,БНР,"0,1"
"VII. КУЛТУРА, СПОРТ, ПОЧИВНИ ДЕЙНОСТИ И РЕЛИГИОЗНО ДЕЛО",А. ПОЧИВНИ ДЕЙНОСТИ,subfunction,А. ПОЧИВНИ ДЕЙНОСТИ,БНТ,"0,9"
"VII. КУЛТУРА, СПОРТ, ПОЧИВНИ ДЕЙНОСТИ И РЕЛИГИОЗНО ДЕЛО",А. ПОЧИВНИ ДЕЙНОСТИ,subfunction,А. ПОЧИВНИ ДЕЙНОСТИ,Общини,"4,9"
"VII. КУЛТУРА, СПОРТ, ПОЧИВНИ ДЕЙНОСТИ И РЕЛИГИОЗНО ДЕЛО",А. ПОЧИВНИ ДЕЙНОСТИ,subfunction,А. ПОЧИВНИ ДЕЙНОСТИ,ДМП,"0,04"
"VII. КУЛТУРА, СПОРТ, ПОЧИВНИ ДЕЙНОСТИ И РЕЛИГИОЗНО ДЕЛО",А. ПОЧИВНИ ДЕЙНОСТИ,subfunction,А. ПОЧИВНИ ДЕЙНОСТИ,ЕВРОП. СР/ВА,"0,2"
"VII. КУЛТУРА, СПОРТ, ПОЧИВНИ ДЕЙНОСТИ И РЕЛИГИОЗНО ДЕЛО",А. ПОЧИВНИ ДЕЙНОСТИ,line,Текущи нелихвени разходи,КФП,"37,0"
"VII. КУЛТУРА, СПОРТ, ПОЧИВНИ ДЕЙНОСТИ И РЕЛИГИОЗНО ДЕЛО",А. ПОЧИВНИ ДЕЙНОСТИ,line,Текущи нелихвени разходи,ДБ,"31,1"
"VII. КУЛТУРА, СПОРТ, ПОЧИВНИ ДЕЙНОСТИ И РЕЛИГИОЗНО ДЕЛО",А. ПОЧИВНИ ДЕЙНОСТИ,line,Текущи нелихвени разходи,БАН,"0,8"
"VII. КУЛТУРА, СПОРТ, ПОЧИВНИ ДЕЙНОСТИ И РЕЛИГИОЗНО ДЕЛО",А. ПОЧИВНИ ДЕЙНОСТИ,line,Текущи нелихвени разходи,БНР,"0,1"
"VII. КУЛТУРА, СПОРТ, ПОЧИВНИ ДЕЙНОСТИ И РЕЛИГИОЗНО ДЕЛО",А. ПОЧИВНИ ДЕЙНОСТИ,line,Текущи нелихвени разходи,БНТ,"0,9"
"VII. КУЛТУРА, СПОРТ, ПОЧИВНИ ДЕЙНОСТИ И РЕЛИГИОЗНО ДЕЛО",А. ПОЧИВНИ ДЕЙНОСТИ,line,Текущи нелихвени разходи,Общини,"4,0"
"VII. КУЛТУРА, СПОРТ, ПОЧИВНИ ДЕЙНОСТИ И РЕЛИГИОЗНО ДЕЛО",А. ПОЧИВНИ ДЕЙНОСТИ,line,Текущи нелихвени разходи,ЕВРОП. СР/ВА,"0,02"
"VII. КУЛТУРА, СПОРТ, ПОЧИВНИ ДЕЙНОСТИ И РЕЛИГИОЗНО ДЕЛО",А. ПОЧИВНИ ДЕЙНОСТИ,line,Капиталови разходи,КФП,"3,7"
"VII. КУЛТУРА, СПОРТ, ПОЧИВНИ ДЕЙНОСТИ И РЕЛИГИОЗНО ДЕЛО",А. ПОЧИВНИ ДЕЙНОСТИ,line,Капиталови разходи,ДБ,"2,6"
"VII. КУЛТУРА, СПОРТ, ПОЧИВНИ ДЕЙНОСТИ И РЕЛИГИОЗНО ДЕЛО",А. ПОЧИВНИ ДЕЙНОСТИ,line,Капиталови разходи,БАН,"0,1"
"VII. КУЛТУРА, СПОРТ, ПОЧИВНИ ДЕЙНОСТИ И РЕЛИГИОЗНО ДЕЛО",А. ПОЧИВНИ ДЕЙНОСТИ,line,Капиталови разходи,БНР,"0,003"
"VII. КУЛТУРА, СПОРТ, ПОЧИВНИ ДЕЙНОСТИ И РЕЛИГИОЗНО ДЕЛО",А. ПОЧИВНИ ДЕЙНОСТИ,line,Капиталови разходи,БНТ,"0,03"
"VII. КУЛТУРА, СПОРТ, ПОЧИВНИ ДЕЙНОСТИ И РЕЛИГИОЗНО ДЕЛО",А. ПОЧИВНИ ДЕЙНОСТИ,line,Капиталови разходи,Общини,"0,8"
"VII. КУЛТУРА, СПОРТ, ПОЧИВНИ ДЕЙНОСТИ И РЕЛИГИОЗНО ДЕЛО",А. ПОЧИВНИ ДЕЙНОСТИ,line,Капиталови разходи,ДМП,"0,04"
"VII. КУЛТУРА, СПОРТ, ПОЧИВНИ ДЕЙНОСТИ И РЕЛИГИОЗНО ДЕЛО",А. ПОЧИВНИ ДЕЙНОСТИ,line,Капиталови разходи,ЕВРОП. СР/ВА,"0,2"
"VII. КУЛТУРА, СПОРТ, ПОЧИВНИ ДЕЙНОСТИ И РЕЛИГИОЗНО ДЕЛО",Б. ФИЗИЧЕСКА КУЛТУРА И СПОРТ,subfunction,Б. ФИЗИЧЕСКА КУЛТУРА И СПОРТ,КФП,"278,9"
"VII. КУЛТУРА, СПОРТ, ПОЧИВНИ ДЕЙНОСТИ И РЕЛИГИОЗНО ДЕЛО",Б. ФИЗИЧЕСКА КУЛТУРА И СПОРТ,subfunction,Б. ФИЗИЧЕСКА КУЛТУРА И СПОРТ,ДБ,"85,4"
"VII. КУЛТУРА, СПОРТ, ПОЧИВНИ ДЕЙНОСТИ И РЕЛИГИОЗНО ДЕЛО",Б. ФИЗИЧЕСКА КУЛТУРА И СПОРТ,subfunction,Б. ФИЗИЧЕСКА КУЛТУРА И СПОРТ,ДВУ,"0,03"
"VII. КУЛТУРА, СПОРТ, ПОЧИВНИ ДЕЙНОСТИ И РЕЛИГИОЗНО ДЕЛО",Б. ФИЗИЧЕСКА КУЛТУРА И СПОРТ,subfunction,Б. ФИЗИЧЕСКА КУЛТУРА И СПОРТ,Общини,"183,7"
"VII. КУЛТУРА, СПОРТ, ПОЧИВНИ ДЕЙНОСТИ И РЕЛИГИОЗНО ДЕЛО",Б. ФИЗИЧЕСКА КУЛТУРА И СПОРТ,subfunction,Б. ФИЗИЧЕСКА КУЛТУРА И СПОРТ,ДМП,"0,2"
"VII. КУЛТУРА, СПОРТ, ПОЧИВНИ ДЕЙНОСТИ И РЕЛИГИОЗНО ДЕЛО",Б. ФИЗИЧЕСКА КУЛТУРА И СПОРТ,subfunction,Б. ФИЗИЧЕСКА КУЛТУРА И СПОРТ,ЕВРОП. СР/ВА,"9,5"
"VII. КУЛТУРА, СПОРТ, ПОЧИВНИ ДЕЙНОСТИ И РЕЛИГИОЗНО ДЕЛО",Б. ФИЗИЧЕСКА КУЛТУРА И СПОРТ,line,Текущи нелихвени разходи,КФП,"207,4"
"VII. КУЛТУРА, СПОРТ, ПОЧИВНИ ДЕЙНОСТИ И РЕЛИГИОЗНО ДЕЛО",Б. ФИЗИЧЕСКА КУЛТУРА И СПОРТ,line,Текущи нелихвени разходи,ДБ,"93,1"
"VII. КУЛТУРА, СПОРТ, ПОЧИВНИ ДЕЙНОСТИ И РЕЛИГИОЗНО ДЕЛО",Б. ФИЗИЧЕСКА КУЛТУРА И СПОРТ,line,Текущи нелихвени разходи,ДВУ,"0,01"
"VII. КУЛТУРА, СПОРТ, ПОЧИВНИ ДЕЙНОСТИ И РЕЛИГИОЗНО ДЕЛО",Б. ФИЗИЧЕСКА КУЛТУРА И СПОРТ,line,Текущи нелихвени разходи,Общини,"113,1"
"VII. КУЛТУРА, СПОРТ, ПОЧИВНИ ДЕЙНОСТИ И РЕЛИГИОЗНО ДЕЛО",Б. ФИЗИЧЕСКА КУЛТУРА И СПОРТ,line,Текущи нелихвени разходи,ДМП,"0,0"
"VII. КУЛТУРА, СПОРТ, ПОЧИВНИ ДЕЙНОСТИ И РЕЛИГИОЗНО ДЕЛО",Б. ФИЗИЧЕСКА КУЛТУРА И СПОРТ,line,Текущи нелихвени разходи,ЕВРОП. СР/ВА,"1,1"
"VII. КУЛТУРА, СПОРТ, ПОЧИВНИ ДЕЙНОСТИ И РЕЛИГИОЗНО ДЕЛО",Б. ФИЗИЧЕСКА КУЛТУРА И СПОРТ,line,Капиталови разходи,КФП,"71,0"
"VII. КУЛТУРА, СПОРТ, ПОЧИВНИ ДЕЙНОСТИ И РЕЛИГИОЗНО ДЕЛО",Б. ФИЗИЧЕСКА КУЛТУРА И СПОРТ,line,Капиталови разходи,ДБ,"-7,7"
"VII. КУЛТУРА, СПОРТ, ПОЧИВНИ ДЕЙНОСТИ И РЕЛИГИОЗНО ДЕЛО",Б. ФИЗИЧЕСКА КУЛТУРА И СПОРТ,line,Капиталови разходи,ДВУ,"0,02"
"VII. КУЛТУРА, СПОРТ, ПОЧИВНИ ДЕЙНОСТИ И РЕЛИГИОЗНО ДЕЛО",Б. ФИЗИЧЕСКА КУЛТУРА И СПОРТ,line,Капиталови разходи,Общини,"70,6"
"VII. КУЛТУРА, СПОРТ, ПОЧИВНИ ДЕЙНОСТИ И РЕЛИГИОЗНО ДЕЛО",Б. ФИЗИЧЕСКА КУЛТУРА И СПОРТ,line,Капиталови разходи,ДМП,"0,2"
"VII. КУЛТУРА, СПОРТ, ПОЧИВНИ ДЕЙНОСТИ И РЕЛИГИОЗНО ДЕЛО",Б. ФИЗИЧЕСКА КУЛТУРА И СПОРТ,line,Капиталови разходи,ЕВРОП. СР/ВА,"7,9"
"VII. КУЛТУРА, СПОРТ, ПОЧИВНИ ДЕЙНОСТИ И РЕЛИГИОЗНО ДЕЛО",Б. ФИЗИЧЕСКА КУЛТУРА И СПОРТ,line,Пред. тек. и кап. тр/ри за чужбина,КФП,"0,4"
"VII. КУЛТУРА, СПОРТ, ПОЧИВНИ ДЕЙНОСТИ И РЕЛИГИОЗНО ДЕЛО",Б. ФИЗИЧЕСКА КУЛТУРА И СПОРТ,line,Пред. тек. и кап. тр/ри за чужбина,ЕВРОП. СР/ВА,"0,4"
"VII. КУЛТУРА, СПОРТ, ПОЧИВНИ ДЕЙНОСТИ И РЕЛИГИОЗНО ДЕЛО",В. КУЛТУРА,subfunction,В. КУЛТУРА,КФП,"1 183,2"
"VII. КУЛТУРА, СПОРТ, ПОЧИВНИ ДЕЙНОСТИ И РЕЛИГИОЗНО ДЕЛО",В. КУЛТУРА,subfunction,В. КУЛТУРА,ДБ,"407,9"
"VII. КУЛТУРА, СПОРТ, ПОЧИВНИ ДЕЙНОСТИ И РЕЛИГИОЗНО ДЕЛО",В. КУЛТУРА,subfunction,В. КУЛТУРА,БАН,"6,7"
"VII. КУЛТУРА, СПОРТ, ПОЧИВНИ ДЕЙНОСТИ И РЕЛИГИОЗНО ДЕЛО",В. КУЛТУРА,subfunction,В. КУЛТУРА,БНР,"68,5"
"VII. КУЛТУРА, СПОРТ, ПОЧИВНИ ДЕЙНОСТИ И РЕЛИГИОЗНО ДЕЛО",В. КУЛТУРА,subfunction,В. КУЛТУРА,БНТ,"100,3"
"VII. КУЛТУРА, СПОРТ, ПОЧИВНИ ДЕЙНОСТИ И РЕЛИГИОЗНО ДЕЛО",В. КУЛТУРА,subfunction,В. КУЛТУРА,БТА,"16,7"
"VII. КУЛТУРА, СПОРТ, ПОЧИВНИ ДЕЙНОСТИ И РЕЛИГИОЗНО ДЕЛО",В. КУЛТУРА,subfunction,В. КУЛТУРА,Общини,"533,7"
"VII. КУЛТУРА, СПОРТ, ПОЧИВНИ ДЕЙНОСТИ И РЕЛИГИОЗНО ДЕЛО",В. КУЛТУРА,subfunction,В. КУЛТУРА,ДМП,"10,8"
"VII. КУЛТУРА, СПОРТ, ПОЧИВНИ ДЕЙНОСТИ И РЕЛИГИОЗНО ДЕЛО",В. КУЛТУРА,subfunction,В. КУЛТУРА,ЕВРОП. СР/ВА,"38,7"
"VII. КУЛТУРА, СПОРТ, ПОЧИВНИ ДЕЙНОСТИ И РЕЛИГИОЗНО ДЕЛО",В. КУЛТУРА,line,Текущи нелихвени разходи,КФП,"1 069,9"
"VII. КУЛТУРА, СПОРТ, ПОЧИВНИ ДЕЙНОСТИ И РЕЛИГИОЗНО ДЕЛО",В. КУЛТУРА,line,Текущи нелихвени разходи,ДБ,"393,6"
"VII. КУЛТУРА, СПОРТ, ПОЧИВНИ ДЕЙНОСТИ И РЕЛИГИОЗНО ДЕЛО",В. КУЛТУРА,line,Текущи нелихвени разходи,БАН,"6,5"
"VII. КУЛТУРА, СПОРТ, ПОЧИВНИ ДЕЙНОСТИ И РЕЛИГИОЗНО ДЕЛО",В. КУЛТУРА,line,Текущи нелихвени разходи,БНР,"64,7"
"VII. КУЛТУРА, СПОРТ, ПОЧИВНИ ДЕЙНОСТИ И РЕЛИГИОЗНО ДЕЛО",В. КУЛТУРА,line,Текущи нелихвени разходи,БНТ,"88,0"
"VII. КУЛТУРА, СПОРТ, ПОЧИВНИ ДЕЙНОСТИ И РЕЛИГИОЗНО ДЕЛО",В. КУЛТУРА,line,Текущи нелихвени разходи,БТА,"15,3"
"VII. КУЛТУРА, СПОРТ, ПОЧИВНИ ДЕЙНОСТИ И РЕЛИГИОЗНО ДЕЛО",В. КУЛТУРА,line,Текущи нелихвени разходи,Общини,"484,1"
"VII. КУЛТУРА, СПОРТ, ПОЧИВНИ ДЕЙНОСТИ И РЕЛИГИОЗНО ДЕЛО",В. КУЛТУРА,line,Текущи нелихвени разходи,ДМП,"7,2"
"VII. КУЛТУРА, СПОРТ, ПОЧИВНИ ДЕЙНОСТИ И РЕЛИГИОЗНО ДЕЛО",В. КУЛТУРА,line,Текущи нелихвени разходи,ЕВРОП. СР/ВА,"10,5"
"VII. КУЛТУРА, СПОРТ, ПОЧИВНИ ДЕЙНОСТИ И РЕЛИГИОЗНО ДЕЛО",В. КУЛТУРА,line,Капиталови разходи,КФП,"111,6"
"VII. КУЛТУРА, СПОРТ, ПОЧИВНИ ДЕЙНОСТИ И РЕЛИГИОЗНО ДЕЛО",В. КУЛТУРА,line,Капиталови разходи,ДБ,"14,3"
"VII. КУЛТУРА, СПОРТ, ПОЧИВНИ ДЕЙНОСТИ И РЕЛИГИОЗНО ДЕЛО",В. КУЛТУРА,line,Капиталови разходи,БАН,"0,2"
"VII. КУЛТУРА, СПОРТ, ПОЧИВНИ ДЕЙНОСТИ И РЕЛИГИОЗНО ДЕЛО",В. КУЛТУРА,line,Капиталови разходи,БНР,"3,8"
"VII. КУЛТУРА, СПОРТ, ПОЧИВНИ ДЕЙНОСТИ И РЕЛИГИОЗНО ДЕЛО",В. КУЛТУРА,line,Капиталови разходи,БНТ,"12,3"
"VII. КУЛТУРА, СПОРТ, ПОЧИВНИ ДЕЙНОСТИ И РЕЛИГИОЗНО ДЕЛО",В. КУЛТУРА,line,Капиталови разходи,БТА,"1,4"
"VII. КУЛТУРА, СПОРТ, ПОЧИВНИ ДЕЙНОСТИ И РЕЛИГИОЗНО ДЕЛО",В. КУЛТУРА,line,Капиталови разходи,Общини,"49,6"
"VII. КУЛТУРА, СПОРТ, ПОЧИВНИ ДЕЙНОСТИ И РЕЛИГИОЗНО ДЕЛО",В. КУЛТУРА,line,Капиталови разходи,ДМП,"3,4"
"VII. КУЛТУРА, СПОРТ, ПОЧИВНИ ДЕЙНОСТИ И РЕЛИГИОЗНО ДЕЛО",В. КУЛТУРА,line,Капиталови разходи,ЕВРОП. СР/ВА,"26,6"
"VII. КУЛТУРА, СПОРТ, ПОЧИВНИ ДЕЙНОСТИ И РЕЛИГИОЗНО ДЕЛО",В. КУЛТУРА,line,Пред. тек. и кап. тр/ри за чужбина,КФП,"1,7"
"VII. КУЛТУРА, СПОРТ, ПОЧИВНИ ДЕЙНОСТИ И РЕЛИГИОЗНО ДЕЛО",В. КУЛТУРА,line,Пред. тек. и кап. тр/ри за чужбина,ДМП,"0,12"
"VII. КУЛТУРА, СПОРТ, ПОЧИВНИ ДЕЙНОСТИ И РЕЛИГИОЗНО ДЕЛО",В. КУЛТУРА,line,Пред. тек. и кап. тр/ри за чужбина,ЕВРОП. СР/ВА,"1,6"
"VII. КУЛТУРА, СПОРТ, ПОЧИВНИ ДЕЙНОСТИ И РЕЛИГИОЗНО ДЕЛО",Г. РЕЛИГИОЗНО ДЕЛО,subfunction,Г. РЕЛИГИОЗНО ДЕЛО,КФП,"70,5"
"VII. КУЛТУРА, СПОРТ, ПОЧИВНИ ДЕЙНОСТИ И РЕЛИГИОЗНО ДЕЛО",Г. РЕЛИГИОЗНО ДЕЛО,subfunction,Г. РЕЛИГИОЗНО ДЕЛО,ДБ,"70,3"
"VII. КУЛТУРА, СПОРТ, ПОЧИВНИ ДЕЙНОСТИ И РЕЛИГИОЗНО ДЕЛО",Г. РЕЛИГИОЗНО ДЕЛО,subfunction,Г. РЕЛИГИОЗНО ДЕЛО,Общини,"0,2"
"VII. КУЛТУРА, СПОРТ, ПОЧИВНИ ДЕЙНОСТИ И РЕЛИГИОЗНО ДЕЛО",Г. РЕЛИГИОЗНО ДЕЛО,line,Текущи нелихвени разходи,КФП,"49,6"
"VII. КУЛТУРА, СПОРТ, ПОЧИВНИ ДЕЙНОСТИ И РЕЛИГИОЗНО ДЕЛО",Г. РЕЛИГИОЗНО ДЕЛО,line,Текущи нелихвени разходи,ДБ,"49,6"
"VII. КУЛТУРА, СПОРТ, ПОЧИВНИ ДЕЙНОСТИ И РЕЛИГИОЗНО ДЕЛО",Г. РЕЛИГИОЗНО ДЕЛО,line,Текущи нелихвени разходи,Общини,"0,03"
"VII. КУЛТУРА, СПОРТ, ПОЧИВНИ ДЕЙНОСТИ И РЕЛИГИОЗНО ДЕЛО",Г. РЕЛИГИОЗНО ДЕЛО,line,Капиталови разходи,КФП,"20,9"
"VII. КУЛТУРА, СПОРТ, ПОЧИВНИ ДЕЙНОСТИ И РЕЛИГИОЗНО ДЕЛО",Г. РЕЛИГИОЗНО ДЕЛО,line,Капиталови разходи,ДБ,"20,7"
"VII. КУЛТУРА, СПОРТ, ПОЧИВНИ ДЕЙНОСТИ И РЕЛИГИОЗНО ДЕЛО",Г. РЕЛИГИОЗНО ДЕЛО,line,Капиталови разходи,Общини,"0,1"
VIII. ИКОНОМИЧЕСКИ ДЕЙНОСТИ И УСЛУГИ,,function,VIII. ИКОНОМИЧЕСКИ ДЕЙНОСТИ И УСЛУГИ,КФП,"10 681,4"
VIII. ИКОНОМИЧЕСКИ ДЕЙНОСТИ И УСЛУГИ,,function,VIII. ИКОНОМИЧЕСКИ ДЕЙНОСТИ И УСЛУГИ,ДБ,"4 949,6"
VIII. ИКОНОМИЧЕСКИ ДЕЙНОСТИ И УСЛУГИ,,function,VIII. ИКОНОМИЧЕСКИ ДЕЙНОСТИ И УСЛУГИ,БАН,"2,4"
VIII. ИКОНОМИЧЕСКИ ДЕЙНОСТИ И УСЛУГИ,,function,VIII. ИКОНОМИЧЕСКИ ДЕЙНОСТИ И УСЛУГИ,Общини,"1 272,3"
VIII. ИКОНОМИЧЕСКИ ДЕЙНОСТИ И УСЛУГИ,,function,VIII. ИКОНОМИЧЕСКИ ДЕЙНОСТИ И УСЛУГИ,ДМП,"6,9"
VIII. ИКОНОМИЧЕСКИ ДЕЙНОСТИ И УСЛУГИ,,function,VIII. ИКОНОМИЧЕСКИ ДЕЙНОСТИ И УСЛУГИ,ЕВРОП. СР/ВА,"1 913,1"
VIII. ИКОНОМИЧЕСКИ ДЕЙНОСТИ И УСЛУГИ,,function,VIII. ИКОНОМИЧЕСКИ ДЕЙНОСТИ И УСЛУГИ,ФСЕС,"2 523,7"
VIII. ИКОНОМИЧЕСКИ ДЕЙНОСТИ И УСЛУГИ,,function,VIII. ИКОНОМИЧЕСКИ ДЕЙНОСТИ И УСЛУГИ,ДПУСЯ,"13,4"
VIII. ИКОНОМИЧЕСКИ ДЕЙНОСТИ И УСЛУГИ,"А. МИННО ДЕЛО, ГОРИВА И ЕНЕРГИЯ",subfunction,"А. МИННО ДЕЛО, ГОРИВА И ЕНЕРГИЯ",КФП,"2 634,6"
VIII. ИКОНОМИЧЕСКИ ДЕЙНОСТИ И УСЛУГИ,"А. МИННО ДЕЛО, ГОРИВА И ЕНЕРГИЯ",subfunction,"А. МИННО ДЕЛО, ГОРИВА И ЕНЕРГИЯ",ДБ,"57,7"
VIII. ИКОНОМИЧЕСКИ ДЕЙНОСТИ И УСЛУГИ,"А. МИННО ДЕЛО, ГОРИВА И ЕНЕРГИЯ",subfunction,"А. МИННО ДЕЛО, ГОРИВА И ЕНЕРГИЯ",Общини,"0,13"
VIII. ИКОНОМИЧЕСКИ ДЕЙНОСТИ И УСЛУГИ,"А. МИННО ДЕЛО, ГОРИВА И ЕНЕРГИЯ",subfunction,"А. МИННО ДЕЛО, ГОРИВА И ЕНЕРГИЯ",ДМП,"0,6"
VIII. ИКОНОМИЧЕСКИ ДЕЙНОСТИ И УСЛУГИ,"А. МИННО ДЕЛО, ГОРИВА И ЕНЕРГИЯ",subfunction,"А. МИННО ДЕЛО, ГОРИВА И ЕНЕРГИЯ",ЕВРОП. СР/ВА,"52,5"
VIII. ИКОНОМИЧЕСКИ ДЕЙНОСТИ И УСЛУГИ,"А. МИННО ДЕЛО, ГОРИВА И ЕНЕРГИЯ",subfunction,"А. МИННО ДЕЛО, ГОРИВА И ЕНЕРГИЯ",ФСЕС,"2 523,7"
VIII. ИКОНОМИЧЕСКИ ДЕЙНОСТИ И УСЛУГИ,"А. МИННО ДЕЛО, ГОРИВА И ЕНЕРГИЯ",line,Текущи нелихвени разходи,КФП,"2 590,1"
VIII. ИКОНОМИЧЕСКИ ДЕЙНОСТИ И УСЛУГИ,"А. МИННО ДЕЛО, ГОРИВА И ЕНЕРГИЯ",line,Текущи нелихвени разходи,ДБ,"55,7"
VIII. ИКОНОМИЧЕСКИ ДЕЙНОСТИ И УСЛУГИ,"А. МИННО ДЕЛО, ГОРИВА И ЕНЕРГИЯ",line,Текущи нелихвени разходи,Общини,"0,01"
VIII. ИКОНОМИЧЕСКИ ДЕЙНОСТИ И УСЛУГИ,"А. МИННО ДЕЛО, ГОРИВА И ЕНЕРГИЯ",line,Текущи нелихвени разходи,ДМП,"0,6"
VIII. ИКОНОМИЧЕСКИ ДЕЙНОСТИ И УСЛУГИ,"А. МИННО ДЕЛО, ГОРИВА И ЕНЕРГИЯ",line,Текущи нелихвени разходи,ЕВРОП. СР/ВА,"10,3"
VIII. ИКОНОМИЧЕСКИ ДЕЙНОСТИ И УСЛУГИ,"А. МИННО ДЕЛО, ГОРИВА И ЕНЕРГИЯ",line,Текущи нелихвени разходи,ФСЕС,"2 523,6"
VIII. ИКОНОМИЧЕСКИ ДЕЙНОСТИ И УСЛУГИ,"А. МИННО ДЕЛО, ГОРИВА И ЕНЕРГИЯ",line,Капиталови разходи,КФП,"44,5"
VIII. ИКОНОМИЧЕСКИ ДЕЙНОСТИ И УСЛУГИ,"А. МИННО ДЕЛО, ГОРИВА И ЕНЕРГИЯ",line,Капиталови разходи,ДБ,"2,0"
VIII. ИКОНОМИЧЕСКИ ДЕЙНОСТИ И УСЛУГИ,"А. МИННО ДЕЛО, ГОРИВА И ЕНЕРГИЯ",line,Капиталови разходи,Общини,"0,125"
VIII. ИКОНОМИЧЕСКИ ДЕЙНОСТИ И УСЛУГИ,"А. МИННО ДЕЛО, ГОРИВА И ЕНЕРГИЯ",line,Капиталови разходи,ЕВРОП. СР/ВА,"42,2"
VIII. ИКОНОМИЧЕСКИ ДЕЙНОСТИ И УСЛУГИ,"А. МИННО ДЕЛО, ГОРИВА И ЕНЕРГИЯ",line,Капиталови разходи,ФСЕС,"0,1"
VIII. ИКОНОМИЧЕСКИ ДЕЙНОСТИ И УСЛУГИ,"Б. СЕЛСКО СТОПАНСТВО, ГОРСКО СТОПАНСТВО, ЛОВ И РИБОЛОВ",subfunction,"Б. СЕЛСКО СТОПАНСТВО, ГОРСКО СТОПАНСТВО, ЛОВ И РИБОЛОВ",КФП,"2 187,9"
VIII. ИКОНОМИЧЕСКИ ДЕЙНОСТИ И УСЛУГИ,"Б. СЕЛСКО СТОПАНСТВО, ГОРСКО СТОПАНСТВО, ЛОВ И РИБОЛОВ",subfunction,"Б. СЕЛСКО СТОПАНСТВО, ГОРСКО СТОПАНСТВО, ЛОВ И РИБОЛОВ",ДБ,"1 404,3"
VIII. ИКОНОМИЧЕСКИ ДЕЙНОСТИ И УСЛУГИ,"Б. СЕЛСКО СТОПАНСТВО, ГОРСКО СТОПАНСТВО, ЛОВ И РИБОЛОВ",subfunction,"Б. СЕЛСКО СТОПАНСТВО, ГОРСКО СТОПАНСТВО, ЛОВ И РИБОЛОВ",Общини,"33,4"
VIII. ИКОНОМИЧЕСКИ ДЕЙНОСТИ И УСЛУГИ,"Б. СЕЛСКО СТОПАНСТВО, ГОРСКО СТОПАНСТВО, ЛОВ И РИБОЛОВ",subfunction,"Б. СЕЛСКО СТОПАНСТВО, ГОРСКО СТОПАНСТВО, ЛОВ И РИБОЛОВ",ЕВРОП. СР/ВА,"750,1"
VIII. ИКОНОМИЧЕСКИ ДЕЙНОСТИ И УСЛУГИ,"Б. СЕЛСКО СТОПАНСТВО, ГОРСКО СТОПАНСТВО, ЛОВ И РИБОЛОВ",line,Текущи нелихвени разходи,КФП,"1 737,1"
VIII. ИКОНОМИЧЕСКИ ДЕЙНОСТИ И УСЛУГИ,"Б. СЕЛСКО СТОПАНСТВО, ГОРСКО СТОПАНСТВО, ЛОВ И РИБОЛОВ",line,Текущи нелихвени разходи,ДБ,"1 393,8"
VIII. ИКОНОМИЧЕСКИ ДЕЙНОСТИ И УСЛУГИ,"Б. СЕЛСКО СТОПАНСТВО, ГОРСКО СТОПАНСТВО, ЛОВ И РИБОЛОВ",line,Текущи нелихвени разходи,Общини,"32,7"
VIII. ИКОНОМИЧЕСКИ ДЕЙНОСТИ И УСЛУГИ,"Б. СЕЛСКО СТОПАНСТВО, ГОРСКО СТОПАНСТВО, ЛОВ И РИБОЛОВ",line,Текущи нелихвени разходи,ЕВРОП. СР/ВА,"310,6"
VIII. ИКОНОМИЧЕСКИ ДЕЙНОСТИ И УСЛУГИ,"Б. СЕЛСКО СТОПАНСТВО, ГОРСКО СТОПАНСТВО, ЛОВ И РИБОЛОВ",line,Капиталови разходи,КФП,"450,7"
VIII. ИКОНОМИЧЕСКИ ДЕЙНОСТИ И УСЛУГИ,"Б. СЕЛСКО СТОПАНСТВО, ГОРСКО СТОПАНСТВО, ЛОВ И РИБОЛОВ",line,Капиталови разходи,ДБ,"10,5"
VIII. ИКОНОМИЧЕСКИ ДЕЙНОСТИ И УСЛУГИ,"Б. СЕЛСКО СТОПАНСТВО, ГОРСКО СТОПАНСТВО, ЛОВ И РИБОЛОВ",line,Капиталови разходи,Общини,"0,8"
VIII. ИКОНОМИЧЕСКИ ДЕЙНОСТИ И УСЛУГИ,"Б. СЕЛСКО СТОПАНСТВО, ГОРСКО СТОПАНСТВО, ЛОВ И РИБОЛОВ",line,Капиталови разходи,ЕВРОП. СР/ВА,"439,4"
VIII. ИКОНОМИЧЕСКИ ДЕЙНОСТИ И УСЛУГИ,"Б. СЕЛСКО СТОПАНСТВО, ГОРСКО СТОПАНСТВО, ЛОВ И РИБОЛОВ",line,Пред. тек. и кап. тр/ри за чужбина,КФП,"0,06"
VIII. ИКОНОМИЧЕСКИ ДЕЙНОСТИ И УСЛУГИ,"Б. СЕЛСКО СТОПАНСТВО, ГОРСКО СТОПАНСТВО, ЛОВ И РИБОЛОВ",line,Пред. тек. и кап. тр/ри за чужбина,ЕВРОП. СР/ВА,"0,06"
VIII. ИКОНОМИЧЕСКИ ДЕЙНОСТИ И УСЛУГИ,В. ТРАНСПОРТ И СЪОБЩЕНИЯ,subfunction,В. ТРАНСПОРТ И СЪОБЩЕНИЯ,КФП,"5 161,1"
VIII. ИКОНОМИЧЕСКИ ДЕЙНОСТИ И УСЛУГИ,В. ТРАНСПОРТ И СЪОБЩЕНИЯ,subfunction,В. ТРАНСПОРТ И СЪОБЩЕНИЯ,ДБ,"3 325,7"
VIII. ИКОНОМИЧЕСКИ ДЕЙНОСТИ И УСЛУГИ,В. ТРАНСПОРТ И СЪОБЩЕНИЯ,subfunction,В. ТРАНСПОРТ И СЪОБЩЕНИЯ,Общини,"1 015,9"
VIII. ИКОНОМИЧЕСКИ ДЕЙНОСТИ И УСЛУГИ,В. ТРАНСПОРТ И СЪОБЩЕНИЯ,subfunction,В. ТРАНСПОРТ И СЪОБЩЕНИЯ,ЕВРОП. СР/ВА,"819,5"
VIII. ИКОНОМИЧЕСКИ ДЕЙНОСТИ И УСЛУГИ,В. ТРАНСПОРТ И СЪОБЩЕНИЯ,line,Текущи нелихвени разходи,КФП,"2 883,4"
VIII. ИКОНОМИЧЕСКИ ДЕЙНОСТИ И УСЛУГИ,В. ТРАНСПОРТ И СЪОБЩЕНИЯ,line,Текущи нелихвени разходи,ДБ,"2 320,9"
VIII. ИКОНОМИЧЕСКИ ДЕЙНОСТИ И УСЛУГИ,В. ТРАНСПОРТ И СЪОБЩЕНИЯ,line,Текущи нелихвени разходи,Общини,"551,0"
VIII. ИКОНОМИЧЕСКИ ДЕЙНОСТИ И УСЛУГИ,В. ТРАНСПОРТ И СЪОБЩЕНИЯ,line,Текущи нелихвени разходи,ЕВРОП. СР/ВА,"11,5"
VIII. ИКОНОМИЧЕСКИ ДЕЙНОСТИ И УСЛУГИ,В. ТРАНСПОРТ И СЪОБЩЕНИЯ,line,Капиталови разходи,КФП,"2 277,6"
VIII. ИКОНОМИЧЕСКИ ДЕЙНОСТИ И УСЛУГИ,В. ТРАНСПОРТ И СЪОБЩЕНИЯ,line,Капиталови разходи,ДБ,"1 004,7"
VIII. ИКОНОМИЧЕСКИ ДЕЙНОСТИ И УСЛУГИ,В. ТРАНСПОРТ И СЪОБЩЕНИЯ,line,Капиталови разходи,Общини,"464,9"
VIII. ИКОНОМИЧЕСКИ ДЕЙНОСТИ И УСЛУГИ,В. ТРАНСПОРТ И СЪОБЩЕНИЯ,line,Капиталови разходи,ЕВРОП. СР/ВА,"807,9"
VIII. ИКОНОМИЧЕСКИ ДЕЙНОСТИ И УСЛУГИ,В. ТРАНСПОРТ И СЪОБЩЕНИЯ,line,Пред. тек. и кап. тр/ри за чужбина,КФП,"0,0"
VIII. ИКОНОМИЧЕСКИ ДЕЙНОСТИ И УСЛУГИ,В. ТРАНСПОРТ И СЪОБЩЕНИЯ,line,Пред. тек. и кап. тр/ри за чужбина,ЕВРОП. СР/ВА,"0,0"
VIII. ИКОНОМИЧЕСКИ ДЕЙНОСТИ И УСЛУГИ,Г. ПРОМИШЛЕНОСТ И СТРОИТЕЛСТВО,subfunction,Г. ПРОМИШЛЕНОСТ И СТРОИТЕЛСТВО,КФП,"13,1"
VIII. ИКОНОМИЧЕСКИ ДЕЙНОСТИ И УСЛУГИ,Г. ПРОМИШЛЕНОСТ И СТРОИТЕЛСТВО,subfunction,Г. ПРОМИШЛЕНОСТ И СТРОИТЕЛСТВО,ДБ,"8,3"
VIII. ИКОНОМИЧЕСКИ ДЕЙНОСТИ И УСЛУГИ,Г. ПРОМИШЛЕНОСТ И СТРОИТЕЛСТВО,subfunction,Г. ПРОМИШЛЕНОСТ И СТРОИТЕЛСТВО,ДМП,"0,15"
VIII. ИКОНОМИЧЕСКИ ДЕЙНОСТИ И УСЛУГИ,Г. ПРОМИШЛЕНОСТ И СТРОИТЕЛСТВО,subfunction,Г. ПРОМИШЛЕНОСТ И СТРОИТЕЛСТВО,ЕВРОП. СР/ВА,"4,6"
VIII. ИКОНОМИЧЕСКИ ДЕЙНОСТИ И УСЛУГИ,Г. ПРОМИШЛЕНОСТ И СТРОИТЕЛСТВО,line,Текущи нелихвени разходи,КФП,"13,0"
VIII. ИКОНОМИЧЕСКИ ДЕЙНОСТИ И УСЛУГИ,Г. ПРОМИШЛЕНОСТ И СТРОИТЕЛСТВО,line,Текущи нелихвени разходи,ДБ,"8,3"
VIII. ИКОНОМИЧЕСКИ ДЕЙНОСТИ И УСЛУГИ,Г. ПРОМИШЛЕНОСТ И СТРОИТЕЛСТВО,line,Текущи нелихвени разходи,ДМП,"0,11"
VIII. ИКОНОМИЧЕСКИ ДЕЙНОСТИ И УСЛУГИ,Г. ПРОМИШЛЕНОСТ И СТРОИТЕЛСТВО,line,Текущи нелихвени разходи,ЕВРОП. СР/ВА,"4,6"
VIII. ИКОНОМИЧЕСКИ ДЕЙНОСТИ И УСЛУГИ,Г. ПРОМИШЛЕНОСТ И СТРОИТЕЛСТВО,line,Капиталови разходи,КФП,"0,1"
VIII. ИКОНОМИЧЕСКИ ДЕЙНОСТИ И УСЛУГИ,Г. ПРОМИШЛЕНОСТ И СТРОИТЕЛСТВО,line,Капиталови разходи,ДБ,"0,08"
VIII. ИКОНОМИЧЕСКИ ДЕЙНОСТИ И УСЛУГИ,Г. ПРОМИШЛЕНОСТ И СТРОИТЕЛСТВО,line,Капиталови разходи,ЕВРОП. СР/ВА,"0,0"
VIII. ИКОНОМИЧЕСКИ ДЕЙНОСТИ И УСЛУГИ,Д. ТУРИЗЪМ,subfunction,Д. ТУРИЗЪМ,КФП,"66,8"
VIII. ИКОНОМИЧЕСКИ ДЕЙНОСТИ И УСЛУГИ,Д. ТУРИЗЪМ,subfunction,Д. ТУРИЗЪМ,ДБ,"43,3"
VIII. ИКОНОМИЧЕСКИ ДЕЙНОСТИ И УСЛУГИ,Д. ТУРИЗЪМ,subfunction,Д. ТУРИЗЪМ,Общини,"22,0"
VIII. ИКОНОМИЧЕСКИ ДЕЙНОСТИ И УСЛУГИ,Д. ТУРИЗЪМ,subfunction,Д. ТУРИЗЪМ,ДМП,"0,01"
VIII. ИКОНОМИЧЕСКИ ДЕЙНОСТИ И УСЛУГИ,Д. ТУРИЗЪМ,subfunction,Д. ТУРИЗЪМ,ЕВРОП. СР/ВА,"1,5"
VIII. ИКОНОМИЧЕСКИ ДЕЙНОСТИ И УСЛУГИ,Д. ТУРИЗЪМ,line,Текущи нелихвени разходи,КФП,"62,2"
VIII. ИКОНОМИЧЕСКИ ДЕЙНОСТИ И УСЛУГИ,Д. ТУРИЗЪМ,line,Текущи нелихвени разходи,ДБ,"43,2"
VIII. ИКОНОМИЧЕСКИ ДЕЙНОСТИ И УСЛУГИ,Д. ТУРИЗЪМ,line,Текущи нелихвени разходи,Общини,"18,7"
VIII. ИКОНОМИЧЕСКИ ДЕЙНОСТИ И УСЛУГИ,Д. ТУРИЗЪМ,line,Текущи нелихвени разходи,ЕВРОП. СР/ВА,"0,2"
VIII. ИКОНОМИЧЕСКИ ДЕЙНОСТИ И УСЛУГИ,Д. ТУРИЗЪМ,line,Капиталови разходи,КФП,"3,5"
VIII. ИКОНОМИЧЕСКИ ДЕЙНОСТИ И УСЛУГИ,Д. ТУРИЗЪМ,line,Капиталови разходи,ДБ,"0,12"
VIII. ИКОНОМИЧЕСКИ ДЕЙНОСТИ И УСЛУГИ,Д. ТУРИЗЪМ,line,Капиталови разходи,Общини,"2,1"
VIII. ИКОНОМИЧЕСКИ ДЕЙНОСТИ И УСЛУГИ,Д. ТУРИЗЪМ,line,Капиталови разходи,ЕВРОП. СР/ВА,"1,3"
VIII. ИКОНОМИЧЕСКИ ДЕЙНОСТИ И УСЛУГИ,Д. ТУРИЗЪМ,line,Пред. тек. и кап. тр/ри за чужбина,КФП,"1,2"
VIII. ИКОНОМИЧЕСКИ ДЕЙНОСТИ И УСЛУГИ,Д. ТУРИЗЪМ,line,Пред. тек. и кап. тр/ри за чужбина,Общини,"1,2"
VIII. ИКОНОМИЧЕСКИ ДЕЙНОСТИ И УСЛУГИ,Д. ТУРИЗЪМ,line,Пред. тек. и кап. тр/ри за чужбина,ДМП,"0,01"
VIII. ИКОНОМИЧЕСКИ ДЕЙНОСТИ И УСЛУГИ,Д. ТУРИЗЪМ,line,Пред. тек. и кап. тр/ри за чужбина,ЕВРОП. СР/ВА,"0,02"
VIII. ИКОНОМИЧЕСКИ ДЕЙНОСТИ И УСЛУГИ,Е. ДРУГИ ДЕЙНОСТИ ПО ИКОНОМИКАТА,subfunction,Е. ДРУГИ ДЕЙНОСТИ ПО ИКОНОМИКАТА,КФП,"617,9"
VIII. ИКОНОМИЧЕСКИ ДЕЙНОСТИ И УСЛУГИ,Е. ДРУГИ ДЕЙНОСТИ ПО ИКОНОМИКАТА,subfunction,Е. ДРУГИ ДЕЙНОСТИ ПО ИКОНОМИКАТА,ДБ,"110,3"
VIII. ИКОНОМИЧЕСКИ ДЕЙНОСТИ И УСЛУГИ,Е. ДРУГИ ДЕЙНОСТИ ПО ИКОНОМИКАТА,subfunction,Е. ДРУГИ ДЕЙНОСТИ ПО ИКОНОМИКАТА,БАН,"2,4"
VIII. ИКОНОМИЧЕСКИ ДЕЙНОСТИ И УСЛУГИ,Е. ДРУГИ ДЕЙНОСТИ ПО ИКОНОМИКАТА,subfunction,Е. ДРУГИ ДЕЙНОСТИ ПО ИКОНОМИКАТА,Общини,"200,9"
VIII. ИКОНОМИЧЕСКИ ДЕЙНОСТИ И УСЛУГИ,Е. ДРУГИ ДЕЙНОСТИ ПО ИКОНОМИКАТА,subfunction,Е. ДРУГИ ДЕЙНОСТИ ПО ИКОНОМИКАТА,ДМП,"6,2"
VIII. ИКОНОМИЧЕСКИ ДЕЙНОСТИ И УСЛУГИ,Е. ДРУГИ ДЕЙНОСТИ ПО ИКОНОМИКАТА,subfunction,Е. ДРУГИ ДЕЙНОСТИ ПО ИКОНОМИКАТА,ЕВРОП. СР/ВА,"284,8"
VIII. ИКОНОМИЧЕСКИ ДЕЙНОСТИ И УСЛУГИ,Е. ДРУГИ ДЕЙНОСТИ ПО ИКОНОМИКАТА,subfunction,Е. ДРУГИ ДЕЙНОСТИ ПО ИКОНОМИКАТА,ДПУСЯ,"13,4"
VIII. ИКОНОМИЧЕСКИ ДЕЙНОСТИ И УСЛУГИ,Е. ДРУГИ ДЕЙНОСТИ ПО ИКОНОМИКАТА,line,Текущи нелихвени разходи,КФП,"337,3"
VIII. ИКОНОМИЧЕСКИ ДЕЙНОСТИ И УСЛУГИ,Е. ДРУГИ ДЕЙНОСТИ ПО ИКОНОМИКАТА,line,Текущи нелихвени разходи,ДБ,"90,4"
VIII. ИКОНОМИЧЕСКИ ДЕЙНОСТИ И УСЛУГИ,Е. ДРУГИ ДЕЙНОСТИ ПО ИКОНОМИКАТА,line,Текущи нелихвени разходи,БАН,"2,3"
VIII. ИКОНОМИЧЕСКИ ДЕЙНОСТИ И УСЛУГИ,Е. ДРУГИ ДЕЙНОСТИ ПО ИКОНОМИКАТА,line,Текущи нелихвени разходи,Общини,"183,6"
VIII. ИКОНОМИЧЕСКИ ДЕЙНОСТИ И УСЛУГИ,Е. ДРУГИ ДЕЙНОСТИ ПО ИКОНОМИКАТА,line,Текущи нелихвени разходи,ДМП,"6,1"
VIII. ИКОНОМИЧЕСКИ ДЕЙНОСТИ И УСЛУГИ,Е. ДРУГИ ДЕЙНОСТИ ПО ИКОНОМИКАТА,line,Текущи нелихвени разходи,ЕВРОП. СР/ВА,"42,2"
VIII. ИКОНОМИЧЕСКИ ДЕЙНОСТИ И УСЛУГИ,Е. ДРУГИ ДЕЙНОСТИ ПО ИКОНОМИКАТА,line,Текущи нелихвени разходи,ДПУСЯ,"12,7"
VIII. ИКОНОМИЧЕСКИ ДЕЙНОСТИ И УСЛУГИ,Е. ДРУГИ ДЕЙНОСТИ ПО ИКОНОМИКАТА,line,Капиталови разходи,КФП,"273,5"
VIII. ИКОНОМИЧЕСКИ ДЕЙНОСТИ И УСЛУГИ,Е. ДРУГИ ДЕЙНОСТИ ПО ИКОНОМИКАТА,line,Капиталови разходи,ДБ,"13,8"
VIII. ИКОНОМИЧЕСКИ ДЕЙНОСТИ И УСЛУГИ,Е. ДРУГИ ДЕЙНОСТИ ПО ИКОНОМИКАТА,line,Капиталови разходи,БАН,"0,08"
VIII. ИКОНОМИЧЕСКИ ДЕЙНОСТИ И УСЛУГИ,Е. ДРУГИ ДЕЙНОСТИ ПО ИКОНОМИКАТА,line,Капиталови разходи,Общини,"17,1"
VIII. ИКОНОМИЧЕСКИ ДЕЙНОСТИ И УСЛУГИ,Е. ДРУГИ ДЕЙНОСТИ ПО ИКОНОМИКАТА,line,Капиталови разходи,ДМП,"0,1"
VIII. ИКОНОМИЧЕСКИ ДЕЙНОСТИ И УСЛУГИ,Е. ДРУГИ ДЕЙНОСТИ ПО ИКОНОМИКАТА,line,Капиталови разходи,ЕВРОП. СР/ВА,"241,8"
VIII. ИКОНОМИЧЕСКИ ДЕЙНОСТИ И УСЛУГИ,Е. ДРУГИ ДЕЙНОСТИ ПО ИКОНОМИКАТА,line,Капиталови разходи,ДПУСЯ,"0,7"
VIII. ИКОНОМИЧЕСКИ ДЕЙНОСТИ И УСЛУГИ,Е. ДРУГИ ДЕЙНОСТИ ПО ИКОНОМИКАТА,line,Пред. тек. и кап. тр/ри за чужбина,КФП,"7,0"
VIII. ИКОНОМИЧЕСКИ ДЕЙНОСТИ И УСЛУГИ,Е. ДРУГИ ДЕЙНОСТИ ПО ИКОНОМИКАТА,line,Пред. тек. и кап. тр/ри за чужбина,ДБ,"6,1"
VIII. ИКОНОМИЧЕСКИ ДЕЙНОСТИ И УСЛУГИ,Е. ДРУГИ ДЕЙНОСТИ ПО ИКОНОМИКАТА,line,Пред. тек. и кап. тр/ри за чужбина,Общини,"0,2"
VIII. ИКОНОМИЧЕСКИ ДЕЙНОСТИ И УСЛУГИ,Е. ДРУГИ ДЕЙНОСТИ ПО ИКОНОМИКАТА,line,Пред. тек. и кап. тр/ри за чужбина,ДМП,"0,01"
VIII. ИКОНОМИЧЕСКИ ДЕЙНОСТИ И УСЛУГИ,Е. ДРУГИ ДЕЙНОСТИ ПО ИКОНОМИКАТА,line,Пред. тек. и кап. тр/ри за чужбина,ЕВРОП. СР/ВА,"0,8"
"IХ. РАЗХОДИ, НЕКЛАСИФИЦИРАНИ В ДРУГИТЕ ФУНКЦИИ",,function,"IХ. РАЗХОДИ, НЕКЛАСИФИЦИРАНИ В ДРУГИТЕ ФУНКЦИИ",КФП,"1 009,0"
"IХ. РАЗХОДИ, НЕКЛАСИФИЦИРАНИ В ДРУГИТЕ ФУНКЦИИ",,function,"IХ. РАЗХОДИ, НЕКЛАСИФИЦИРАНИ В ДРУГИТЕ ФУНКЦИИ",ДБ,"953,4"
"IХ. РАЗХОДИ, НЕКЛАСИФИЦИРАНИ В ДРУГИТЕ ФУНКЦИИ",,function,"IХ. РАЗХОДИ, НЕКЛАСИФИЦИРАНИ В ДРУГИТЕ ФУНКЦИИ",Соц. осигуряване,"2,4"
"IХ. РАЗХОДИ, НЕКЛАСИФИЦИРАНИ В ДРУГИТЕ ФУНКЦИИ",,function,"IХ. РАЗХОДИ, НЕКЛАСИФИЦИРАНИ В ДРУГИТЕ ФУНКЦИИ",ДВУ,"0,2"
"IХ. РАЗХОДИ, НЕКЛАСИФИЦИРАНИ В ДРУГИТЕ ФУНКЦИИ",,function,"IХ. РАЗХОДИ, НЕКЛАСИФИЦИРАНИ В ДРУГИТЕ ФУНКЦИИ",БАН,"0,0035"
"IХ. РАЗХОДИ, НЕКЛАСИФИЦИРАНИ В ДРУГИТЕ ФУНКЦИИ",,function,"IХ. РАЗХОДИ, НЕКЛАСИФИЦИРАНИ В ДРУГИТЕ ФУНКЦИИ",ССА,"0,01"
"IХ. РАЗХОДИ, НЕКЛАСИФИЦИРАНИ В ДРУГИТЕ ФУНКЦИИ",,function,"IХ. РАЗХОДИ, НЕКЛАСИФИЦИРАНИ В ДРУГИТЕ ФУНКЦИИ",БНТ,"0,0003"
"IХ. РАЗХОДИ, НЕКЛАСИФИЦИРАНИ В ДРУГИТЕ ФУНКЦИИ",,function,"IХ. РАЗХОДИ, НЕКЛАСИФИЦИРАНИ В ДРУГИТЕ ФУНКЦИИ",БНР,"0,0001"
"IХ. РАЗХОДИ, НЕКЛАСИФИЦИРАНИ В ДРУГИТЕ ФУНКЦИИ",,function,"IХ. РАЗХОДИ, НЕКЛАСИФИЦИРАНИ В ДРУГИТЕ ФУНКЦИИ",Общини,"53,0"
"IХ. РАЗХОДИ, НЕКЛАСИФИЦИРАНИ В ДРУГИТЕ ФУНКЦИИ",,function,"IХ. РАЗХОДИ, НЕКЛАСИФИЦИРАНИ В ДРУГИТЕ ФУНКЦИИ",Европ. ср/ва,"0,02"
"IХ. РАЗХОДИ, НЕКЛАСИФИЦИРАНИ В ДРУГИТЕ ФУНКЦИИ",,line,Лихвени разходи,КФП,"1 009,0"
"IХ. РАЗХОДИ, НЕКЛАСИФИЦИРАНИ В ДРУГИТЕ ФУНКЦИИ",,line,Лихвени разходи,ДБ,"953,4"
"IХ. РАЗХОДИ, НЕКЛАСИФИЦИРАНИ В ДРУГИТЕ ФУНКЦИИ",,line,Лихвени разходи,Соц. осигуряване,"2,4"
"IХ. РАЗХОДИ, НЕКЛАСИФИЦИРАНИ В ДРУГИТЕ ФУНКЦИИ",,line,Лихвени разходи,ДВУ,"0,2"
"IХ. РАЗХОДИ, НЕКЛАСИФИЦИРАНИ В ДРУГИТЕ ФУНКЦИИ",,line,Лихвени разходи,БАН,"0,0035"
"IХ. РАЗХОДИ, НЕКЛАСИФИЦИРАНИ В ДРУГИТЕ ФУНКЦИИ",,line,Лихвени разходи,ССА,"0,01"
"IХ. РАЗХОДИ, НЕКЛАСИФИЦИРАНИ В ДРУГИТЕ ФУНКЦИИ",,line,Лихвени разходи,БНТ,"0,0003"
"IХ. РАЗХОДИ, НЕКЛАСИФИЦИРАНИ В ДРУГИТЕ ФУНКЦИИ",,line,Лихвени разходи,БНР,"0,0001"
"IХ. РАЗХОДИ, НЕКЛАСИФИЦИРАНИ В ДРУГИТЕ ФУНКЦИИ",,line,Лихвени разходи,Общини,"53,0"
"IХ. РАЗХОДИ, НЕКЛАСИФИЦИРАНИ В ДРУГИТЕ ФУНКЦИИ",,line,Лихвени разходи,Европ. ср/ва,"0,02"
