table_idx,caption,row_no,label,law_kBGN,adjusted_kBGN,actual_kBGN
1,Приложение 1. Текущ отчет на бюджета на НЗОК към 31.12.2025 г. и сравнение с изпълнението към 31.12.2024 г. (в лева),I.,ПРИХОДИ И ТРАНСФЕРИ - ВСИЧКО,8168353.1,8357467.773,8345170.602
1,Приложение 1. Текущ отчет на бюджета на НЗОК към 31.12.2025 г. и сравнение с изпълнението към 31.12.2024 г. (в лева),1.,Здравноосигурителни приходи,7958809.6,8103907.959,8091560.496
1,Приложение 1. Текущ отчет на бюджета на НЗОК към 31.12.2025 г. и сравнение с изпълнението към 31.12.2024 г. (в лева),1.1.,Здравноосигурителни вноски,4880099.2,5019239.559,5006892.178
1,Приложение 1. Текущ отчет на бюджета на НЗОК към 31.12.2025 г. и сравнение с изпълнението към 31.12.2024 г. (в лева),1.2.,Трансфери за здравно осигуряване,3078710.4,3084668.4,3084668.318
1,Приложение 1. Текущ отчет на бюджета на НЗОК към 31.12.2025 г. и сравнение с изпълнението към 31.12.2024 г. (в лева),2.,Неданъчни приходи и други приходи (помощи и дарения),30776.6,30776.6,31425.006
1,Приложение 1. Текущ отчет на бюджета на НЗОК към 31.12.2025 г. и сравнение с изпълнението към 31.12.2024 г. (в лева),3.,Получени трансфери от Министерството на здравеопазването за :,178766.9,215498.1,214899.986
1,Приложение 1. Текущ отчет на бюджета на НЗОК към 31.12.2025 г. и сравнение с изпълнението към 31.12.2024 г. (в лева),3.1.,"Лекарствени продукти – ваксини и дейности по чл. 82, ал. 2, т. 3 от ЗЗ",26772.3,20884.144,20483.261
1,Приложение 1. Текущ отчет на бюджета на НЗОК към 31.12.2025 г. и сравнение с изпълнението към 31.12.2024 г. (в лева),3.2.,"Дейности за здравно неосигурени лица по чл. 82, ал. 1, т. 1а, 2, 3а и 6б от ЗЗ",8789,19327.531,19313.25
1,Приложение 1. Текущ отчет на бюджета на НЗОК към 31.12.2025 г. и сравнение с изпълнението към 31.12.2024 г. (в лева),3.3.,"Суми по чл. 37, ал. 6 от ЗЗО",16035,15005.992,15004.166
1,Приложение 1. Текущ отчет на бюджета на НЗОК към 31.12.2025 г. и сравнение с изпълнението към 31.12.2024 г. (в лева),3.4.,"Дейности във връзка с лечение на лица до 18-годишна възраст по чл. 82, ал. 1а, 3 и 6 от ЗЗ и на лица над 18-годишна възраст по чл. 82, ал. 1а, 3 и 6 от ЗЗ",72170.6,114686.882,114525.555
1,Приложение 1. Текущ отчет на бюджета на НЗОК към 31.12.2025 г. и сравнение с изпълнението към 31.12.2024 г. (в лева),3.5.,"Помощни средства, приспособления, съоръжения и медицински изделия за хората с увреждания, извън обхвата на задължителното здравно осигуряване",55000,36593.551,36590.704
1,Приложение 1. Текущ отчет на бюджета на НЗОК към 31.12.2025 г. и сравнение с изпълнението към 31.12.2024 г. (в лева),3.6.,"Допълнителен трансфер от МЗ за организирането и провеждането на скрининг на заболявания, свързани с репродуктивнито здраве на жените - скрининг на злокачествени новообразувания на шийката на матката.",,9000,9000
1,Приложение 1. Текущ отчет на бюджета на НЗОК към 31.12.2025 г. и сравнение с изпълнението към 31.12.2024 г. (в лева),3.7.,"Допълнителен трансфер от МЗ по чл.15а, ал.1 от Закона за мерките и действията по време на извънредното положение, обявено с решение на Народното събрание от 13 март 2020 г., и за преодоляване на последиците",,,-16.95
1,Приложение 1. Текущ отчет на бюджета на НЗОК към 31.12.2025 г. и сравнение с изпълнението към 31.12.2024 г. (в лева),4.,Трансфер от централния бюджет по ПМС №79 и №137 от 2024 г.,0,7285.114,7285.114
1,Приложение 1. Текущ отчет на бюджета на НЗОК към 31.12.2025 г. и сравнение с изпълнението към 31.12.2024 г. (в лева),5.,Трансфери за поети осигурителни вноски и данъци,,,0
2,Приложение 1. Текущ отчет на бюджета на НЗОК към 31.12.2025 г. и сравнение с изпълнението към 31.12.2024 г. (в лева),II.,РАЗХОДИ И ТРАНСФЕРИ - ВСИЧКО,8168353.1,8357467.773,8340238.417
2,Приложение 1. Текущ отчет на бюджета на НЗОК към 31.12.2025 г. и сравнение с изпълнението към 31.12.2024 г. (в лева),1.,РАЗХОДИ,8168353.1,8357533.992,8340304.636
2,Приложение 1. Текущ отчет на бюджета на НЗОК към 31.12.2025 г. и сравнение с изпълнението към 31.12.2024 г. (в лева),1.1.,Текущи разходи,7924588.8,8353808.792,8336790.307
2,Приложение 1. Текущ отчет на бюджета на НЗОК към 31.12.2025 г. и сравнение с изпълнението към 31.12.2024 г. (в лева),1.1.1.,Разходи за персонал,79680.5,86977.673,86723.424
2,Приложение 1. Текущ отчет на бюджета на НЗОК към 31.12.2025 г. и сравнение с изпълнението към 31.12.2024 г. (в лева),1.1.2.,Издръжка на административните дейности,35210,24264.16,22673.128
2,Приложение 1. Текущ отчет на бюджета на НЗОК към 31.12.2025 г. и сравнение с изпълнението към 31.12.2024 г. (в лева),1.1.3.,Здравноосигурителни плащания,7630931.4,8027068.859,8020567.158
2,Приложение 1. Текущ отчет на бюджета на НЗОК към 31.12.2025 г. и сравнение с изпълнението към 31.12.2024 г. (в лева),1.1.3.1.,Първична извънболнична медицинска помощ,558038.5,560272.491,560263.954
2,Приложение 1. Текущ отчет на бюджета на НЗОК към 31.12.2025 г. и сравнение с изпълнението към 31.12.2024 г. (в лева),1.1.3.2.,Специализирана извънболнична медицинска помощ (включително за комплексно диспансерно (амбулаторно) наблюдение),567208.1,574772.994,574692.457
2,Приложение 1. Текущ отчет на бюджета на НЗОК към 31.12.2025 г. и сравнение с изпълнението към 31.12.2024 г. (в лева),1.1.3.3.,Дентална помощ (включително за заплащане изработката на медицинско изделие „тотална зъбна протеза“),358882.3,372055.3,372044.057
2,Приложение 1. Текущ отчет на бюджета на НЗОК към 31.12.2025 г. и сравнение с изпълнението към 31.12.2024 г. (в лева),1.1.3.4.,Медико-диагностична дейност,261845.4,261845.4,260683.074
2,Приложение 1. Текущ отчет на бюджета на НЗОК към 31.12.2025 г. и сравнение с изпълнението към 31.12.2024 г. (в лева),1.1.3.5.,"Лекарствени продукти, медицински изделия и диетични храни за специални медицински цели за домашно лечение на територията на страната; за заплащане на дейностите по отпускане на лекарствени продукти, включени в ПЛС по чл. 262, ал. 6, т. 1 от ЗЛПХМ с ниво на заплащане 100 на сто, медицински изделия и диетични храни за специални медицински цели за домашно лечение, и финансиране на аптеки по критериите по чл. 45, ал. 17, т. 4б от ЗЗО; за лекарствени продукти за лечение на злокачествени заболявания, включени в пакета здравни дейности, гарантиран от бюджета на НЗОК, и прилагани в условията на болничната медицинска помощ, които НЗОК заплаща извън стойността на оказваните медицински услуги; лекарствени продукти за домашно лечение на територията на страната за вродени коагулопатии и при животозастрашаващи кръвоизливи и спешни оперативни и инвазивни интервенции при пациенти с коагулопатии, включени в пакета здравни дейности, гарантиран от бюджета на НЗОК, и прилагани в условията на болнична […]",2028544.7,2087517.222,2083116.457
2,Приложение 1. Текущ отчет на бюджета на НЗОК към 31.12.2025 г. и сравнение с изпълнението към 31.12.2024 г. (в лева),1.1.3.5.1.,"в т.ч. за заплащане на дейностите по отпускане на лекарствени продукти, включени в ПЛС по чл. 262, ал. 6, т. 1 от ЗЛПХМ с ниво на заплащане 100 на сто, медицински изделия, за които стойността, която НЗОК заплаща, е равна на цената по смисъла на § 1, т. 29а от допълнителните разпоредби на ЗМИ, и диетични храни за специални медицински цели за домашно лечение, и до 11 млн. лв. за финансиране на аптеки по критериите по чл. 45, ал. 17, т. 4б от ЗЗО",45220.5,66809.472,66809.432
2,Приложение 1. Текущ отчет на бюджета на НЗОК към 31.12.2025 г. и сравнение с изпълнението към 31.12.2024 г. (в лева),1.1.3.5.2.,в т.ч. за медицински изделия за домашно лечение на територията на страната,43888.9,45606.656,45606.615
2,Приложение 1. Текущ отчет на бюджета на НЗОК към 31.12.2025 г. и сравнение с изпълнението към 31.12.2024 г. (в лева),1.1.3.5.3.,в т.ч. за лекарствени продукти и диетични храни за специални медицински цели за домашно лечение на територията на страната,1029425.7,1029945.315,1026942.424
2,Приложение 1. Текущ отчет на бюджета на НЗОК към 31.12.2025 г. и сравнение с изпълнението към 31.12.2024 г. (в лева),1.1.3.5.3.1.,"в т.ч. за лекарствени продукти за домашно лечение на територията на страната, назначени с протокол, за които се извърша експертиза по чл. 78, т. 2 от ЗЗО, с изключение на тези по т. 1.1.3.5.5, изречение първо",698994.5,649457.725,646454.879
2,Приложение 1. Текущ отчет на бюджета на НЗОК към 31.12.2025 г. и сравнение с изпълнението към 31.12.2024 г. (в лева),1.1.3.5.3.1.1.,в т.ч. плащания към аптеки,,,993761.806
2,Приложение 1. Текущ отчет на бюджета на НЗОК към 31.12.2025 г. и сравнение с изпълнението към 31.12.2024 г. (в лева),1.1.3.5.3.1.2.,"в т.ч. възстановените разходи от ПРУ, съгласно Наредба 10/2009",,,-347306.927
2,Приложение 1. Текущ отчет на бюджета на НЗОК към 31.12.2025 г. и сравнение с изпълнението към 31.12.2024 г. (в лева),1.1.3.5.3.2.,"в т.ч. за лекарствени продукти за домашно лечение на територията на страната, назначени без протокол, за които не се извършва експертиза по чл. 78, т. 2 от ЗЗО и за лекарствени продукти по лекарско предписание за домашно лечение на остри инфекциозни заболявания, включително антибактериални лекарствени продукти, на територията на страната на лица до 7-годишна възраст",330431.2,376710.208,376710.163
2,Приложение 1. Текущ отчет на бюджета на НЗОК към 31.12.2025 г. и сравнение с изпълнението към 31.12.2024 г. (в лева),1.1.3.5.3.2.1.,в т.ч. плащания към аптеки,,,473017.262
2,Приложение 1. Текущ отчет на бюджета на НЗОК към 31.12.2025 г. и сравнение с изпълнението към 31.12.2024 г. (в лева),1.1.3.5.3.2.2.,"в т.ч. възстановените разходи от ПРУ, съгласно Наредба 10/2009",,,-96307.099
2,Приложение 1. Текущ отчет на бюджета на НЗОК към 31.12.2025 г. и сравнение с изпълнението към 31.12.2024 г. (в лева),1.1.3.5.3.3.,в т.ч. за диетични храни за специални медицински цели за домашно лечение на територията на страната,,3777.382,3777.382
2,Приложение 1. Текущ отчет на бюджета на НЗОК към 31.12.2025 г. и сравнение с изпълнението към 31.12.2024 г. (в лева),1.1.3.5.4.,"в т.ч. за лекарствени продукти за лечение на злокачествени заболявания, включени в пакета здравни дейности, гарантиран от бюджета на НЗОК, и прилагани в условията на болнична медицинска помощ, които НЗОК заплаща извън стойността на оказваните медицински услуги, с изключение на тези по т. 1.1.3.5.6",910009.6,885754.374,884356.591
2,Приложение 1. Текущ отчет на бюджета на НЗОК към 31.12.2025 г. и сравнение с изпълнението към 31.12.2024 г. (в лева),1.1.3.5.4.1.,в т.ч. плащания към изпълнители на БМП,,,1337663.09
2,Приложение 1. Текущ отчет на бюджета на НЗОК към 31.12.2025 г. и сравнение с изпълнението към 31.12.2024 г. (в лева),1.1.3.5.4.2.,"в т.ч. възстановените разходи от ПРУ, съгласно Наредба 10/2009",,,-453306.499
2,Приложение 1. Текущ отчет на бюджета на НЗОК към 31.12.2025 г. и сравнение с изпълнението към 31.12.2024 г. (в лева),1.1.3.5.5.,"в т.ч. за лекарствени продукти за вродени коагулопатии за домашно лечение на територията на страната; лекарствени продукти при животозастрашаващи кръвоизливи и спешни оперативни и инвазивни интервенции при пациенти с коагулопатии, включени в пакета здравни дейности, гарантиран от бюджета на НЗОК, и прилагани в условията на болнична медицинска помощ, които НЗОК заплаща извън стойността на оказваните медицински услуги",,45248.655,45248.651
2,Приложение 1. Текущ отчет на бюджета на НЗОК към 31.12.2025 г. и сравнение с изпълнението към 31.12.2024 г. (в лева),1.1.3.5.5.1.,в т.ч. плащания към аптеки и изпълнители на БМП,,,50815.422
2,Приложение 1. Текущ отчет на бюджета на НЗОК към 31.12.2025 г. и сравнение с изпълнението към 31.12.2024 г. (в лева),1.1.3.5.5.2.,"в т.ч. възстановените разходи от ПРУ, съгласно Наредба 10/2009",,,-5566.771
2,Приложение 1. Текущ отчет на бюджета на НЗОК към 31.12.2025 г. и сравнение с изпълнението към 31.12.2024 г. (в лева),1.1.3.5.6.,"в т.ч. за антинеопластични лекарствени продукти по чл. 6, ал. 1, прилагани при базова химиотерапия за лечение на злокачествени заболявания, включени в пакета здравни дейности, гарантиран от бюджета на НЗОК, и прилагани в условията на болнична медицинска помощ, които НЗОК заплаща извън стойността на оказваните медицински услуги",,14152.75,14152.744
2,Приложение 1. Текущ отчет на бюджета на НЗОК към 31.12.2025 г. и сравнение с изпълнението към 31.12.2024 г. (в лева),1.1.3.5.6.1.,в т.ч. плащания към изпълнители на БМП,,,15926.057
2,Приложение 1. Текущ отчет на бюджета на НЗОК към 31.12.2025 г. и сравнение с изпълнението към 31.12.2024 г. (в лева),1.1.3.5.6.2.,"в т.ч. възстановените разходи от ПРУ, съгласно Наредба 10/2009",,,-1773.313
2,Приложение 1. Текущ отчет на бюджета на НЗОК към 31.12.2025 г. и сравнение с изпълнението към 31.12.2024 г. (в лева),1.1.3.6.,"Медицински изделия, прилагани в болничната медицинска помощ, които НЗОК заплаща извън стойността на оказваните медицински услуги",162222.6,180467.219,180376.076
2,Приложение 1. Текущ отчет на бюджета на НЗОК към 31.12.2025 г. и сравнение с изпълнението към 31.12.2024 г. (в лева),1.1.3.6.1.,"в т.ч. медицински изделия за биомаркерна диагностика при онкологични заболявания, прилагани в болничната медицинска помощ, които НЗОК заплаща извън стойността на оказваните медицински услуги",,,
2,Приложение 1. Текущ отчет на бюджета на НЗОК към 31.12.2025 г. и сравнение с изпълнението към 31.12.2024 г. (в лева),1.1.3.7.,Болнична медицинска помощ,3572644.4,3913592.833,3912994.83
2,Приложение 1. Текущ отчет на бюджета на НЗОК към 31.12.2025 г. и сравнение с изпълнението към 31.12.2024 г. (в лева),1.1.3.7.1.,в т.ч. за дейностите в болнична медицинска помощ,3512644.4,3853592.833,3852995.611
2,Приложение 1. Текущ отчет на бюджета на НЗОК към 31.12.2025 г. и сравнение с изпълнението към 31.12.2024 г. (в лева),1.1.3.7.2.,"в т.ч. за финансиране осигуряването на медицински персонал в лечебните заведения по чл. 55, ал. 2, т. 3в, буква „а“ от ЗЗО за болнична помощ",30000,30000,29999.993
2,Приложение 1. Текущ отчет на бюджета на НЗОК към 31.12.2025 г. и сравнение с изпълнението към 31.12.2024 г. (в лева),1.1.3.7.3.,"в т.ч. за финансиране осигуряването на медицински персонал в лечебни заведения за болнична помощ по чл. 55, ал. 2, т. 3в, буква „б“ от ЗЗО",30000,30000,29999.226
2,Приложение 1. Текущ отчет на бюджета на НЗОК към 31.12.2025 г. и сравнение с изпълнението към 31.12.2024 г. (в лева),1.1.3.8.,други здравноосигурителни плащания,121545.4,76545.4,76396.253
2,Приложение 1. Текущ отчет на бюджета на НЗОК към 31.12.2025 г. и сравнение с изпълнението към 31.12.2024 г. (в лева),1.1.3.8.1.,"в т.ч. за медицинска помощ, оказана в съответствие с правилата за координация на системите за социална сигурност и за поставяне на ваксини срещу COVID-19 за здравноосигурени лица",121545.4,76545.4,76396.253
2,Приложение 1. Текущ отчет на бюджета на НЗОК към 31.12.2025 г. и сравнение с изпълнението към 31.12.2024 г. (в лева),1.1.4.,"Плащания от трансфери от Министерството на здравеопазването по ал. 1, ред 3, за:",178766.9,215498.1,206843.547
2,Приложение 1. Текущ отчет на бюджета на НЗОК към 31.12.2025 г. и сравнение с изпълнението към 31.12.2024 г. (в лева),1.1.4.1.,"лекарствени продукти – ваксини и дейности по чл. 82, ал. 2, т. 3 от ЗЗ",26772.3,20884.144,20882.313
2,Приложение 1. Текущ отчет на бюджета на НЗОК към 31.12.2025 г. и сравнение с изпълнението към 31.12.2024 г. (в лева),1.1.4.2.,"дейности за здравно неосигурени лица по чл. 82, ал. 1, т. 1а, 2, 3а и 6б от ЗЗ",8789,19327.531,19293.479
2,Приложение 1. Текущ отчет на бюджета на НЗОК към 31.12.2025 г. и сравнение с изпълнението към 31.12.2024 г. (в лева),1.1.4.3.,"суми по чл. 37, ал. 6 от ЗЗО",16035,15005.992,15003.967
2,Приложение 1. Текущ отчет на бюджета на НЗОК към 31.12.2025 г. и сравнение с изпълнението към 31.12.2024 г. (в лева),1.1.4.4.,"дейности във връзка с лечение на лица до 18-годишна възраст по чл. 82, ал. 1а, 3 и 6 от ЗЗ и на лица над 18-годишна възраст по чл. 82, ал. 1а, 3 и 6 от ЗЗ",72170.6,114686.882,114554.596
2,Приложение 1. Текущ отчет на бюджета на НЗОК към 31.12.2025 г. и сравнение с изпълнението към 31.12.2024 г. (в лева),1.1.4.5.,"помощни средства, приспособления, съоръжения и медицински изделия за хората с увреждания, извън обхвата на задължителното здравно осигуряване",55000,36593.551,36563.503
2,Приложение 1. Текущ отчет на бюджета на НЗОК към 31.12.2025 г. и сравнение с изпълнението към 31.12.2024 г. (в лева),1.1.4.6.,"организирането и провеждането на скрининг на заболявания, свързани с репродуктивнито здраве на жените - скрининг на злокачествени новообразувания на шийката на матката.",,9000,545.689
2,Приложение 1. Текущ отчет на бюджета на НЗОК към 31.12.2025 г. и сравнение с изпълнението към 31.12.2024 г. (в лева),1.1.5.,"Плащания от трансфер от Министерството на здравеопазването на изпълнителите на медицинска помощ, за персонала пряко ангажиран с дейности по време на извънредна епидемична обстановка, поради епидемично разпространение на COVID -19, съгласно чл. 15а, ал.1 от Закона за мерките и действията по време на извънредното положение, обявено с решение на Народното събрание от 13 март 2020 г., и за преодоляване на последиците:",0,0,-16.95
2,Приложение 1. Текущ отчет на бюджета на НЗОК към 31.12.2025 г. и сравнение с изпълнението към 31.12.2024 г. (в лева),1.1.5.2.,субсидии и други текущи трансфери за нефинансови предприятия (други субсидии и плащания),,0,-16.95
2,Приложение 1. Текущ отчет на бюджета на НЗОК към 31.12.2025 г. и сравнение с изпълнението към 31.12.2024 г. (в лева),1.2.,Придобиване на нефинансови активи,5000,3725.2,3514.329
2,Приложение 1. Текущ отчет на бюджета на НЗОК към 31.12.2025 г. и сравнение с изпълнението към 31.12.2024 г. (в лева),1.3.,"Резерв, включително за непредвидени и неотложни разходи",238764.3,0,0
2,Приложение 1. Текущ отчет на бюджета на НЗОК към 31.12.2025 г. и сравнение с изпълнението към 31.12.2024 г. (в лева),2.,"Предоставени трансфери на бюджетни организации, сключили договори за извършване на медицински услуги с НЗОК, в т.ч.:",,0,0
2,Приложение 1. Текущ отчет на бюджета на НЗОК към 31.12.2025 г. и сравнение с изпълнението към 31.12.2024 г. (в лева),3.,Трансфери между бюджети и сметки за средствата от ЕС (нето),,-66.219,-66.219
2,Приложение 1. Текущ отчет на бюджета на НЗОК към 31.12.2025 г. и сравнение с изпълнението към 31.12.2024 г. (в лева),3.1.,предоставени трансфери,,-66.219,-66.219
3,Приложение 1. Текущ отчет на бюджета на НЗОК към 31.12.2025 г. и сравнение с изпълнението към 31.12.2024 г. (в лева),III.,Дефицит (-) / излишък (+),,0,4932.185
